Nation,Total Units,Total Fatalities,Total Serious Injuries,Total Minor Injuries,Year,Month,Day,Time,Speed Limit,Moisture,Adverse Weather Conditions,DayNight,Crash Type,Crash Severity,Alcohol Related ,Drug Related
AUS, 2, 0, 0, 0, 2017, January, Thursday, 03:30 pm, 050, Dry, N, Daylight, Right Angle, Not Injured, N, N
AUS, 2, 0, 0, 1, 2017, January, Thursday, 12:30 pm, 080, Dry, N, Daylight, Hit Fixed Object, Minor Injury, N, N
AUS, 2, 0, 0, 0, 2017, January, Friday, 09:30 am, 060, Dry, N, Daylight, Hit Fixed Object, Not Injured, Y, N
AUS, 2, 0, 0, 0, 2017, February, Wednesday, 05:15 pm, 040, Dry, N, Daylight, Right Angle, Not Injured, N, N
AUS, 2, 0, 0, 0, 2017, January, Thursday, 10:00 pm, 050, Dry, N, Night, Hit Fixed Object, Not Injured, N, N
AUS, 2, 0, 0, 0, 2017, January, Friday, 10:30 am, 050, Dry, N, Daylight, Right Angle, Not Injured, N, N
AUS, 2, 0, 0, 0, 2017, January, Friday, 01:45 pm, 050, Dry, N, Daylight, Rear End, Not Injured, N, N
AUS, 2, 0, 0, 0, 2017, January, Wednesday, 05:00 pm, 050, Dry, N, Daylight, Rear End, Not Injured, N, N
AUS, 4, 0, 0, 2, 2017, January, Friday, 12:35 pm, 060, Dry, N, Daylight, Rear End, Minor Injury, N, N
AUS, 2, 0, 1, 0, 2017, January, Wednesday, 05:30 pm, 100, Dry, N, Daylight, Hit Fixed Object, Major Injury, N, N
AUS, 2, 0, 0, 1, 2017, January, Friday, 03:10 pm, 050, Dry, N, Daylight, Right Angle, Minor Injury, N, N
AUS, 2, 0, 0, 0, 2017, January, Friday, 04:30 pm, 060, Dry, N, Daylight, Right Angle, Not Injured, N, N
AUS, 2, 0, 0, 1, 2017, January, Friday, 03:30 pm, 060, Dry, N, Daylight, Rear End, Minor Injury, N, N
AUS, 2, 0, 0, 0, 2017, January, Friday, 04:00 pm, 060, Dry, N, Daylight, Right Angle, Not Injured, N, N
AUS, 2, 0, 1, 0, 2017, January, Friday, 05:20 pm, 050, Dry, N, Daylight, Right Angle, Major Injury, N, N
AUS, 2, 0, 0, 0, 2017, January, Thursday, 06:40 pm, 060, Dry, N, Daylight, Hit Fixed Object, Not Injured, Y, N
AUS, 4, 0, 0, 1, 2017, January, Friday, 05:45 pm, 090, Dry, N, Daylight, Hit Fixed Object, Minor Injury, N, N
AUS, 2, 2, 1, 0, 2017, January, Friday, 03:25 pm, 090, Dry, N, Daylight, Right Angle, Fatal, N, N
AUS, 2, 0, 0, 0, 2017, January, Saturday, 02:00 am, 060, Dry, N, Night, Right Angle, Not Injured, N, N
AUS, 2, 0, 0, 0, 2017, January, Saturday, 01:08 am, 050, Dry, N, Night, Hit Fixed Object, Not Injured, N, N
AUS, 2, 0, 0, 0, 2017, January, Saturday, 01:40 am, 060, Dry, N, Night, Hit Fixed Object, Not Injured, N, N
AUS, 2, 0, 0, 0, 2017, January, Saturday, 05:35 am, 050, Dry, N, Night, Hit Fixed Object, Not Injured, Y, N
AUS, 2, 0, 0, 0, 2017, January, Saturday, 01:10 am, 050, Dry, N, Night, Hit Fixed Object, Not Injured, N, N
AUS, 2, 0, 0, 2, 2017, January, Friday, 12:15 pm, 060, Dry, N, Daylight, Right Angle, Minor Injury, N, N
AUS, 2, 0, 0, 0, 2017, January, Saturday, 11:50 am, 060, Dry, N, Daylight, Hit Fixed Object, Not Injured, N, N
AUS, 2, 0, 0, 0, 2017, January, Saturday, 10:50 am, 040, Dry, N, Daylight, Right Angle, Not Injured, N, N
AUS, 2, 0, 0, 0, 2017, January, Saturday, 12:00 pm, 050, Dry, N, Daylight, Right Angle, Not Injured, N, N
AUS, 2, 0, 0, 2, 2017, January, Friday, 10:23 pm, 060, Dry, N, Night, Hit Fixed Object, Minor Injury, Y, N
AUS, 2, 0, 0, 4, 2017, January, Saturday, 01:58 pm, 080, Dry, N, Daylight, Head On, Minor Injury, N, N
AUS, 2, 0, 0, 0, 2017, January, Saturday, 12:00 pm, 060, Dry, N, Daylight, Hit Fixed Object, Not Injured, N, N
AUS, 2, 0, 0, 0, 2017, January, Friday, 11:18 am, 060, Dry, N, Daylight, Side Swipe, Not Injured, N, N
AUS, 4, 0, 0, 1, 2017, January, Saturday, 02:55 pm, 060, Dry, N, Daylight, Hit Fixed Object, Minor Injury, N, N
AUS, 2, 0, 0, 0, 2017, January, Saturday, 02:15 pm, 100, Dry, N, Daylight, Hit Fixed Object, Not Injured, N, N
AUS, 3, 0, 0, 0, 2017, January, Saturday, 05:25 pm, 060, Dry, N, Daylight, Rear End, Not Injured, N, N
AUS, 2, 0, 0, 0, 2017, January, Saturday, 08:13 pm, 050, Dry, N, Daylight, Hit Fixed Object, Not Injured, Y, N
AUS, 2, 0, 0, 1, 2017, January, Sunday, 02:00 am, 050, Dry, N, Night, Hit Fixed Object, Minor Injury, Y, N
AUS, 3, 0, 0, 1, 2017, January, Saturday, 12:30 pm, 060, Dry, N, Daylight, Rear End, Minor Injury, N, N
AUS, 3, 0, 0, 0, 2017, January, Saturday, 08:30 am, 080, Dry, N, Daylight, Rear End, Not Injured, N, N
AUS, 2, 0, 0, 1, 2017, January, Sunday, 11:45 am, 060, Dry, N, Daylight, Right Angle, Minor Injury, N, N
AUS, 2, 0, 0, 0, 2017, January, Saturday, 12:36 pm, 060, Dry, N, Daylight, Right Angle, Not Injured, N, N
AUS, 3, 0, 0, 0, 2017, January, Sunday, 11:15 am, 060, Dry, N, Daylight, Rear End, Not Injured, N, N
AUS, 2, 0, 0, 0, 2017, January, Sunday, 09:50 am, 060, Dry, N, Daylight, Rear End, Not Injured, N, N
AUS, 3, 0, 0, 1, 2017, January, Sunday, 12:00 pm, 080, Dry, N, Daylight, Rear End, Minor Injury, N, N
AUS, 3, 0, 0, 1, 2017, January, Sunday, 10:45 am, 060, Dry, N, Daylight, Right Angle, Minor Injury, N, N
AUS, 2, 0, 0, 1, 2017, January, Sunday, 12:40 pm, 060, Dry, N, Daylight, Right Angle, Minor Injury, N, N
AUS, 2, 0, 0, 0, 2017, January, Saturday, 07:38 pm, 080, Dry, N, Daylight, Hit Fixed Object, Not Injured, Y, N
AUS, 2, 0, 0, 0, 2017, January, Saturday, 05:45 pm, 050, Dry, N, Daylight, Right Angle, Not Injured, N, N
AUS, 3, 0, 0, 2, 2017, January, Sunday, 07:00 pm, 060, Dry, N, Daylight, Rear End, Minor Injury, N, N
AUS, 2, 0, 0, 0, 2017, January, Sunday, 06:15 pm, 060, Dry, N, Daylight, Right Angle, Not Injured, N, N
AUS, 2, 0, 0, 0, 2017, January, Sunday, 08:00 pm, 060, Dry, N, Daylight, Right Angle, Not Injured, N, N
AUS, 2, 0, 0, 0, 2017, January, Sunday, 10:00 pm, 060, Dry, N, Night, Hit Fixed Object, Not Injured, N, Y
AUS, 2, 0, 0, 0, 2017, January, Sunday, 11:23 pm, 050, Dry, N, Night, Hit Fixed Object, Not Injured, N, Y
AUS, 2, 0, 0, 0, 2017, January, Monday, 06:00 am, 060, Dry, N, Night, Right Angle, Not Injured, N, N
AUS, 2, 0, 0, 0, 2017, January, Sunday, 12:50 pm, 050, Dry, N, Daylight, Right Angle, Not Injured, N, N
AUS, 2, 0, 0, 1, 2017, January, Sunday, 12:30 pm, 060, Dry, N, Daylight, Rear End, Minor Injury, N, N
AUS, 2, 0, 0, 1, 2017, January, Saturday, 03:50 pm, 050, Dry, N, Daylight, Rear End, Minor Injury, N, N
AUS, 2, 0, 0, 1, 2017, January, Monday, 10:43 am, 050, Dry, N, Daylight, Hit Pedestrian, Minor Injury, N, N
AUS, 2, 0, 0, 1, 2017, January, Sunday, 09:30 pm, 080, Dry, N, Night, Hit Fixed Object, Minor Injury, N, N
AUS, 2, 0, 0, 0, 2017, January, Monday, 11:40 am, 060, Dry, N, Daylight, Rear End, Not Injured, N, N
AUS, 2, 0, 0, 0, 2017, January, Sunday, 12:15 pm, 060, Dry, N, Daylight, Right Angle, Not Injured, N, N
AUS, 2, 0, 0, 0, 2017, January, Sunday, 01:15 pm, 060, Dry, N, Daylight, Right Angle, Not Injured, N, N
AUS, 2, 0, 0, 1, 2017, January, Wednesday, 04:30 pm, 110, Dry, N, Daylight, Hit Fixed Object, Minor Injury, N, N
AUS, 2, 0, 0, 0, 2017, January, Monday, 12:05 pm, 060, Dry, N, Daylight, Rear End, Not Injured, N, N
AUS, 2, 0, 0, 1, 2017, January, Monday, 10:45 am, 060, Dry, N, Daylight, Right Angle, Minor Injury, N, N
AUS, 2, 0, 0, 0, 2017, January, Monday, 12:30 pm, 080, Wet, Y, Daylight, Hit Fixed Object, Not Injured, N, N
AUS, 2, 0, 0, 1, 2017, January, Monday, 03:00 pm, 080, Dry, N, Daylight, Rear End, Minor Injury, N, N
AUS, 2, 0, 0, 0, 2017, January, Monday, 04:20 pm, 060, Dry, N, Daylight, Right Angle, Not Injured, N, N
AUS, 3, 0, 0, 1, 2017, January, Monday, 04:00 pm, 060, Dry, N, Daylight, Rear End, Minor Injury, N, N
AUS, 2, 0, 0, 1, 2017, January, Monday, 03:25 pm, 060, Dry, N, Daylight, Right Angle, Minor Injury, N, N
AUS, 2, 0, 0, 0, 2017, January, Monday, 05:10 pm, 060, Dry, N, Daylight, Right Angle, Not Injured, N, N
AUS, 2, 0, 0, 0, 2017, January, Monday, 06:05 pm, 050, Dry, N, Daylight, Right Angle, Not Injured, N, N
AUS, 2, 0, 0, 0, 2017, January, Tuesday, 12:20 am, 060, Dry, N, Night, Head On, Not Injured, N, N
AUS, 2, 0, 0, 1, 2017, January, Tuesday, 07:30 am, 060, Dry, N, Daylight, Rear End, Minor Injury, N, N
AUS, 2, 0, 0, 0, 2017, January, Monday, 12:34 pm, 070, Dry, N, Daylight, Right Angle, Not Injured, N, N
AUS, 4, 0, 0, 1, 2017, January, Tuesday, 07:45 am, 060, Dry, N, Daylight, Right Angle, Minor Injury, N, N
AUS, 2, 0, 0, 1, 2017, January, Tuesday, 07:12 am, 100, Dry, N, Daylight, Rear End, Minor Injury, N, N
AUS, 2, 0, 0, 0, 2017, January, Tuesday, 06:30 am, 060, Dry, N, Night, Rear End, Not Injured, N, N
AUS, 2, 0, 0, 0, 2017, January, Tuesday, 10:10 am, 040, Dry, N, Daylight, Rear End, Not Injured, N, N
AUS, 2, 0, 0, 0, 2017, January, Tuesday, 08:00 am, 050, Dry, N, Daylight, Right Angle, Not Injured, N, N
AUS, 2, 0, 0, 1, 2017, January, Monday, 05:00 pm, 060, Dry, N, Daylight, Rear End, Minor Injury, N, N
AUS, 3, 0, 0, 1, 2017, January, Tuesday, 11:15 am, 060, Dry, N, Daylight, Rear End, Minor Injury, N, N
AUS, 2, 0, 0, 1, 2017, January, Tuesday, 10:40 am, 050, Dry, N, Daylight, Rear End, Minor Injury, N, N
AUS, 2, 0, 0, 0, 2017, January, Saturday, 05:00 pm, 060, Dry, N, Daylight, Side Swipe, Not Injured, N, N
AUS, 2, 0, 0, 0, 2017, January, Friday, 02:30 pm, 060, Dry, N, Daylight, Hit Fixed Object, Not Injured, N, N
AUS, 2, 0, 0, 0, 2017, January, Tuesday, 11:30 am, 080, Dry, N, Daylight, Side Swipe, Not Injured, N, N
AUS, 2, 0, 0, 0, 2017, January, Monday, 05:20 pm, 050, Dry, N, Daylight, Side Swipe, Not Injured, N, N
AUS, 2, 0, 0, 1, 2017, January, Monday, 05:55 pm, 060, Dry, N, Daylight, Rear End, Minor Injury, N, N
AUS, 2, 0, 0, 0, 2017, January, Tuesday, 11:00 am, 050, Dry, N, Daylight, Side Swipe, Not Injured, N, N
AUS, 2, 0, 0, 0, 2017, January, Tuesday, 12:30 pm, 060, Dry, N, Daylight, Rear End, Not Injured, N, N
AUS, 2, 0, 0, 0, 2017, January, Tuesday, 01:30 pm, 050, Dry, N, Daylight, Rear End, Not Injured, N, N
AUS, 2, 0, 0, 0, 2017, January, Tuesday, 12:30 pm, 050, Dry, N, Daylight, Right Angle, Not Injured, N, N
AUS, 3, 0, 0, 2, 2017, January, Tuesday, 03:56 pm, 060, Dry, N, Daylight, Rear End, Minor Injury, N, N
AUS, 2, 0, 0, 1, 2017, January, Tuesday, 04:20 pm, 060, Dry, N, Daylight, Rear End, Minor Injury, N, N
AUS, 2, 0, 0, 1, 2017, January, Tuesday, 04:05 pm, 060, Dry, N, Daylight, Rear End, Minor Injury, N, N
AUS, 2, 0, 0, 1, 2017, January, Tuesday, 04:35 pm, 090, Dry, N, Daylight, Rear End, Minor Injury, N, Y
AUS, 2, 0, 0, 0, 2017, January, Tuesday, 06:00 pm, 060, Dry, N, Daylight, Rear End, Not Injured, N, N
AUS, 2, 0, 0, 0, 2017, January, Tuesday, 06:40 pm, 050, Dry, N, Daylight, Right Angle, Not Injured, N, N
AUS, 2, 0, 0, 1, 2017, February, Wednesday, 06:00 am, 060, Dry, N, Night, Right Angle, Minor Injury, N, N
AUS, 2, 0, 0, 0, 2017, January, Tuesday, 01:20 pm, 050, Dry, N, Daylight, Rear End, Not Injured, N, N
AUS, 3, 0, 0, 0, 2017, January, Tuesday, 12:35 pm, 050, Dry, N, Daylight, Rear End, Not Injured, N, N
AUS, 2, 0, 0, 0, 2017, January, Tuesday, 03:10 pm, 050, Dry, N, Daylight, Hit Fixed Object, Not Injured, N, N
AUS, 2, 0, 0, 0, 2017, February, Wednesday, 08:55 am, 050, Dry, N, Daylight, Right Angle, Not Injured, N, N
AUS, 2, 0, 0, 0, 2017, January, Tuesday, 01:00 pm, 050, Dry, N, Daylight, Hit Fixed Object, Not Injured, N, N
AUS, 3, 0, 0, 0, 2017, February, Wednesday, 07:50 am, 050, Dry, N, Daylight, Hit Fixed Object, Not Injured, N, N
AUS, 2, 0, 0, 0, 2017, January, Sunday, 10:00 am, 060, Dry, N, Daylight, Rear End, Not Injured, N, N
AUS, 2, 0, 0, 1, 2017, January, Tuesday, 04:45 pm, 060, Dry, N, Daylight, Rear End, Minor Injury, N, N
AUS, 2, 0, 0, 0, 2017, February, Wednesday, 10:25 am, 080, Dry, N, Daylight, Right Angle, Not Injured, N, N
AUS, 2, 0, 0, 1, 2017, February, Wednesday, 08:45 am, 060, Dry, N, Daylight, Rear End, Minor Injury, N, N
AUS, 2, 0, 0, 0, 2017, February, Wednesday, 10:00 am, 060, Dry, N, Daylight, Right Angle, Not Injured, N, N
AUS, 2, 0, 0, 0, 2017, February, Wednesday, 11:20 am, 060, Dry, N, Daylight, Side Swipe, Not Injured, N, N
AUS, 2, 0, 0, 1, 2017, January, Tuesday, 04:00 pm, 050, Dry, N, Daylight, Side Swipe, Minor Injury, N, N
AUS, 2, 0, 0, 0, 2017, January, Tuesday, 06:40 pm, 060, Dry, N, Daylight, Right Angle, Not Injured, N, N
AUS, 2, 0, 0, 0, 2017, January, Tuesday, 05:30 pm, 060, Dry, N, Daylight, Rear End, Not Injured, N, N
AUS, 2, 0, 0, 1, 2017, February, Wednesday, 11:00 am, 080, Dry, N, Daylight, Right Angle, Minor Injury, N, N
AUS, 2, 0, 0, 1, 2017, January, Monday, 05:55 pm, 060, Dry, N, Daylight, Rear End, Minor Injury, N, N
AUS, 3, 0, 0, 2, 2017, February, Wednesday, 04:54 pm, 090, Dry, N, Daylight, Rear End, Minor Injury, N, N
AUS, 2, 0, 0, 1, 2017, February, Wednesday, 05:35 pm, 080, Dry, N, Daylight, Right Angle, Minor Injury, N, N
AUS, 2, 0, 0, 0, 2017, February, Wednesday, 03:40 pm, 060, Dry, N, Daylight, Right Angle, Not Injured, N, N
AUS, 2, 0, 0, 0, 2017, February, Wednesday, 06:00 pm, 080, Dry, N, Daylight, Right Angle, Not Injured, N, N
AUS, 2, 0, 0, 0, 2017, February, Wednesday, 05:58 pm, 050, Dry, N, Daylight, Hit Fixed Object, Not Injured, N, N
AUS, 3, 0, 0, 1, 2017, February, Wednesday, 03:15 pm, 090, Dry, N, Daylight, Rear End, Minor Injury, N, N
AUS, 2, 0, 0, 2, 2017, February, Wednesday, 04:30 pm, 060, Dry, N, Daylight, Right Angle, Minor Injury, N, N
AUS, 3, 0, 0, 0, 2017, January, Tuesday, 06:28 pm, 060, Dry, N, Daylight, Rear End, Not Injured, N, N
AUS, 2, 0, 0, 1, 2017, February, Wednesday, 05:10 pm, 050, Dry, N, Daylight, Right Angle, Minor Injury, N, N
AUS, 3, 0, 0, 0, 2017, February, Wednesday, 07:15 pm, 060, Dry, N, Daylight, Rear End, Not Injured, N, N
AUS, 2, 0, 0, 1, 2017, February, Wednesday, 09:15 pm, 110, Dry, N, Night, Hit Fixed Object, Minor Injury, N, N
AUS, 2, 0, 0, 1, 2017, February, Wednesday, 11:50 am, 060, Dry, N, Daylight, Rear End, Minor Injury, N, N
AUS, 3, 0, 0, 0, 2017, February, Wednesday, 10:40 pm, 050, Dry, N, Night, Hit Fixed Object, Not Injured, N, N
AUS, 2, 0, 0, 0, 2017, February, Thursday, 12:25 am, 050, Dry, N, Night, Hit Fixed Object, Not Injured, N, N
AUS, 2, 0, 0, 0, 2017, February, Thursday, 02:30 am, 060, Dry, N, Night, Hit Fixed Object, Not Injured, N, N
AUS, 2, 0, 0, 1, 2017, February, Wednesday, 01:20 pm, 050, Dry, N, Daylight, Hit Pedestrian, Minor Injury, N, N
AUS, 3, 0, 0, 0, 2017, February, Wednesday, 12:10 pm, 060, Dry, N, Daylight, Rear End, Not Injured, N, N
AUS, 2, 0, 0, 0, 2017, February, Wednesday, 10:23 pm, 060, Dry, N, Night, Right Angle, Not Injured, N, N
AUS, 4, 0, 0, 2, 2017, February, Thursday, 08:25 am, 110, Dry, N, Daylight, Rear End, Minor Injury, N, Y
AUS, 5, 0, 0, 1, 2017, February, Thursday, 08:15 am, 080, Dry, N, Daylight, Rear End, Minor Injury, N, N
AUS, 2, 0, 0, 1, 2017, February, Wednesday, 12:35 pm, 060, Dry, N, Daylight, Right Angle, Minor Injury, N, N
AUS, 2, 0, 0, 0, 2017, February, Wednesday, 03:00 pm, 060, Dry, N, Daylight, Rear End, Not Injured, N, N
AUS, 3, 0, 0, 2, 2017, February, Thursday, 09:15 am, 110, Dry, N, Daylight, Right Angle, Minor Injury, N, N
AUS, 2, 0, 0, 0, 2017, February, Wednesday, 07:35 pm, 050, Dry, N, Daylight, Side Swipe, Not Injured, N, N
AUS, 2, 0, 0, 1, 2017, February, Thursday, 04:20 am, 100, Dry, N, Night, Hit Fixed Object, Minor Injury, N, N
AUS, 2, 0, 0, 0, 2017, February, Wednesday, 05:00 pm, 050, Dry, N, Daylight, Rear End, Not Injured, N, N
AUS, 2, 0, 0, 2, 2017, February, Wednesday, 06:08 pm, 060, Dry, N, Daylight, Rear End, Minor Injury, N, N
AUS, 3, 0, 0, 1, 2017, February, Thursday, 12:45 pm, 080, Dry, N, Daylight, Rear End, Minor Injury, N, N
AUS, 2, 0, 0, 0, 2017, February, Wednesday, 05:45 pm, 080, Dry, N, Daylight, Rear End, Not Injured, N, N
AUS, 3, 0, 0, 0, 2017, February, Wednesday, 09:00 pm, 050, Dry, N, Night, Rear End, Not Injured, N, N
AUS, 2, 0, 0, 1, 2017, February, Thursday, 07:45 am, 050, Dry, N, Daylight, Hit Pedestrian, Minor Injury, N, N
AUS, 2, 0, 1, 0, 2017, February, Thursday, 11:30 am, 060, Dry, N, Daylight, Right Angle, Major Injury, N, N
AUS, 2, 0, 0, 0, 2017, February, Thursday, 06:50 am, 050, Dry, N, Daylight, Side Swipe, Not Injured, N, N
AUS, 2, 0, 0, 1, 2017, February, Thursday, 04:00 pm, 060, Dry, N, Daylight, Hit Pedestrian, Minor Injury, N, N
AUS, 2, 0, 0, 1, 2017, February, Thursday, 01:30 pm, 050, Dry, N, Daylight, Hit Pedestrian, Minor Injury, N, N
AUS, 2, 0, 0, 0, 2017, February, Thursday, 03:20 pm, 060, Dry, N, Daylight, Hit Fixed Object, Not Injured, N, N
AUS, 2, 0, 0, 0, 2017, February, Thursday, 06:00 pm, 060, Dry, N, Daylight, Rear End, Not Injured, N, N
AUS, 4, 0, 0, 0, 2017, February, Thursday, 01:25 pm, 060, Dry, N, Daylight, Rear End, Not Injured, N, N
AUS, 2, 0, 0, 0, 2017, February, Thursday, 04:50 pm, 060, Dry, N, Daylight, Side Swipe, Not Injured, N, N
AUS, 2, 0, 0, 0, 2017, February, Thursday, 03:30 pm, 060, Dry, N, Daylight, Rear End, Not Injured, N, N
AUS, 2, 0, 0, 0, 2017, January, Sunday, 11:50 am, 050, Dry, N, Daylight, Right Angle, Not Injured, N, N
AUS, 2, 0, 0, 0, 2017, February, Thursday, 03:40 pm, 050, Dry, N, Daylight, Side Swipe, Not Injured, N, N
AUS, 2, 0, 0, 0, 2017, February, Thursday, 03:40 pm, 050, Dry, N, Daylight, Hit Fixed Object, Not Injured, N, N
AUS, 2, 0, 0, 0, 2017, February, Thursday, 06:00 pm, 060, Dry, N, Daylight, Side Swipe, Not Injured, N, N
AUS, 2, 0, 0, 0, 2017, February, Thursday, 08:19 pm, 060, Dry, N, Daylight, Side Swipe, Not Injured, N, N
AUS, 2, 0, 0, 1, 2017, February, Thursday, 05:10 pm, 080, Dry, N, Daylight, Rear End, Minor Injury, N, N
AUS, 2, 0, 0, 0, 2017, February, Thursday, 04:15 pm, 060, Dry, N, Daylight, Right Angle, Not Injured, N, N
AUS, 4, 0, 0, 0, 2017, February, Friday, 06:50 am, 090, Dry, N, Daylight, Rear End, Not Injured, N, N
AUS, 2, 0, 0, 0, 2017, February, Friday, 08:00 am, 060, Dry, N, Daylight, Right Angle, Not Injured, N, N
AUS, 2, 0, 0, 0, 2017, February, Friday, 07:30 am, 060, Dry, N, Daylight, Side Swipe, Not Injured, N, N
AUS, 2, 0, 0, 0, 2017, February, Friday, 09:00 am, 060, Dry, N, Daylight, Right Angle, Not Injured, N, N
AUS, 2, 0, 0, 0, 2017, February, Friday, 09:00 am, 050, Dry, N, Daylight, Right Angle, Not Injured, N, N
AUS, 2, 0, 0, 0, 2017, January, Tuesday, 12:30 pm, 060, Dry, N, Daylight, Right Angle, Not Injured, N, N
AUS, 2, 0, 0, 1, 2017, February, Friday, 11:20 am, 050, Dry, N, Daylight, Right Angle, Minor Injury, N, N
AUS, 3, 0, 0, 1, 2017, February, Thursday, 06:10 pm, 060, Dry, N, Daylight, Rear End, Minor Injury, N, N
AUS, 2, 0, 0, 1, 2017, February, Friday, 09:50 am, 060, Dry, N, Daylight, Hit Fixed Object, Minor Injury, N, N
AUS, 2, 0, 0, 0, 2017, February, Friday, 09:10 am, 060, Dry, N, Daylight, Side Swipe, Not Injured, N, N
AUS, 3, 0, 0, 2, 2017, February, Thursday, 05:55 pm, 060, Dry, N, Daylight, Rear End, Minor Injury, N, N
AUS, 2, 0, 0, 0, 2017, February, Friday, 04:00 pm, 050, Dry, N, Daylight, Right Angle, Not Injured, N, N
AUS, 4, 0, 0, 1, 2017, February, Friday, 04:00 pm, 090, Dry, N, Daylight, Rear End, Minor Injury, N, N
AUS, 2, 0, 0, 1, 2017, February, Friday, 04:30 pm, 060, Dry, N, Daylight, Rear End, Minor Injury, N, N
AUS, 2, 0, 0, 0, 2017, February, Friday, 05:05 pm, 060, Dry, N, Daylight, Right Angle, Not Injured, N, N
AUS, 2, 0, 0, 0, 2017, February, Friday, 08:00 am, 090, Dry, N, Daylight, Rear End, Not Injured, N, N
AUS, 3, 0, 0, 2, 2017, February, Friday, 02:50 pm, 060, Dry, N, Daylight, Rear End, Minor Injury, N, N
AUS, 2, 0, 0, 1, 2017, February, Friday, 05:40 pm, 060, Dry, N, Daylight, Rear End, Minor Injury, N, N
AUS, 2, 0, 0, 1, 2017, January, Monday, 05:40 am, 100, Dry, N, Night, Hit Fixed Object, Minor Injury, N, Y
AUS, 2, 0, 0, 1, 2017, February, Friday, 04:15 pm, 050, Dry, N, Daylight, Hit Fixed Object, Minor Injury, N, N
AUS, 3, 0, 0, 1, 2017, February, Friday, 05:45 pm, 110, Dry, N, Daylight, Hit Fixed Object, Minor Injury, N, N
AUS, 2, 0, 0, 1, 2017, February, Friday, 05:26 pm, 050, Dry, N, Daylight, Rear End, Minor Injury, N, N
AUS, 2, 0, 0, 1, 2017, February, Friday, 07:10 pm, 060, Dry, N, Daylight, Rear End, Minor Injury, N, N
AUS, 3, 0, 0, 2, 2017, February, Friday, 05:20 pm, 060, Dry, N, Daylight, Right Angle, Minor Injury, Y, N
AUS, 2, 0, 1, 0, 2017, February, Wednesday, 12:30 pm, 100, Dry, N, Daylight, Hit Fixed Object, Major Injury, N, N
AUS, 2, 0, 0, 0, 2017, February, Friday, 06:30 pm, 110, Dry, N, Daylight, Rear End, Not Injured, N, N
AUS, 2, 0, 1, 0, 2017, February, Thursday, 08:18 pm, 100, Dry, N, Daylight, Hit Fixed Object, Major Injury, N, N
AUS, 2, 0, 0, 1, 2017, February, Friday, 05:45 pm, 100, Dry, N, Daylight, Rear End, Minor Injury, N, N
AUS, 3, 0, 0, 0, 2017, February, Friday, 04:00 pm, 080, Dry, N, Daylight, Side Swipe, Not Injured, N, N
AUS, 2, 0, 0, 0, 2017, February, Friday, 06:19 pm, 060, Dry, N, Daylight, Right Angle, Not Injured, N, N
AUS, 2, 0, 0, 1, 2017, February, Friday, 06:45 pm, 060, Dry, N, Daylight, Rear End, Minor Injury, N, N
AUS, 3, 0, 0, 1, 2017, February, Saturday, 06:55 am, 060, Dry, N, Daylight, Side Swipe, Minor Injury, N, Y
AUS, 2, 0, 0, 0, 2017, February, Saturday, 10:00 am, 050, Dry, N, Daylight, Right Angle, Not Injured, N, N
AUS, 2, 0, 0, 0, 2017, February, Saturday, 10:17 am, 080, Dry, N, Daylight, Side Swipe, Not Injured, N, N
AUS, 2, 0, 0, 0, 2017, February, Saturday, 11:00 am, 060, Dry, N, Daylight, Side Swipe, Not Injured, N, N
AUS, 2, 0, 0, 0, 2017, February, Saturday, 09:20 am, 060, Dry, N, Daylight, Right Angle, Not Injured, N, N
AUS, 2, 0, 0, 0, 2017, February, Saturday, 12:05 pm, 050, Dry, N, Daylight, Right Angle, Not Injured, N, N
AUS, 3, 0, 0, 6, 2017, February, Saturday, 10:43 am, 090, Dry, N, Daylight, Rear End, Minor Injury, N, N
AUS, 2, 0, 0, 0, 2017, February, Friday, 11:20 am, 060, Dry, N, Daylight, Rear End, Not Injured, N, N
AUS, 2, 0, 0, 0, 2017, February, Saturday, 11:00 am, 050, Dry, N, Daylight, Hit Fixed Object, Not Injured, N, N
AUS, 2, 0, 0, 1, 2017, February, Friday, 03:15 pm, 050, Dry, N, Daylight, Right Angle, Minor Injury, N, N
AUS, 2, 0, 0, 0, 2017, January, Wednesday, 09:00 am, 080, Dry, N, Daylight, Rear End, Not Injured, N, N
AUS, 2, 0, 0, 0, 2017, February, Friday, 03:30 pm, 060, Dry, N, Daylight, Right Angle, Not Injured, N, N
AUS, 3, 0, 0, 0, 2017, February, Saturday, 01:03 pm, 060, Dry, N, Daylight, Right Angle, Not Injured, N, N
AUS, 3, 0, 0, 0, 2017, February, Thursday, 05:15 pm, 060, Dry, N, Daylight, Rear End, Not Injured, Y, N