Nation,Total Units,Total Fatalities,Total Serious Injuries,Total Minor Injuries,Year,Month,Day,Time,Speed Limit,Moisture,Adverse Weather Conditions,DayNight,Crash Type,Crash Severity,Alcohol Related ,Drug Related
AUS, 2, 0, 0, 1, 2017, March, Monday, 08:00 am, 060, Dry, N, Daylight, Side Swipe, Minor Injury, N, N
AUS, 2, 0, 0, 0, 2017, March, Monday, 02:30 pm, 100, Dry, N, Daylight, Right Angle, Not Injured, N, N
AUS, 2, 0, 0, 0, 2017, March, Sunday, 02:30 pm, 060, Dry, N, Daylight, Rear End, Not Injured, N, N
AUS, 2, 0, 0, 0, 2017, March, Wednesday, 07:49 pm, 060, Dry, N, Night, Hit Fixed Object, Not Injured, N, N
AUS, 3, 0, 0, 2, 2017, March, Tuesday, 09:05 am, 060, Dry, N, Daylight, Rear End, Minor Injury, N, N
AUS, 2, 0, 0, 0, 2017, March, Tuesday, 11:45 am, 060, Dry, N, Daylight, Hit Fixed Object, Not Injured, N, N
AUS, 2, 0, 0, 1, 2017, March, Tuesday, 02:30 pm, 060, Dry, N, Daylight, Rear End, Minor Injury, N, N
AUS, 2, 0, 0, 0, 2017, March, Tuesday, 11:36 am, 040, Dry, N, Daylight, Hit Fixed Object, Not Injured, N, N
AUS, 3, 0, 0, 0, 2017, March, Tuesday, 11:10 am, 050, Dry, N, Daylight, Rear End, Not Injured, N, N
AUS, 2, 0, 0, 1, 2017, March, Monday, 03:20 pm, 060, Dry, N, Daylight, Rear End, Minor Injury, N, N
AUS, 2, 0, 0, 1, 2017, March, Tuesday, 01:10 pm, 060, Dry, N, Daylight, Rear End, Minor Injury, N, N
AUS, 2, 0, 0, 0, 2017, March, Monday, 11:25 pm, 060, Dry, N, Night, Rear End, Not Injured, N, N
AUS, 3, 0, 1, 1, 2017, March, Tuesday, 02:30 pm, 110, Dry, N, Daylight, Side Swipe, Major Injury, N, N
AUS, 2, 0, 0, 0, 2017, March, Tuesday, 02:25 pm, 110, Dry, N, Daylight, Side Swipe, Not Injured, N, N
AUS, 2, 0, 0, 1, 2017, March, Tuesday, 03:35 pm, 080, Dry, N, Daylight, Rear End, Minor Injury, N, N
AUS, 2, 0, 0, 1, 2017, March, Tuesday, 03:40 pm, 060, Dry, N, Daylight, Rear End, Minor Injury, N, N
AUS, 3, 0, 0, 2, 2017, March, Tuesday, 03:15 pm, 060, Dry, N, Daylight, Right Angle, Minor Injury, N, N
AUS, 2, 0, 0, 0, 2017, March, Tuesday, 04:20 pm, 060, Dry, N, Daylight, Rear End, Not Injured, N, N
AUS, 2, 0, 0, 0, 2017, March, Tuesday, 08:45 am, 060, Dry, N, Daylight, Side Swipe, Not Injured, N, N
AUS, 2, 0, 0, 0, 2017, March, Tuesday, 04:10 pm, 050, Dry, N, Daylight, Right Angle, Not Injured, N, N
AUS, 2, 0, 0, 1, 2017, March, Tuesday, 05:25 pm, 050, Dry, N, Daylight, Rear End, Minor Injury, N, N
AUS, 2, 0, 0, 1, 2017, March, Tuesday, 08:20 am, 060, Dry, N, Daylight, Side Swipe, Minor Injury, N, N
AUS, 2, 0, 0, 1, 2017, March, Tuesday, 05:00 pm, 060, Dry, N, Daylight, Rear End, Minor Injury, N, N
AUS, 2, 0, 0, 1, 2017, March, Tuesday, 04:25 pm, 080, Dry, N, Daylight, Hit Fixed Object, Minor Injury, N, N
AUS, 2, 0, 0, 1, 2017, March, Tuesday, 06:25 pm, 060, Dry, N, Daylight, Hit Fixed Object, Minor Injury, N, N
AUS, 2, 0, 0, 0, 2017, March, Tuesday, 03:10 pm, 050, Dry, N, Daylight, Side Swipe, Not Injured, N, N
AUS, 2, 0, 0, 1, 2017, March, Tuesday, 05:26 pm, 060, Dry, N, Daylight, Hit Pedestrian, Minor Injury, N, N
AUS, 2, 0, 0, 2, 2017, March, Tuesday, 06:50 pm, 050, Dry, N, Daylight, Hit Fixed Object, Minor Injury, N, N
AUS, 3, 0, 0, 2, 2017, March, Tuesday, 07:20 pm, 050, Dry, N, Night, Hit Pedestrian, Minor Injury, N, N
AUS, 2, 0, 0, 1, 2017, March, Tuesday, 05:50 pm, 060, Dry, N, Daylight, Right Angle, Minor Injury, N, N
AUS, 2, 0, 0, 1, 2017, March, Tuesday, 03:25 pm, 060, Dry, N, Daylight, Right Angle, Minor Injury, N, N
AUS, 2, 1, 0, 1, 2017, March, Tuesday, 04:10 pm, 110, Dry, N, Daylight, Side Swipe, Fatal, N, N
AUS, 2, 0, 0, 0, 2017, March, Tuesday, 12:30 pm, 060, Dry, N, Daylight, Side Swipe, Not Injured, N, N
AUS, 2, 0, 0, 1, 2017, March, Wednesday, 06:10 am, 060, Dry, N, Night, Side Swipe, Minor Injury, N, N
AUS, 12, 0, 0, 0, 2017, March, Wednesday, 06:20 am, 080, Dry, N, Night, Rear End, Not Injured, N, N
AUS, 2, 0, 0, 0, 2017, March, Wednesday, 08:10 am, 060, Dry, N, Daylight, Right Angle, Not Injured, N, N
AUS, 2, 0, 0, 0, 2017, March, Tuesday, 05:15 pm, 060, Dry, N, Daylight, Rear End, Not Injured, N, N
AUS, 2, 0, 0, 1, 2017, March, Tuesday, 09:45 am, 110, Dry, N, Daylight, Right Angle, Minor Injury, N, N
AUS, 2, 0, 0, 1, 2017, March, Wednesday, 06:25 am, 060, Dry, N, Night, Rear End, Minor Injury, N, N
AUS, 2, 0, 0, 0, 2017, March, Wednesday, 11:20 am, 060, Dry, N, Daylight, Side Swipe, Not Injured, N, N
AUS, 2, 0, 0, 1, 2017, March, Wednesday, 09:44 am, 060, Dry, N, Daylight, Right Angle, Minor Injury, N, N
AUS, 2, 0, 0, 0, 2017, March, Wednesday, 08:59 am, 060, Dry, N, Daylight, Rear End, Not Injured, N, N
AUS, 2, 0, 0, 1, 2017, March, Wednesday, 11:55 am, 050, Dry, N, Daylight, Hit Pedestrian, Minor Injury, N, N
AUS, 2, 0, 0, 0, 2017, March, Wednesday, 10:30 am, 090, Dry, N, Daylight, Rear End, Not Injured, N, N
AUS, 2, 0, 0, 2, 2017, March, Tuesday, 09:05 pm, 050, Dry, N, Night, Hit Fixed Object, Minor Injury, N, N
AUS, 2, 0, 0, 0, 2017, March, Wednesday, 02:25 pm, 060, Wet, Y, Daylight, Side Swipe, Not Injured, N, N
AUS, 2, 0, 0, 0, 2017, March, Wednesday, 03:00 pm, 060, Wet, Y, Daylight, Rear End, Not Injured, N, N
AUS, 2, 0, 0, 0, 2017, March, Tuesday, 04:00 pm, 100, Dry, N, Daylight, Rear End, Not Injured, N, N
AUS, 2, 0, 0, 0, 2017, March, Wednesday, 12:30 pm, 070, Dry, N, Daylight, Side Swipe, Not Injured, N, N
AUS, 3, 0, 0, 1, 2017, March, Monday, 03:58 pm, 080, Dry, N, Daylight, Hit Fixed Object, Minor Injury, N, Y
AUS, 3, 0, 0, 1, 2017, March, Wednesday, 04:01 pm, 060, Wet, Y, Daylight, Rear End, Minor Injury, N, N
AUS, 2, 0, 0, 0, 2017, March, Wednesday, 04:40 pm, 060, Wet, N, Daylight, Hit Fixed Object, Not Injured, N, N
AUS, 2, 0, 0, 0, 2017, March, Wednesday, 04:35 pm, 050, Wet, N, Daylight, Side Swipe, Not Injured, N, N
AUS, 2, 0, 0, 0, 2017, March, Monday, 07:15 pm, 060, Dry, N, Daylight, Rear End, Not Injured, N, N
AUS, 3, 0, 0, 0, 2017, March, Wednesday, 04:20 pm, 060, Wet, Y, Daylight, Rear End, Not Injured, N, N
AUS, 2, 0, 0, 1, 2017, March, Wednesday, 02:15 pm, 050, Dry, N, Daylight, Hit Pedestrian, Minor Injury, N, N
AUS, 2, 0, 0, 1, 2017, March, Wednesday, 03:54 pm, 060, Dry, N, Daylight, Hit Pedestrian, Minor Injury, N, N
AUS, 2, 0, 0, 0, 2017, March, Wednesday, 04:40 pm, 050, Dry, N, Daylight, Head On, Not Injured, N, N
AUS, 2, 0, 0, 0, 2017, March, Wednesday, 04:45 pm, 060, Wet, N, Daylight, Rear End, Not Injured, N, N
AUS, 2, 0, 0, 1, 2017, March, Wednesday, 07:30 pm, 060, Wet, Y, Night, Right Angle, Minor Injury, N, N
AUS, 2, 0, 0, 0, 2017, March, Thursday, 02:38 am, 060, Wet, Y, Night, Hit Fixed Object, Not Injured, N, N
AUS, 2, 0, 0, 0, 2017, March, Thursday, 06:40 am, 060, Wet, N, Night, Right Angle, Not Injured, N, N
AUS, 2, 0, 0, 1, 2017, March, Wednesday, 06:00 pm, 060, Wet, Y, Daylight, Rear End, Minor Injury, N, N
AUS, 3, 0, 0, 0, 2017, March, Thursday, 08:28 am, 090, Wet, N, Daylight, Rear End, Not Injured, N, N
AUS, 5, 0, 0, 1, 2017, March, Thursday, 06:20 am, 080, Wet, Y, Night, Rear End, Minor Injury, N, N
AUS, 2, 0, 0, 1, 2017, March, Thursday, 08:30 am, 050, Wet, N, Daylight, Rear End, Minor Injury, N, N
AUS, 2, 0, 0, 0, 2017, March, Thursday, 06:30 am, 100, Wet, Y, Night, Hit Fixed Object, Not Injured, N, N
AUS, 2, 0, 0, 1, 2017, March, Thursday, 09:05 am, 060, Dry, N, Daylight, Rear End, Minor Injury, N, N
AUS, 2, 0, 0, 1, 2017, March, Thursday, 09:20 am, 060, Dry, N, Daylight, Hit Pedestrian, Minor Injury, N, N
AUS, 2, 0, 0, 1, 2017, March, Wednesday, 07:00 pm, 060, Wet, Y, Daylight, Rear End, Minor Injury, N, N
AUS, 2, 0, 0, 0, 2017, March, Thursday, 11:00 am, 060, Dry, N, Daylight, Hit Pedestrian, Not Injured, N, N
AUS, 2, 0, 0, 0, 2017, March, Thursday, 08:30 am, 050, Dry, N, Daylight, Right Angle, Not Injured, N, N
AUS, 3, 0, 0, 2, 2017, March, Thursday, 08:30 am, 050, Dry, N, Daylight, Rear End, Minor Injury, N, N
AUS, 2, 0, 0, 0, 2017, March, Thursday, 11:45 am, 060, Dry, N, Daylight, Side Swipe, Not Injured, N, N
AUS, 2, 0, 1, 0, 2017, March, Sunday, 06:00 am, 100, Dry, N, Night, Hit Fixed Object, Major Injury, N, N
AUS, 2, 0, 0, 0, 2017, March, Thursday, 11:45 am, 060, Wet, Y, Daylight, Hit Fixed Object, Not Injured, N, N
AUS, 2, 0, 0, 1, 2017, March, Wednesday, 06:30 pm, 080, Wet, Y, Daylight, Hit Fixed Object, Minor Injury, N, Y
AUS, 2, 0, 1, 0, 2017, March, Thursday, 02:50 pm, 060, Dry, N, Daylight, Right Angle, Major Injury, N, N
AUS, 3, 0, 0, 0, 2017, March, Thursday, 03:11 pm, 060, Dry, N, Daylight, Rear End, Not Injured, N, N
AUS, 2, 0, 0, 0, 2017, March, Thursday, 03:35 pm, 050, Dry, N, Daylight, Rear End, Not Injured, N, N
AUS, 2, 0, 0, 0, 2017, March, Thursday, 04:40 pm, 080, Dry, N, Daylight, Rear End, Not Injured, N, N
AUS, 2, 0, 0, 0, 2017, March, Thursday, 04:20 pm, 070, Dry, N, Daylight, Rear End, Not Injured, N, N
AUS, 2, 0, 1, 0, 2017, March, Thursday, 01:24 pm, 060, Dry, N, Daylight, Hit Pedestrian, Major Injury, N, N
AUS, 2, 0, 0, 0, 2017, March, Thursday, 04:00 pm, 060, Dry, N, Daylight, Right Angle, Not Injured, N, N
AUS, 2, 0, 0, 1, 2017, March, Thursday, 04:42 pm, 060, Dry, N, Daylight, Rear End, Minor Injury, N, N
AUS, 2, 0, 0, 0, 2017, March, Thursday, 05:25 pm, 050, Dry, N, Daylight, Rear End, Not Injured, N, N
AUS, 2, 0, 0, 2, 2017, March, Thursday, 04:50 pm, 060, Dry, N, Daylight, Right Angle, Minor Injury, N, N
AUS, 2, 0, 0, 0, 2017, March, Thursday, 07:45 pm, 050, Dry, N, Night, Rear End, Not Injured, N, N
AUS, 3, 0, 0, 0, 2017, March, Thursday, 07:45 pm, 050, Dry, N, Night, Hit Fixed Object, Not Injured, N, N
AUS, 2, 0, 0, 0, 2017, March, Thursday, 03:30 pm, 050, Dry, N, Daylight, Hit Pedestrian, Not Injured, N, N
AUS, 3, 0, 0, 0, 2017, March, Thursday, 09:10 pm, 060, Dry, N, Night, Side Swipe, Not Injured, N, N
AUS, 3, 0, 0, 0, 2017, March, Thursday, 09:50 pm, 100, Dry, N, Night, Hit Fixed Object, Not Injured, N, N
AUS, 3, 0, 0, 1, 2017, March, Thursday, 12:55 pm, 060, Dry, N, Daylight, Right Angle, Minor Injury, N, N
AUS, 3, 0, 0, 0, 2017, March, Friday, 06:13 am, 110, Dry, N, Night, Rear End, Not Injured, N, N
AUS, 3, 0, 0, 0, 2017, March, Wednesday, 12:45 pm, 060, Dry, N, Daylight, Rear End, Not Injured, N, N
AUS, 2, 0, 0, 0, 2017, March, Thursday, 06:25 am, 060, Wet, Y, Night, Hit Fixed Object, Not Injured, N, N
AUS, 2, 0, 0, 0, 2017, March, Friday, 09:10 am, 050, Dry, N, Daylight, Hit Fixed Object, Not Injured, N, N
AUS, 3, 0, 0, 2, 2017, March, Thursday, 12:38 pm, 040, Dry, N, Daylight, Right Angle, Minor Injury, N, N
AUS, 3, 0, 0, 0, 2017, March, Friday, 07:30 am, 090, Dry, N, Daylight, Rear End, Not Injured, N, N
AUS, 2, 0, 0, 1, 2017, March, Thursday, 03:45 pm, 060, Dry, N, Daylight, Rear End, Minor Injury, N, N
AUS, 2, 0, 0, 0, 2017, March, Friday, 09:25 am, 060, Dry, N, Daylight, Side Swipe, Not Injured, N, N
AUS, 2, 0, 0, 1, 2017, March, Friday, 08:30 am, 050, Dry, N, Daylight, Right Angle, Minor Injury, N, N
AUS, 2, 0, 0, 0, 2017, March, Friday, 09:56 am, 060, Dry, N, Daylight, Right Angle, Not Injured, N, N
AUS, 2, 0, 0, 1, 2017, March, Thursday, 06:00 pm, 070, Dry, N, Daylight, Rear End, Minor Injury, N, N
AUS, 2, 0, 0, 0, 2017, March, Tuesday, 03:00 pm, 060, Dry, N, Daylight, Side Swipe, Not Injured, N, N
AUS, 2, 0, 0, 1, 2017, March, Friday, 08:45 am, 060, Dry, N, Daylight, Rear End, Minor Injury, N, N
AUS, 2, 0, 0, 0, 2017, March, Friday, 11:00 am, 060, Dry, N, Daylight, Right Angle, Not Injured, N, N
AUS, 2, 0, 0, 0, 2017, March, Friday, 11:10 am, 050, Dry, N, Daylight, Side Swipe, Not Injured, N, N
AUS, 2, 0, 0, 0, 2017, March, Friday, 10:20 am, 050, Dry, N, Daylight, Right Angle, Not Injured, N, N
AUS, 2, 0, 0, 0, 2017, March, Thursday, 02:30 pm, 090, Dry, N, Daylight, Side Swipe, Not Injured, N, N
AUS, 2, 0, 0, 0, 2017, March, Friday, 03:39 pm, 080, Dry, N, Daylight, Rear End, Not Injured, N, N
AUS, 3, 0, 0, 1, 2017, March, Friday, 02:58 pm, 070, Dry, N, Daylight, Side Swipe, Minor Injury, N, N
AUS, 5, 0, 0, 0, 2017, March, Friday, 04:10 pm, 060, Dry, N, Daylight, Rear End, Not Injured, N, N
AUS, 2, 0, 0, 0, 2017, March, Friday, 03:50 pm, 050, Dry, N, Daylight, Side Swipe, Not Injured, N, N
AUS, 2, 0, 0, 1, 2017, March, Friday, 02:28 pm, 060, Dry, N, Daylight, Hit Pedestrian, Minor Injury, N, N
AUS, 2, 0, 0, 1, 2017, March, Friday, 02:20 pm, 050, Dry, N, Daylight, Hit Pedestrian, Minor Injury, N, N
AUS, 2, 0, 0, 0, 2017, March, Friday, 06:40 pm, 060, Dry, N, Daylight, Right Angle, Not Injured, N, N
AUS, 2, 0, 0, 0, 2017, March, Friday, 05:00 pm, 060, Dry, N, Daylight, Side Swipe, Not Injured, N, N
AUS, 2, 0, 0, 1, 2017, March, Friday, 08:00 am, 060, Dry, N, Daylight, Rear End, Minor Injury, N, N
AUS, 2, 0, 0, 0, 2017, March, Friday, 06:15 pm, 050, Dry, N, Daylight, Side Swipe, Not Injured, N, N
AUS, 2, 0, 0, 0, 2017, March, Friday, 02:30 pm, 060, Dry, N, Daylight, Right Angle, Not Injured, N, N
AUS, 2, 0, 0, 0, 2017, March, Friday, 08:05 pm, 060, Dry, N, Night, Right Angle, Not Injured, N, N
AUS, 2, 0, 0, 0, 2017, March, Friday, 08:30 pm, 060, Dry, N, Night, Rear End, Not Injured, N, N
AUS, 4, 0, 0, 1, 2017, March, Friday, 10:43 pm, 100, Dry, N, Night, Rear End, Minor Injury, Y, N
AUS, 2, 0, 0, 1, 2017, April, Saturday, 04:20 am, 060, Dry, N, Night, Right Angle, Minor Injury, N, N
AUS, 2, 0, 0, 2, 2017, April, Saturday, 05:30 am, 100, Dry, N, Night, Head On, Minor Injury, N, N
AUS, 2, 0, 0, 0, 2017, April, Saturday, 06:40 am, 060, Dry, N, Night, Rear End, Not Injured, N, N
AUS, 2, 0, 0, 0, 2017, March, Thursday, 08:42 am, 060, Dry, N, Daylight, Side Swipe, Not Injured, N, N
AUS, 2, 0, 0, 0, 2017, April, Saturday, 07:20 am, 110, Wet, Y, Night, Hit Fixed Object, Not Injured, N, N
AUS, 2, 0, 0, 0, 2017, April, Saturday, 06:30 am, 060, Wet, N, Night, Side Swipe, Not Injured, N, N
AUS, 2, 0, 0, 0, 2017, March, Friday, 02:45 pm, 050, Dry, N, Daylight, Right Angle, Not Injured, N, N
AUS, 3, 0, 0, 0, 2017, March, Friday, 08:15 am, 060, Dry, N, Daylight, Rear End, Not Injured, N, N
AUS, 2, 0, 0, 0, 2017, March, Friday, 04:40 pm, 050, Dry, N, Daylight, Side Swipe, Not Injured, N, N
AUS, 2, 0, 0, 1, 2017, March, Friday, 05:35 pm, 060, Dry, N, Daylight, Hit Pedestrian, Minor Injury, N, N
AUS, 2, 0, 0, 1, 2017, April, Saturday, 10:20 am, 060, Dry, N, Daylight, Side Swipe, Minor Injury, N, N
AUS, 2, 0, 0, 1, 2017, March, Wednesday, 05:15 pm, 060, Dry, N, Daylight, Right Angle, Minor Injury, N, N
AUS, 2, 0, 0, 0, 2017, April, Saturday, 11:00 am, 070, Dry, N, Daylight, Side Swipe, Not Injured, N, N
AUS, 2, 0, 0, 0, 2017, April, Saturday, 11:40 am, 060, Dry, N, Daylight, Rear End, Not Injured, N, N
AUS, 2, 0, 0, 0, 2017, April, Saturday, 12:25 pm, 060, Dry, N, Daylight, Hit Fixed Object, Not Injured, N, N
AUS, 2, 0, 0, 0, 2017, March, Friday, 09:00 pm, 060, Dry, N, Night, Right Angle, Not Injured, N, N
AUS, 2, 0, 0, 0, 2017, March, Friday, 01:17 pm, 090, Dry, N, Daylight, Side Swipe, Not Injured, N, N
AUS, 2, 0, 1, 0, 2017, March, Wednesday, 07:35 pm, 060, Wet, Y, Night, Hit Fixed Object, Major Injury, N, N
AUS, 3, 0, 0, 0, 2017, April, Saturday, 01:15 pm, 050, Dry, N, Daylight, Rear End, Not Injured, N, N
AUS, 2, 0, 0, 0, 2017, April, Saturday, 01:45 pm, 110, Dry, N, Daylight, Hit Fixed Object, Not Injured, N, N
AUS, 2, 0, 0, 0, 2017, March, Friday, 05:00 pm, 060, Dry, N, Daylight, Rear End, Not Injured, N, N
AUS, 2, 0, 0, 0, 2017, April, Saturday, 06:10 pm, 080, Dry, N, Daylight, Right Angle, Not Injured, N, N
AUS, 2, 0, 0, 0, 2017, April, Saturday, 05:50 pm, 080, Dry, N, Daylight, Right Angle, Not Injured, N, N
AUS, 2, 0, 0, 0, 2017, April, Sunday, 02:05 am, 060, Dry, N, Night, Hit Fixed Object, Not Injured, Y, N
AUS, 2, 0, 0, 0, 2017, April, Saturday, 01:10 pm, 060, Dry, N, Daylight, Right Angle, Not Injured, N, N
AUS, 2, 0, 0, 0, 2017, March, Friday, 03:00 pm, 050, Dry, N, Daylight, Side Swipe, Not Injured, N, N
AUS, 2, 0, 0, 1, 2017, April, Sunday, 07:20 am, 050, Dry, N, Daylight, Hit Fixed Object, Minor Injury, N, N
AUS, 2, 0, 0, 0, 2017, April, Saturday, 10:45 pm, 060, Dry, N, Night, Hit Fixed Object, Not Injured, N, N
AUS, 2, 0, 0, 0, 2017, April, Sunday, 09:15 am, 050, Dry, N, Daylight, Hit Fixed Object, Not Injured, N, N
AUS, 2, 0, 0, 0, 2017, April, Sunday, 10:20 am, 060, Dry, N, Daylight, Side Swipe, Not Injured, N, N
AUS, 2, 0, 0, 0, 2017, March, Friday, 05:50 pm, 060, Dry, N, Daylight, Rear End, Not Injured, N, N
AUS, 2, 0, 0, 0, 2017, April, Sunday, 12:05 pm, 100, Dry, N, Daylight, Hit Fixed Object, Not Injured, N, N
AUS, 2, 0, 0, 0, 2017, April, Sunday, 01:00 pm, 100, Dry, N, Daylight, Hit Fixed Object, Not Injured, N, N
AUS, 2, 0, 0, 0, 2017, April, Sunday, 02:45 pm, 080, Dry, N, Daylight, Right Angle, Not Injured, N, N
AUS, 3, 0, 0, 1, 2017, April, Sunday, 04:35 pm, 060, Dry, N, Daylight, Rear End, Minor Injury, N, N
AUS, 2, 0, 0, 0, 2017, April, Sunday, 06:00 pm, 080, Dry, N, Daylight, Hit Fixed Object, Not Injured, N, N
AUS, 2, 0, 0, 2, 2017, April, Sunday, 04:55 pm, 080, Dry, N, Daylight, Right Angle, Minor Injury, N, Y
AUS, 2, 0, 0, 1, 2017, April, Sunday, 04:30 pm, 100, Dry, N, Daylight, Hit Fixed Object, Minor Injury, N, N
AUS, 2, 0, 0, 0, 2017, April, Sunday, 10:00 pm, 050, Dry, N, Night, Hit Fixed Object, Not Injured, N, N
AUS, 2, 0, 0, 0, 2017, April, Monday, 01:10 am, 070, Dry, N, Night, Hit Fixed Object, Not Injured, N, N
AUS, 2, 0, 0, 0, 2017, April, Sunday, 04:35 pm, 060, Dry, N, Daylight, Rear End, Not Injured, N, N
AUS, 2, 0, 0, 0, 2017, April, Monday, 07:45 am, 060, Dry, N, Daylight, Rear End, Not Injured, N, N
AUS, 2, 0, 0, 1, 2017, April, Sunday, 04:00 pm, 110, Dry, N, Daylight, Hit Fixed Object, Minor Injury, N, N
AUS, 2, 0, 0, 0, 2017, April, Monday, 07:10 am, 050, Dry, N, Daylight, Right Angle, Not Injured, N, N
AUS, 3, 0, 0, 1, 2017, April, Monday, 09:00 am, 060, Dry, N, Daylight, Rear End, Minor Injury, N, N
AUS, 2, 0, 0, 0, 2017, April, Monday, 09:45 am, 050, Dry, N, Daylight, Hit Fixed Object, Not Injured, N, N
AUS, 2, 0, 0, 0, 2017, March, Friday, 10:00 pm, 080, Dry, N, Night, Hit Fixed Object, Not Injured, N, N
AUS, 2, 0, 0, 0, 2017, April, Monday, 11:10 am, 060, Dry, N, Daylight, Rear End, Not Injured, N, N
AUS, 2, 0, 0, 0, 2017, April, Saturday, 02:17 am, 110, Dry, N, Night, Hit Fixed Object, Not Injured, N, Y
AUS, 2, 0, 0, 0, 2017, April, Monday, 11:23 am, 050, Dry, N, Daylight, Right Angle, Not Injured, N, N
AUS, 2, 0, 0, 1, 2017, April, Monday, 07:40 am, 070, Dry, N, Daylight, Rear End, Minor Injury, N, N
AUS, 2, 0, 0, 0, 2017, April, Monday, 02:29 pm, 100, Dry, N, Daylight, Right Angle, Not Injured, N, N
AUS, 2, 0, 0, 1, 2017, February, Tuesday, 06:01 pm, 060, Dry, N, Daylight, Right Angle, Minor Injury, N, N
AUS, 2, 0, 1, 0, 2017, April, Monday, 03:30 pm, 070, Dry, N, Daylight, Rear End, Major Injury, N, N
AUS, 2, 0, 0, 1, 2017, April, Monday, 07:30 am, 060, Dry, N, Daylight, Rear End, Minor Injury, N, N
AUS, 2, 0, 0, 0, 2017, April, Monday, 09:30 am, 060, Dry, N, Daylight, Right Angle, Not Injured, N, N
AUS, 2, 0, 0, 0, 2017, April, Monday, 03:46 pm, 060, Dry, N, Daylight, Right Angle, Not Injured, N, N
AUS, 2, 0, 0, 0, 2017, April, Monday, 03:50 pm, 060, Dry, N, Daylight, Rear End, Not Injured, N, N
AUS, 2, 0, 0, 0, 2017, April, Monday, 04:00 pm, 060, Dry, N, Daylight, Side Swipe, Not Injured, N, N
AUS, 2, 0, 0, 2, 2017, April, Monday, 03:35 pm, 050, Dry, N, Daylight, Right Angle, Minor Injury, N, N
AUS, 2, 0, 0, 0, 2017, April, Monday, 05:26 pm, 050, Dry, N, Daylight, Hit Fixed Object, Not Injured, N, N
AUS, 2, 0, 0, 0, 2017, April, Monday, 03:45 pm, 060, Dry, N, Daylight, Rear End, Not Injured, N, N
AUS, 2, 0, 0, 0, 2017, April, Monday, 03:46 pm, 060, Dry, N, Daylight, Side Swipe, Not Injured, N, N
AUS, 3, 0, 0, 0, 2017, April, Monday, 06:33 pm, 060, Dry, N, Night, Hit Fixed Object, Not Injured, N, N
AUS, 2, 0, 0, 0, 2017, April, Sunday, 11:23 pm, 100, Dry, N, Night, Hit Fixed Object, Not Injured, N, N
AUS, 2, 0, 0, 0, 2017, April, Tuesday, 01:00 am, 060, Dry, N, Night, Hit Fixed Object, Not Injured, N, Y
AUS, 2, 0, 0, 0, 2017, April, Monday, 07:00 am, 100, Dry, N, Daylight, Hit Fixed Object, Not Injured, N, N
AUS, 2, 0, 0, 0, 2017, April, Tuesday, 07:15 am, 090, Dry, N, Daylight, Rear End, Not Injured, N, N
AUS, 4, 0, 0, 3, 2017, April, Tuesday, 07:20 am, 060, Dry, N, Daylight, Right Angle, Minor Injury, N, N
AUS, 2, 0, 0, 1, 2017, April, Tuesday, 07:40 am, 050, Dry, N, Daylight, Right Angle, Minor Injury, N, N
AUS, 2, 0, 0, 1, 2017, April, Tuesday, 08:30 am, 050, Dry, N, Daylight, Right Angle, Minor Injury, N, N
AUS, 2, 0, 0, 0, 2017, April, Monday, 03:00 pm, 060, Dry, N, Daylight, Right Angle, Not Injured, N, N
AUS, 2, 0, 0, 1, 2017, April, Monday, 04:11 pm, 060, Dry, N, Daylight, Rear End, Minor Injury, N, N
AUS, 2, 0, 0, 0, 2017, April, Tuesday, 09:00 am, 060, Dry, N, Daylight, Side Swipe, Not Injured, N, N
AUS, 2, 0, 0, 0, 2017, April, Tuesday, 11:00 am, 100, Dry, N, Daylight, Right Angle, Not Injured, N, N
AUS, 2, 0, 0, 1, 2017, April, Tuesday, 09:05 am, 060, Dry, N, Daylight, Rear End, Minor Injury, N, N
AUS, 2, 0, 0, 2, 2017, April, Tuesday, 10:05 am, 050, Dry, N, Daylight, Side Swipe, Minor Injury, N, N
AUS, 2, 0, 0, 0, 2017, April, Tuesday, 11:00 am, 050, Dry, N, Daylight, Hit Fixed Object, Not Injured, N, N
AUS, 2, 0, 0, 1, 2017, April, Tuesday, 08:10 am, 060, Dry, N, Daylight, Rear End, Minor Injury, N, N
AUS, 4, 0, 0, 0, 2017, April, Tuesday, 09:55 am, 050, Dry, N, Daylight, Side Swipe, Not Injured, N, N
AUS, 2, 0, 0, 0, 2017, April, Tuesday, 10:48 am, 050, Dry, N, Daylight, Right Angle, Not Injured, N, N
AUS, 2, 0, 0, 1, 2017, April, Tuesday, 09:10 am, 050, Dry, N, Daylight, Right Angle, Minor Injury, N, N
AUS, 2, 0, 0, 2, 2017, April, Tuesday, 10:20 am, 050, Dry, N, Daylight, Right Angle, Minor Injury, N, N
AUS, 2, 0, 0, 0, 2017, April, Tuesday, 10:40 am, 060, Dry, N, Daylight, Side Swipe, Not Injured, N, N
AUS, 2, 0, 0, 0, 2017, April, Monday, 01:45 pm, 050, Dry, N, Daylight, Right Angle, Not Injured, N, N
AUS, 2, 0, 0, 1, 2017, April, Tuesday, 08:20 am, 060, Dry, N, Daylight, Rear End, Minor Injury, N, N
AUS, 3, 0, 0, 1, 2017, April, Tuesday, 07:35 am, 060, Dry, N, Daylight, Rear End, Minor Injury, N, N
AUS, 2, 0, 0, 1, 2017, April, Tuesday, 08:21 am, 060, Dry, N, Daylight, Right Angle, Minor Injury, N, N
AUS, 2, 0, 1, 0, 2017, April, Tuesday, 07:43 am, 060, Dry, N, Daylight, Hit Pedestrian, Major Injury, N, N