Nation,Total Units,Total Fatalities,Total Serious Injuries,Total Minor Injuries,Year,Month,Day,Time,Speed Limit,Moisture,Adverse Weather Conditions,DayNight,Crash Type,Crash Severity,Alcohol Related ,Drug Related
AUS, 2, 0, 0, 1, 2017, April, Tuesday, 06:50 am, 060, Dry, N, Daylight, Rear End, Minor Injury, N, N
AUS, 2, 0, 0, 0, 2017, March, Friday, 03:42 pm, 050, Dry, N, Daylight, Head On, Not Injured, N, N
AUS, 2, 0, 0, 0, 2017, April, Tuesday, 02:30 pm, 050, Dry, N, Daylight, Side Swipe, Not Injured, N, N
AUS, 2, 0, 0, 1, 2017, April, Tuesday, 06:30 am, 090, Dry, N, Daylight, Rear End, Minor Injury, N, N
AUS, 2, 0, 0, 1, 2017, April, Sunday, 10:00 am, 060, Dry, N, Daylight, Rear End, Minor Injury, N, N
AUS, 2, 0, 0, 0, 2017, March, Friday, 11:00 am, 060, Dry, N, Daylight, Hit Fixed Object, Not Injured, N, N
AUS, 2, 0, 0, 0, 2017, April, Tuesday, 05:35 pm, 060, Dry, N, Daylight, Side Swipe, Not Injured, N, N
AUS, 2, 0, 0, 0, 2017, April, Monday, 10:00 pm, 060, Dry, N, Night, Hit Fixed Object, Not Injured, N, N
AUS, 2, 0, 0, 1, 2017, April, Tuesday, 05:00 pm, 060, Dry, N, Daylight, Rear End, Minor Injury, N, N
AUS, 2, 0, 0, 1, 2017, April, Monday, 08:40 am, 070, Dry, N, Daylight, Rear End, Minor Injury, N, N
AUS, 2, 0, 0, 1, 2017, April, Sunday, 08:45 pm, 050, Dry, N, Night, Hit Pedestrian, Minor Injury, N, N
AUS, 2, 0, 0, 0, 2017, April, Tuesday, 07:25 pm, 060, Dry, N, Night, Right Angle, Not Injured, N, N
AUS, 2, 0, 0, 1, 2017, April, Tuesday, 07:48 pm, 050, Dry, N, Night, Hit Fixed Object, Minor Injury, N, N
AUS, 2, 0, 0, 1, 2017, April, Tuesday, 07:11 pm, 080, Dry, N, Night, Right Angle, Minor Injury, N, N
AUS, 3, 0, 0, 0, 2017, April, Tuesday, 04:00 pm, 060, Dry, N, Daylight, Hit Fixed Object, Not Injured, N, N
AUS, 2, 0, 0, 0, 2017, April, Wednesday, 06:36 am, 100, Dry, N, Daylight, Hit Fixed Object, Not Injured, N, N
AUS, 2, 1, 0, 0, 2017, April, Wednesday, 03:00 am, 100, Dry, N, Night, Hit Fixed Object, Fatal, N, N
AUS, 2, 0, 0, 0, 2017, April, Wednesday, 07:37 am, 060, Dry, N, Daylight, Side Swipe, Not Injured, N, N
AUS, 2, 0, 0, 1, 2017, April, Saturday, 10:50 am, 060, Dry, N, Daylight, Rear End, Minor Injury, N, N
AUS, 3, 0, 0, 0, 2017, April, Tuesday, 07:55 am, 080, Dry, N, Daylight, Rear End, Not Injured, N, N
AUS, 2, 0, 0, 1, 2017, March, Sunday, 05:55 pm, 060, Dry, N, Daylight, Rear End, Minor Injury, N, N
AUS, 3, 0, 0, 0, 2017, April, Wednesday, 09:10 am, 060, Dry, N, Daylight, Rear End, Not Injured, N, N
AUS, 2, 0, 0, 0, 2017, April, Wednesday, 11:30 am, 060, Dry, N, Daylight, Right Angle, Not Injured, N, N
AUS, 2, 0, 0, 1, 2017, April, Tuesday, 06:46 pm, 060, Dry, N, Night, Hit Fixed Object, Minor Injury, N, N
AUS, 2, 0, 0, 1, 2017, April, Wednesday, 10:20 am, 060, Dry, N, Daylight, Hit Fixed Object, Minor Injury, N, N
AUS, 2, 0, 0, 3, 2017, April, Wednesday, 11:20 am, 090, Dry, N, Daylight, Right Angle, Minor Injury, N, N
AUS, 3, 0, 0, 0, 2017, April, Tuesday, 04:20 pm, 060, Dry, N, Daylight, Rear End, Not Injured, N, N
AUS, 2, 0, 0, 0, 2017, April, Wednesday, 11:30 am, 050, Dry, N, Daylight, Right Angle, Not Injured, N, N
AUS, 2, 0, 0, 1, 2017, April, Sunday, 03:00 pm, 060, Dry, N, Daylight, Rear End, Minor Injury, N, N
AUS, 3, 0, 0, 0, 2017, April, Wednesday, 01:00 pm, 070, Dry, N, Daylight, Rear End, Not Injured, N, N
AUS, 2, 0, 0, 0, 2017, April, Wednesday, 09:00 am, 050, Dry, N, Daylight, Side Swipe, Not Injured, N, N
AUS, 2, 0, 0, 0, 2017, April, Wednesday, 03:15 pm, 060, Dry, N, Daylight, Rear End, Not Injured, N, N
AUS, 5, 0, 0, 1, 2017, April, Wednesday, 01:50 pm, 050, Dry, N, Daylight, Side Swipe, Minor Injury, N, N
AUS, 2, 0, 0, 1, 2017, April, Wednesday, 03:15 pm, 060, Dry, N, Daylight, Rear End, Minor Injury, N, N
AUS, 2, 0, 0, 0, 2017, April, Wednesday, 06:30 am, 050, Dry, N, Night, Rear End, Not Injured, N, N
AUS, 2, 0, 0, 1, 2017, April, Tuesday, 09:30 pm, 050, Dry, N, Night, Hit Fixed Object, Minor Injury, Y, N
AUS, 2, 0, 0, 2, 2017, April, Wednesday, 03:50 pm, 080, Dry, N, Daylight, Head On, Minor Injury, N, N
AUS, 2, 0, 0, 0, 2017, April, Wednesday, 03:05 pm, 060, Dry, N, Daylight, Right Angle, Not Injured, N, N
AUS, 2, 0, 0, 0, 2017, April, Wednesday, 05:00 pm, 050, Dry, N, Daylight, Rear End, Not Injured, N, N
AUS, 3, 0, 0, 1, 2017, April, Wednesday, 05:30 pm, 060, Dry, N, Daylight, Rear End, Minor Injury, N, N
AUS, 2, 0, 0, 0, 2017, April, Wednesday, 05:00 pm, 050, Dry, N, Daylight, Right Angle, Not Injured, N, N
AUS, 2, 0, 0, 0, 2017, April, Wednesday, 05:45 pm, 100, Dry, N, Daylight, Right Angle, Not Injured, N, N
AUS, 2, 0, 0, 0, 2017, April, Wednesday, 03:40 pm, 060, Dry, N, Daylight, Right Angle, Not Injured, N, N
AUS, 2, 0, 0, 1, 2017, April, Wednesday, 05:02 pm, 050, Dry, N, Daylight, Right Angle, Minor Injury, N, N
AUS, 2, 0, 0, 1, 2017, April, Wednesday, 05:20 pm, 050, Dry, N, Daylight, Side Swipe, Minor Injury, N, N
AUS, 2, 0, 0, 1, 2017, April, Wednesday, 03:00 pm, 050, Dry, N, Daylight, Right Angle, Minor Injury, N, N
AUS, 2, 0, 0, 0, 2017, April, Wednesday, 04:15 pm, 060, Dry, N, Daylight, Rear End, Not Injured, N, N
AUS, 2, 1, 0, 1, 2017, April, Wednesday, 03:00 pm, 050, Dry, N, Daylight, Head On, Fatal, N, N
AUS, 2, 0, 0, 0, 2017, April, Monday, 06:30 am, 060, Dry, N, Daylight, Hit Fixed Object, Not Injured, N, N
AUS, 2, 0, 0, 0, 2017, April, Wednesday, 10:45 pm, 060, Dry, N, Night, Hit Fixed Object, Not Injured, Y, N
AUS, 2, 0, 0, 0, 2017, April, Thursday, 05:30 am, 060, Dry, N, Night, Rear End, Not Injured, N, N
AUS, 2, 0, 0, 0, 2017, April, Wednesday, 12:46 pm, 100, Dry, N, Daylight, Rear End, Not Injured, N, N
AUS, 2, 0, 0, 0, 2017, April, Wednesday, 10:00 am, 070, Dry, N, Daylight, Side Swipe, Not Injured, N, N
AUS, 2, 0, 0, 1, 2017, April, Thursday, 06:15 am, 060, Dry, N, Night, Right Angle, Minor Injury, N, N
AUS, 2, 0, 0, 0, 2017, April, Tuesday, 03:30 pm, 050, Dry, N, Daylight, Rear End, Not Injured, N, N
AUS, 2, 0, 0, 0, 2017, April, Thursday, 07:50 am, 060, Dry, N, Daylight, Rear End, Not Injured, N, N
AUS, 3, 0, 0, 1, 2017, April, Thursday, 09:12 am, 060, Dry, N, Daylight, Rear End, Minor Injury, N, N
AUS, 2, 0, 0, 2, 2017, April, Thursday, 09:00 am, 050, Dry, N, Daylight, Rear End, Minor Injury, N, N
AUS, 2, 0, 0, 0, 2017, April, Thursday, 10:30 am, 060, Dry, N, Daylight, Rear End, Not Injured, N, N
AUS, 2, 0, 0, 0, 2017, April, Thursday, 10:30 am, 060, Dry, N, Daylight, Hit Fixed Object, Not Injured, N, N
AUS, 3, 0, 0, 1, 2017, April, Thursday, 11:30 am, 060, Dry, N, Daylight, Rear End, Minor Injury, N, N
AUS, 2, 0, 0, 0, 2017, April, Thursday, 10:33 am, 100, Dry, N, Daylight, Rear End, Not Injured, N, N
AUS, 2, 0, 0, 0, 2017, April, Wednesday, 09:10 pm, 050, Dry, N, Night, Hit Pedestrian, Not Injured, N, N
AUS, 2, 0, 0, 0, 2017, April, Wednesday, 04:05 pm, 050, Dry, N, Daylight, Right Angle, Not Injured, N, N
AUS, 2, 0, 0, 0, 2017, April, Thursday, 10:55 am, 110, Dry, N, Daylight, Side Swipe, Not Injured, N, N
AUS, 2, 0, 0, 0, 2017, April, Thursday, 01:45 pm, 060, Dry, N, Daylight, Side Swipe, Not Injured, N, N
AUS, 2, 0, 0, 0, 2017, April, Wednesday, 05:20 pm, 050, Dry, N, Daylight, Right Angle, Not Injured, N, N
AUS, 2, 0, 1, 0, 2017, April, Thursday, 01:35 pm, 060, Dry, N, Daylight, Rear End, Major Injury, N, N
AUS, 2, 0, 0, 0, 2017, April, Thursday, 03:15 pm, 050, Dry, N, Daylight, Hit Pedestrian, Not Injured, N, N
AUS, 2, 0, 0, 0, 2017, April, Thursday, 04:45 am, 060, Dry, N, Night, Rear End, Not Injured, N, N
AUS, 2, 0, 0, 0, 2017, April, Thursday, 04:05 pm, 050, Dry, N, Daylight, Right Angle, Not Injured, N, N
AUS, 2, 0, 0, 1, 2017, April, Thursday, 03:00 pm, 060, Dry, N, Daylight, Right Angle, Minor Injury, N, N
AUS, 2, 0, 0, 0, 2017, April, Thursday, 04:50 pm, 050, Dry, N, Daylight, Right Angle, Not Injured, N, N
AUS, 2, 0, 0, 1, 2017, April, Thursday, 05:35 pm, 050, Dry, N, Daylight, Hit Fixed Object, Minor Injury, N, N
AUS, 2, 0, 0, 1, 2017, April, Thursday, 05:00 pm, 050, Dry, N, Daylight, Rear End, Minor Injury, N, N
AUS, 3, 0, 0, 0, 2017, April, Thursday, 06:00 pm, 080, Dry, N, Daylight, Rear End, Not Injured, N, N
AUS, 2, 0, 0, 0, 2017, April, Wednesday, 02:00 pm, 060, Dry, N, Daylight, Rear End, Not Injured, N, N
AUS, 2, 0, 0, 0, 2017, April, Thursday, 09:00 pm, 050, Dry, N, Night, Right Angle, Not Injured, N, N
AUS, 2, 0, 0, 0, 2017, April, Tuesday, 11:30 am, 090, Dry, N, Daylight, Side Swipe, Not Injured, N, N
AUS, 2, 0, 0, 0, 2017, April, Thursday, 08:45 pm, 070, Dry, N, Night, Rear End, Not Injured, N, N
AUS, 2, 0, 0, 1, 2017, April, Friday, 08:45 am, 050, Dry, N, Daylight, Right Angle, Minor Injury, N, N
AUS, 2, 0, 0, 0, 2017, April, Thursday, 07:30 am, 080, Dry, N, Daylight, Side Swipe, Not Injured, N, N
AUS, 2, 0, 0, 0, 2017, April, Friday, 08:20 am, 060, Dry, N, Daylight, Rear End, Not Injured, N, N
AUS, 2, 0, 0, 1, 2017, April, Thursday, 08:30 pm, 110, Dry, N, Night, Hit Fixed Object, Minor Injury, N, N
AUS, 3, 0, 0, 0, 2017, April, Thursday, 07:40 am, 060, Dry, N, Daylight, Rear End, Not Injured, N, N
AUS, 2, 0, 0, 1, 2017, April, Friday, 09:05 am, 050, Dry, N, Daylight, Hit Pedestrian, Minor Injury, N, N
AUS, 2, 0, 0, 1, 2017, April, Thursday, 09:10 am, 070, Dry, N, Daylight, Rear End, Minor Injury, N, N
AUS, 4, 0, 0, 1, 2017, April, Thursday, 07:00 pm, 060, Dry, N, Night, Rear End, Minor Injury, N, N
AUS, 2, 0, 0, 0, 2017, April, Friday, 09:15 am, 060, Dry, N, Daylight, Hit Fixed Object, Not Injured, N, N
AUS, 2, 0, 0, 0, 2017, April, Thursday, 05:45 pm, 050, Dry, N, Daylight, Rear End, Not Injured, N, N
AUS, 4, 0, 0, 2, 2017, April, Thursday, 12:43 pm, 060, Dry, N, Daylight, Right Angle, Minor Injury, N, N
AUS, 2, 0, 0, 0, 2017, April, Thursday, 06:00 pm, 060, Dry, N, Daylight, Hit Pedestrian, Not Injured, N, N
AUS, 2, 0, 0, 0, 2017, April, Friday, 11:37 am, 060, Dry, N, Daylight, Side Swipe, Not Injured, N, N
AUS, 2, 0, 0, 0, 2017, April, Friday, 11:15 am, 050, Dry, N, Daylight, Side Swipe, Not Injured, N, N
AUS, 2, 0, 0, 1, 2017, April, Friday, 11:25 am, 050, Dry, N, Daylight, Hit Fixed Object, Minor Injury, N, N
AUS, 2, 0, 0, 0, 2017, April, Thursday, 11:00 am, 060, Dry, N, Daylight, Side Swipe, Not Injured, N, N
AUS, 2, 0, 0, 0, 2017, April, Friday, 02:00 pm, 060, Dry, N, Daylight, Rear End, Not Injured, N, N
AUS, 2, 0, 0, 1, 2017, April, Friday, 06:45 am, 060, Dry, N, Daylight, Side Swipe, Minor Injury, N, N
AUS, 3, 0, 0, 0, 2017, April, Wednesday, 05:24 pm, 060, Dry, N, Daylight, Rear End, Not Injured, N, N
AUS, 2, 0, 0, 3, 2017, April, Friday, 12:25 pm, 060, Dry, N, Daylight, Head On, Minor Injury, N, Y
AUS, 2, 0, 0, 1, 2017, April, Sunday, 08:00 pm, 060, Dry, N, Night, Right Angle, Minor Injury, N, N
AUS, 2, 0, 0, 0, 2017, April, Friday, 04:00 pm, 060, Dry, N, Daylight, Rear End, Not Injured, N, N
AUS, 2, 0, 0, 0, 2017, April, Friday, 05:30 pm, 060, Dry, N, Daylight, Side Swipe, Not Injured, N, N
AUS, 2, 0, 0, 2, 2017, April, Friday, 03:58 pm, 060, Dry, N, Daylight, Right Angle, Minor Injury, N, N
AUS, 2, 0, 0, 0, 2017, April, Friday, 05:06 pm, 060, Dry, N, Daylight, Rear End, Not Injured, N, N
AUS, 2, 0, 0, 0, 2017, April, Friday, 06:25 pm, 060, Dry, N, Night, Rear End, Not Injured, N, N
AUS, 2, 0, 0, 0, 2017, April, Friday, 03:40 pm, 060, Dry, N, Daylight, Side Swipe, Not Injured, N, N
AUS, 2, 0, 0, 0, 2017, April, Friday, 08:50 am, 060, Dry, N, Daylight, Rear End, Not Injured, N, N
AUS, 2, 0, 0, 2, 2017, April, Friday, 09:40 pm, 060, Dry, N, Night, Right Angle, Minor Injury, N, N
AUS, 2, 0, 0, 0, 2017, April, Friday, 10:10 pm, 080, Dry, N, Night, Hit Fixed Object, Not Injured, N, N
AUS, 3, 0, 0, 1, 2017, April, Friday, 10:40 pm, 060, Dry, N, Night, Hit Fixed Object, Minor Injury, N, N
AUS, 2, 0, 0, 0, 2017, April, Saturday, 07:18 am, 060, Dry, N, Daylight, Right Angle, Not Injured, N, N
AUS, 2, 0, 0, 1, 2017, April, Saturday, 08:00 am, 060, Dry, N, Daylight, Side Swipe, Minor Injury, N, N
AUS, 2, 0, 0, 0, 2017, April, Saturday, 07:55 am, 060, Dry, N, Daylight, Right Angle, Not Injured, N, N
AUS, 2, 0, 0, 1, 2017, April, Friday, 05:55 am, 070, Dry, N, Night, Right Angle, Minor Injury, N, N
AUS, 2, 0, 0, 2, 2017, April, Saturday, 08:15 am, 050, Dry, N, Daylight, Right Angle, Minor Injury, N, N
AUS, 2, 0, 0, 0, 2017, April, Saturday, 10:30 am, 060, Dry, N, Daylight, Right Angle, Not Injured, N, N
AUS, 2, 0, 0, 0, 2017, April, Saturday, 12:05 pm, 070, Dry, N, Daylight, Rear End, Not Injured, N, N
AUS, 2, 0, 0, 1, 2017, April, Saturday, 11:36 am, 100, Dry, N, Daylight, Hit Fixed Object, Minor Injury, N, N
AUS, 2, 0, 0, 1, 2017, April, Saturday, 12:20 pm, 050, Dry, N, Daylight, Rear End, Minor Injury, N, N
AUS, 2, 0, 0, 1, 2017, April, Saturday, 09:15 am, 080, Dry, N, Daylight, Right Angle, Minor Injury, N, N
AUS, 4, 0, 0, 1, 2017, April, Friday, 11:30 pm, 060, Dry, N, Night, Right Angle, Minor Injury, N, N
AUS, 2, 0, 0, 0, 2017, April, Friday, 05:59 pm, 050, Dry, N, Daylight, Rear End, Not Injured, N, N
AUS, 2, 0, 0, 3, 2017, April, Saturday, 01:50 pm, 060, Dry, N, Daylight, Side Swipe, Minor Injury, N, N
AUS, 2, 0, 0, 0, 2017, April, Saturday, 04:25 pm, 060, Dry, N, Daylight, Side Swipe, Not Injured, N, N
AUS, 2, 0, 0, 2, 2017, April, Saturday, 04:30 pm, 070, Dry, N, Daylight, Right Angle, Minor Injury, N, N
AUS, 2, 0, 0, 0, 2017, April, Saturday, 04:53 pm, 060, Dry, N, Daylight, Rear End, Not Injured, N, N
AUS, 2, 0, 0, 0, 2017, April, Saturday, 03:00 pm, 050, Dry, N, Daylight, Right Angle, Not Injured, N, N
AUS, 2, 0, 0, 0, 2017, April, Saturday, 05:15 pm, 060, Dry, N, Daylight, Rear End, Not Injured, N, N
AUS, 2, 0, 0, 1, 2017, April, Saturday, 08:30 pm, 060, Dry, N, Night, Hit Pedestrian, Minor Injury, N, N
AUS, 2, 0, 3, 1, 2017, April, Friday, 04:52 pm, 100, Dry, N, Daylight, Right Angle, Major Injury, N, N
AUS, 2, 0, 0, 2, 2017, April, Saturday, 06:45 pm, 110, Dry, N, Night, Hit Fixed Object, Minor Injury, N, N
AUS, 2, 0, 0, 1, 2017, April, Saturday, 11:35 pm, 050, Dry, N, Night, Hit Pedestrian, Minor Injury, N, N
AUS, 2, 0, 0, 2, 2017, April, Saturday, 05:20 am, 110, Dry, N, Night, Hit Fixed Object, Minor Injury, Y, N
AUS, 3, 0, 0, 0, 2017, April, Saturday, 06:10 am, 110, Dry, N, Night, Hit Fixed Object, Not Injured, N, N
AUS, 2, 0, 0, 1, 2017, April, Saturday, 12:45 pm, 050, Dry, N, Daylight, Rear End, Minor Injury, N, N
AUS, 4, 0, 0, 0, 2017, April, Sunday, 08:25 am, 050, Wet, Y, Daylight, Right Angle, Not Injured, N, N
AUS, 2, 0, 0, 1, 2017, April, Sunday, 07:50 am, 090, Dry, N, Daylight, Hit Fixed Object, Minor Injury, N, N
AUS, 2, 0, 0, 0, 2017, April, Saturday, 06:30 pm, 060, Dry, N, Daylight, Hit Fixed Object, Not Injured, N, Y
AUS, 2, 0, 0, 0, 2017, April, Sunday, 12:10 pm, 060, Dry, N, Daylight, Right Angle, Not Injured, N, N
AUS, 2, 0, 0, 0, 2017, April, Sunday, 01:55 pm, 060, Dry, N, Daylight, Rear End, Not Injured, N, N
AUS, 2, 0, 0, 0, 2017, April, Sunday, 12:15 pm, 060, Dry, N, Daylight, Hit Fixed Object, Not Injured, N, N
AUS, 2, 0, 0, 0, 2017, April, Sunday, 12:00 pm, 050, Dry, N, Daylight, Right Angle, Not Injured, N, N
AUS, 2, 0, 0, 0, 2017, February, Saturday, 11:50 pm, 050, Dry, N, Night, Hit Fixed Object, Not Injured, Y, N
AUS, 2, 0, 0, 1, 2017, April, Sunday, 02:42 pm, 080, Wet, Y, Daylight, Hit Fixed Object, Minor Injury, N, N
AUS, 2, 0, 0, 0, 2017, April, Friday, 06:45 pm, 060, Dry, N, Night, Hit Fixed Object, Not Injured, N, N
AUS, 3, 0, 0, 1, 2017, April, Sunday, 03:40 pm, 060, Dry, N, Daylight, Rear End, Minor Injury, N, N
AUS, 2, 0, 0, 0, 2017, April, Sunday, 05:55 pm, 080, Wet, Y, Daylight, Hit Fixed Object, Not Injured, N, N
AUS, 2, 0, 0, 0, 2017, April, Sunday, 11:30 am, 110, Dry, N, Daylight, Hit Pedestrian, Not Injured, N, N
AUS, 2, 0, 1, 0, 2017, April, Sunday, 09:45 pm, 080, Dry, N, Night, Hit Fixed Object, Major Injury, N, N
AUS, 2, 0, 0, 1, 2017, April, Sunday, 10:55 pm, 050, Dry, N, Night, Hit Pedestrian, Minor Injury, N, N
AUS, 2, 0, 0, 0, 2017, April, Monday, 01:45 am, 070, Dry, N, Night, Hit Fixed Object, Not Injured, N, N
AUS, 3, 0, 0, 0, 2017, April, Monday, 05:30 am, 080, Dry, N, Night, Hit Fixed Object, Not Injured, N, N
AUS, 2, 0, 0, 2, 2017, April, Saturday, 10:10 pm, 080, Dry, N, Night, Hit Fixed Object, Minor Injury, N, N
AUS, 2, 0, 0, 1, 2017, April, Sunday, 12:00 pm, 080, Dry, N, Daylight, Side Swipe, Minor Injury, N, N
AUS, 2, 0, 0, 1, 2017, April, Sunday, 01:00 pm, 100, Wet, Y, Daylight, Hit Fixed Object, Minor Injury, N, N
AUS, 2, 0, 0, 0, 2017, March, Thursday, 08:00 am, 050, Dry, N, Daylight, Side Swipe, Not Injured, N, N
AUS, 2, 0, 0, 0, 2017, April, Friday, 03:00 pm, 060, Dry, N, Daylight, Rear End, Not Injured, N, N
AUS, 2, 0, 0, 1, 2017, April, Thursday, 08:40 am, 060, Dry, N, Daylight, Rear End, Minor Injury, N, N
AUS, 2, 0, 0, 0, 2017, April, Friday, 03:40 pm, 060, Dry, N, Daylight, Rear End, Not Injured, N, N
AUS, 3, 0, 0, 0, 2017, April, Saturday, 07:05 pm, 050, Dry, N, Night, Hit Fixed Object, Not Injured, Y, N
AUS, 2, 0, 0, 0, 2017, April, Monday, 08:40 am, 060, Dry, N, Daylight, Right Angle, Not Injured, N, N
AUS, 2, 0, 0, 0, 2017, April, Tuesday, 07:00 am, 100, Dry, N, Daylight, Hit Fixed Object, Not Injured, N, N
AUS, 2, 0, 0, 2, 2017, April, Monday, 08:30 am, 100, Dry, N, Daylight, Hit Fixed Object, Minor Injury, N, N
AUS, 2, 0, 0, 0, 2017, April, Monday, 11:10 am, 050, Dry, N, Daylight, Right Angle, Not Injured, N, N
AUS, 2, 0, 0, 0, 2017, April, Monday, 09:00 am, 080, Dry, N, Daylight, Hit Fixed Object, Not Injured, N, N
AUS, 2, 0, 0, 1, 2017, April, Monday, 08:10 am, 060, Dry, N, Daylight, Rear End, Minor Injury, N, N
AUS, 2, 0, 0, 1, 2017, April, Monday, 07:45 am, 060, Dry, N, Daylight, Side Swipe, Minor Injury, N, N
AUS, 3, 0, 0, 0, 2017, April, Friday, 04:15 pm, 060, Dry, N, Daylight, Rear End, Not Injured, N, N
AUS, 2, 0, 0, 0, 2017, April, Friday, 12:40 pm, 080, Dry, N, Daylight, Right Angle, Not Injured, N, N
AUS, 3, 0, 0, 0, 2017, April, Friday, 05:40 am, 080, Dry, N, Night, Side Swipe, Not Injured, N, N
AUS, 2, 0, 0, 0, 2017, April, Monday, 01:30 pm, 110, Wet, Y, Daylight, Rear End, Not Injured, N, N
AUS, 2, 0, 0, 0, 2017, April, Monday, 03:33 pm, 070, Dry, N, Daylight, Rear End, Not Injured, N, N
AUS, 2, 0, 0, 0, 2017, April, Monday, 05:20 pm, 060, Dry, N, Daylight, Rear End, Not Injured, N, N
AUS, 3, 0, 0, 0, 2017, April, Monday, 05:29 pm, 060, Dry, N, Daylight, Rear End, Not Injured, N, N
AUS, 4, 0, 0, 1, 2017, April, Saturday, 12:45 pm, 060, Dry, N, Daylight, Rear End, Minor Injury, N, N
AUS, 2, 0, 0, 0, 2017, April, Monday, 05:20 pm, 050, Dry, N, Daylight, Rear End, Not Injured, N, N
AUS, 4, 0, 0, 1, 2017, April, Monday, 06:45 pm, 080, Dry, N, Night, Right Angle, Minor Injury, N, N
AUS, 2, 0, 0, 1, 2017, April, Monday, 05:50 pm, 100, Dry, N, Daylight, Right Angle, Minor Injury, N, N
AUS, 2, 0, 0, 0, 2017, April, Monday, 06:35 am, 060, Dry, N, Daylight, Hit Fixed Object, Not Injured, N, N
AUS, 2, 0, 0, 1, 2017, April, Monday, 08:50 pm, 110, Wet, Y, Night, Hit Fixed Object, Minor Injury, N, N
AUS, 2, 0, 2, 3, 2017, April, Monday, 07:25 pm, 100, Dry, N, Night, Right Angle, Major Injury, N, N
AUS, 2, 0, 0, 1, 2017, April, Monday, 02:00 pm, 050, Dry, N, Daylight, Rear End, Minor Injury, N, N
AUS, 2, 0, 0, 1, 2017, April, Monday, 05:05 pm, 050, Dry, N, Daylight, Side Swipe, Minor Injury, N, N
AUS, 3, 0, 0, 0, 2017, April, Tuesday, 06:50 am, 080, Dry, N, Daylight, Rear End, Not Injured, N, N
AUS, 2, 0, 0, 0, 2017, April, Tuesday, 08:00 am, 060, Dry, N, Daylight, Rear End, Not Injured, N, N
AUS, 2, 0, 0, 0, 2017, April, Tuesday, 07:30 am, 060, Dry, N, Daylight, Side Swipe, Not Injured, N, N
AUS, 2, 0, 0, 1, 2017, April, Sunday, 12:14 pm, 100, Dry, N, Daylight, Hit Fixed Object, Minor Injury, Y, N
AUS, 2, 0, 0, 0, 2017, April, Monday, 03:30 pm, 050, Dry, N, Daylight, Hit Fixed Object, Not Injured, N, N
AUS, 2, 0, 0, 0, 2017, April, Tuesday, 10:55 am, 060, Dry, N, Daylight, Side Swipe, Not Injured, N, N
AUS, 2, 0, 0, 1, 2017, April, Friday, 03:15 pm, 060, Dry, N, Daylight, Right Angle, Minor Injury, N, N
AUS, 2, 0, 0, 0, 2017, April, Tuesday, 07:00 am, 110, Dry, N, Daylight, Hit Fixed Object, Not Injured, N, N
AUS, 2, 0, 0, 0, 2017, April, Tuesday, 08:45 am, 080, Dry, N, Daylight, Rear End, Not Injured, N, N
AUS, 2, 0, 0, 2, 2017, April, Tuesday, 08:07 am, 050, Dry, N, Daylight, Rear End, Minor Injury, N, N
AUS, 2, 0, 0, 1, 2017, April, Monday, 02:30 pm, 050, Dry, N, Daylight, Hit Pedestrian, Minor Injury, N, N
AUS, 2, 0, 0, 0, 2017, April, Monday, 08:45 pm, 060, Dry, N, Night, Hit Fixed Object, Not Injured, N, N
AUS, 2, 0, 0, 0, 2017, April, Monday, 09:45 pm, 050, Dry, N, Night, Hit Fixed Object, Not Injured, N, N
AUS, 2, 0, 0, 1, 2017, April, Tuesday, 11:30 am, 050, Dry, N, Daylight, Side Swipe, Minor Injury, N, N
AUS, 2, 0, 0, 0, 2017, April, Tuesday, 03:30 pm, 050, Dry, N, Daylight, Rear End, Not Injured, N, N
AUS, 2, 0, 0, 2, 2017, April, Sunday, 04:00 pm, 060, Wet, Y, Daylight, Rear End, Minor Injury, N, N
AUS, 2, 0, 0, 1, 2017, April, Monday, 08:00 pm, 060, Dry, N, Night, Hit Fixed Object, Minor Injury, N, N
AUS, 2, 0, 0, 0, 2017, April, Tuesday, 05:00 pm, 050, Dry, N, Daylight, Side Swipe, Not Injured, N, N
AUS, 2, 0, 0, 0, 2017, April, Tuesday, 11:00 am, 050, Dry, N, Daylight, Rear End, Not Injured, N, N
AUS, 2, 0, 0, 0, 2017, April, Wednesday, 06:30 am, 060, Dry, N, Night, Right Angle, Not Injured, N, N
AUS, 2, 0, 0, 0, 2017, April, Tuesday, 02:40 pm, 050, Dry, N, Daylight, Rear End, Not Injured, N, N
AUS, 3, 0, 0, 4, 2017, April, Tuesday, 01:03 pm, 060, Dry, N, Daylight, Rear End, Minor Injury, N, N
AUS, 2, 0, 0, 0, 2017, April, Wednesday, 08:00 am, 060, Dry, N, Daylight, Right Angle, Not Injured, N, N
AUS, 2, 0, 0, 0, 2017, April, Wednesday, 09:25 am, 050, Dry, N, Daylight, Right Angle, Not Injured, N, N
AUS, 2, 0, 0, 1, 2017, April, Wednesday, 10:20 am, 080, Dry, N, Daylight, Rear End, Minor Injury, N, N
AUS, 2, 0, 0, 0, 2017, April, Monday, 10:50 am, 060, Dry, N, Daylight, Side Swipe, Not Injured, N, N
AUS, 2, 0, 0, 0, 2017, April, Wednesday, 08:40 am, 070, Dry, N, Daylight, Rear End, Not Injured, N, N
AUS, 2, 0, 0, 0, 2017, April, Tuesday, 01:30 pm, 060, Dry, N, Daylight, Hit Fixed Object, Not Injured, N, N