Nation,Total Units,Total Fatalities,Total Serious Injuries,Total Minor Injuries,Year,Month,Day,Time,Speed Limit,Moisture,Adverse Weather Conditions,DayNight,Crash Type,Crash Severity,Alcohol Related ,Drug Related
AUS, 2, 0, 0, 0, 2017, April, Wednesday, 11:00 am, 060, Dry, N, Daylight, Side Swipe, Not Injured, N, N
AUS, 2, 0, 0, 0, 2017, April, Tuesday, 05:15 pm, 110, Dry, N, Daylight, Rear End, Not Injured, N, N
AUS, 3, 0, 0, 0, 2017, April, Wednesday, 01:45 pm, 060, Dry, N, Daylight, Rear End, Not Injured, N, N
AUS, 2, 0, 0, 0, 2017, April, Wednesday, 03:20 pm, 060, Dry, N, Daylight, Side Swipe, Not Injured, N, N
AUS, 3, 0, 0, 0, 2017, April, Wednesday, 04:05 pm, 060, Dry, N, Daylight, Rear End, Not Injured, N, N
AUS, 2, 0, 0, 1, 2017, April, Wednesday, 04:30 pm, 080, Dry, N, Daylight, Right Angle, Minor Injury, N, N
AUS, 2, 0, 0, 1, 2017, April, Wednesday, 03:35 pm, 060, Dry, N, Daylight, Rear End, Minor Injury, N, N
AUS, 3, 0, 0, 1, 2017, April, Wednesday, 03:25 pm, 050, Dry, N, Daylight, Rear End, Minor Injury, N, N
AUS, 2, 0, 0, 0, 2017, April, Wednesday, 12:55 pm, 060, Dry, N, Daylight, Side Swipe, Not Injured, N, N
AUS, 2, 0, 0, 0, 2017, April, Wednesday, 04:10 pm, 060, Dry, N, Daylight, Right Angle, Not Injured, N, N
AUS, 2, 0, 0, 0, 2017, April, Tuesday, 02:55 pm, 060, Dry, N, Daylight, Hit Fixed Object, Not Injured, N, N
AUS, 2, 0, 0, 0, 2017, April, Tuesday, 01:40 pm, 080, Dry, N, Daylight, Side Swipe, Not Injured, N, N
AUS, 2, 0, 0, 1, 2017, April, Wednesday, 06:00 pm, 060, Dry, N, Daylight, Right Angle, Minor Injury, N, N
AUS, 2, 0, 0, 0, 2017, April, Wednesday, 08:10 pm, 060, Dry, N, Night, Right Angle, Not Injured, N, N
AUS, 2, 0, 0, 0, 2017, April, Wednesday, 04:45 pm, 050, Dry, N, Daylight, Rear End, Not Injured, N, N
AUS, 2, 0, 0, 0, 2017, April, Wednesday, 06:50 pm, 050, Dry, N, Night, Hit Pedestrian, Not Injured, N, N
AUS, 2, 0, 0, 0, 2017, April, Thursday, 04:20 am, 060, Dry, N, Night, Right Angle, Not Injured, N, N
AUS, 2, 0, 0, 0, 2017, April, Wednesday, 05:15 pm, 060, Dry, N, Daylight, Side Swipe, Not Injured, N, N
AUS, 2, 0, 0, 0, 2017, April, Thursday, 06:30 am, 060, Dry, N, Night, Right Angle, Not Injured, N, N
AUS, 4, 0, 0, 0, 2017, April, Thursday, 07:10 am, 060, Dry, N, Daylight, Rear End, Not Injured, N, N
AUS, 2, 0, 0, 1, 2017, April, Thursday, 07:55 am, 050, Dry, N, Daylight, Right Angle, Minor Injury, N, N
AUS, 2, 0, 0, 1, 2017, April, Wednesday, 12:50 pm, 050, Dry, N, Daylight, Rear End, Minor Injury, N, N
AUS, 2, 0, 0, 0, 2017, April, Wednesday, 03:15 pm, 060, Dry, N, Daylight, Rear End, Not Injured, N, N
AUS, 2, 0, 0, 1, 2017, April, Wednesday, 06:05 pm, 060, Dry, N, Daylight, Rear End, Minor Injury, N, N
AUS, 2, 0, 0, 5, 2017, April, Thursday, 09:35 am, 050, Dry, N, Daylight, Right Angle, Minor Injury, N, N
AUS, 2, 0, 0, 1, 2017, April, Thursday, 08:25 am, 070, Dry, N, Daylight, Side Swipe, Minor Injury, N, N
AUS, 2, 0, 0, 0, 2017, April, Wednesday, 01:15 pm, 060, Dry, N, Daylight, Hit Fixed Object, Not Injured, N, N
AUS, 2, 0, 0, 0, 2017, April, Thursday, 10:10 am, 060, Dry, N, Daylight, Rear End, Not Injured, N, N
AUS, 3, 0, 0, 1, 2017, April, Wednesday, 07:10 pm, 060, Dry, N, Night, Rear End, Minor Injury, N, N
AUS, 2, 0, 0, 0, 2017, April, Thursday, 06:45 am, 050, Dry, N, Daylight, Right Angle, Not Injured, N, N
AUS, 2, 0, 0, 0, 2017, April, Wednesday, 12:00 pm, 060, Dry, N, Daylight, Side Swipe, Not Injured, N, N
AUS, 3, 0, 1, 2, 2017, April, Thursday, 06:55 am, 110, Dry, N, Daylight, Rear End, Major Injury, Y, N
AUS, 2, 0, 0, 0, 2017, April, Wednesday, 03:45 pm, 060, Dry, N, Daylight, Side Swipe, Not Injured, N, N
AUS, 2, 0, 0, 0, 2017, April, Wednesday, 05:30 pm, 110, Dry, N, Daylight, Hit Fixed Object, Not Injured, N, N
AUS, 2, 0, 0, 0, 2017, April, Thursday, 01:00 pm, 050, Dry, N, Daylight, Right Angle, Not Injured, N, N
AUS, 2, 0, 0, 0, 2017, April, Thursday, 08:20 am, 060, Dry, N, Daylight, Rear End, Not Injured, N, N
AUS, 2, 0, 0, 0, 2017, April, Wednesday, 07:00 pm, 060, Dry, N, Night, Right Angle, Not Injured, N, N
AUS, 2, 0, 0, 0, 2017, April, Monday, 08:30 am, 100, Wet, Y, Daylight, Hit Fixed Object, Not Injured, N, N
AUS, 2, 0, 0, 1, 2017, April, Thursday, 01:40 pm, 050, Dry, N, Daylight, Right Angle, Minor Injury, N, N
AUS, 3, 0, 0, 1, 2017, April, Thursday, 03:20 pm, 070, Dry, N, Daylight, Rear End, Minor Injury, N, N
AUS, 2, 0, 0, 0, 2017, April, Thursday, 02:05 pm, 020, Dry, N, Daylight, Right Angle, Not Injured, N, N
AUS, 2, 0, 0, 1, 2017, April, Thursday, 04:30 pm, 060, Dry, N, Daylight, Rear End, Minor Injury, N, Y
AUS, 2, 0, 0, 0, 2017, April, Thursday, 04:30 pm, 050, Dry, N, Daylight, Rear End, Not Injured, N, N
AUS, 2, 0, 0, 1, 2017, April, Thursday, 03:50 pm, 060, Dry, N, Daylight, Hit Pedestrian, Minor Injury, N, N
AUS, 2, 0, 0, 0, 2017, April, Thursday, 04:38 pm, 050, Dry, N, Daylight, Right Angle, Not Injured, N, N
AUS, 2, 0, 0, 0, 2017, April, Thursday, 04:06 pm, 050, Dry, N, Daylight, Rear End, Not Injured, N, N
AUS, 2, 0, 0, 0, 2017, April, Thursday, 05:20 pm, 090, Dry, N, Daylight, Rear End, Not Injured, N, N
AUS, 3, 0, 0, 1, 2017, April, Thursday, 03:00 pm, 060, Dry, N, Daylight, Rear End, Minor Injury, N, N
AUS, 2, 0, 0, 1, 2017, April, Thursday, 05:45 pm, 050, Dry, N, Daylight, Hit Pedestrian, Minor Injury, N, N
AUS, 2, 0, 0, 1, 2017, April, Thursday, 05:45 pm, 060, Dry, N, Daylight, Side Swipe, Minor Injury, N, N
AUS, 2, 0, 0, 1, 2017, April, Thursday, 07:30 pm, 060, Dry, N, Night, Rear End, Minor Injury, N, N
AUS, 2, 0, 0, 0, 2017, April, Thursday, 10:30 pm, 090, Dry, N, Night, Side Swipe, Not Injured, N, N
AUS, 2, 0, 0, 0, 2017, April, Thursday, 11:32 pm, 050, Dry, N, Night, Right Angle, Not Injured, N, N
AUS, 2, 0, 0, 1, 2017, April, Friday, 01:30 am, 050, Dry, N, Night, Hit Fixed Object, Minor Injury, N, N
AUS, 2, 0, 0, 0, 2017, April, Friday, 05:55 am, 050, Dry, N, Night, Hit Fixed Object, Not Injured, N, N
AUS, 2, 0, 0, 0, 2017, April, Friday, 04:30 am, 050, Dry, N, Night, Hit Fixed Object, Not Injured, Y, N
AUS, 2, 0, 0, 0, 2017, April, Friday, 07:15 am, 110, Wet, Y, Daylight, Hit Fixed Object, Not Injured, N, N
AUS, 2, 0, 0, 0, 2017, April, Thursday, 05:30 pm, 050, Dry, N, Daylight, Side Swipe, Not Injured, N, N
AUS, 2, 0, 0, 1, 2017, April, Thursday, 07:15 pm, 060, Dry, N, Night, Rear End, Minor Injury, N, N
AUS, 2, 0, 0, 2, 2017, April, Thursday, 06:54 pm, 100, Dry, N, Night, Hit Fixed Object, Minor Injury, N, N
AUS, 2, 0, 0, 1, 2017, April, Thursday, 07:30 pm, 060, Dry, N, Daylight, Rear End, Minor Injury, N, N
AUS, 2, 0, 0, 0, 2017, April, Thursday, 12:01 pm, 060, Dry, N, Daylight, Right Angle, Not Injured, N, N
AUS, 2, 0, 0, 0, 2017, April, Thursday, 03:00 pm, 060, Dry, N, Daylight, Rear End, Not Injured, N, N
AUS, 3, 0, 0, 0, 2017, April, Thursday, 08:00 pm, 060, Dry, N, Night, Side Swipe, Not Injured, N, N
AUS, 2, 0, 0, 2, 2017, April, Thursday, 07:04 pm, 070, Dry, N, Night, Side Swipe, Minor Injury, N, N
AUS, 2, 0, 0, 1, 2017, April, Friday, 03:35 pm, 060, Dry, N, Daylight, Hit Pedestrian, Minor Injury, N, N
AUS, 2, 0, 0, 2, 2017, April, Friday, 04:15 pm, 090, Dry, N, Daylight, Right Angle, Minor Injury, N, N
AUS, 2, 0, 0, 0, 2017, April, Friday, 02:30 pm, 050, Dry, N, Daylight, Hit Fixed Object, Not Injured, N, N
AUS, 2, 0, 1, 3, 2017, April, Friday, 05:15 pm, 100, Dry, N, Daylight, Right Angle, Major Injury, N, N
AUS, 2, 0, 0, 0, 2017, April, Friday, 10:20 pm, 060, Dry, N, Night, Hit Fixed Object, Not Injured, N, N
AUS, 2, 0, 0, 0, 2017, April, Friday, 10:20 pm, 060, Dry, N, Night, Hit Fixed Object, Not Injured, N, N
AUS, 2, 0, 0, 0, 2017, April, Saturday, 12:55 am, 050, Dry, N, Night, Side Swipe, Not Injured, N, N
AUS, 2, 0, 0, 0, 2017, April, Saturday, 03:20 am, 060, Dry, N, Night, Hit Fixed Object, Not Injured, N, N
AUS, 2, 0, 0, 0, 2017, April, Sunday, 08:15 pm, 060, Dry, N, Night, Hit Fixed Object, Not Injured, N, N
AUS, 2, 0, 0, 0, 2017, April, Saturday, 08:25 am, 100, Dry, N, Daylight, Hit Fixed Object, Not Injured, N, N
AUS, 2, 0, 0, 0, 2017, April, Friday, 11:30 am, 080, Dry, N, Daylight, Side Swipe, Not Injured, N, N
AUS, 2, 0, 0, 1, 2017, April, Saturday, 10:05 am, 080, Dry, N, Daylight, Hit Fixed Object, Minor Injury, N, Y
AUS, 2, 0, 0, 0, 2017, April, Saturday, 10:30 am, 060, Dry, N, Daylight, Right Angle, Not Injured, N, N
AUS, 2, 0, 0, 1, 2017, April, Saturday, 11:50 am, 060, Dry, N, Daylight, Side Swipe, Minor Injury, N, N
AUS, 2, 0, 0, 0, 2017, April, Saturday, 01:59 pm, 060, Dry, N, Daylight, Rear End, Not Injured, N, N
AUS, 2, 0, 0, 1, 2017, April, Friday, 04:35 pm, 050, Dry, N, Daylight, Right Angle, Minor Injury, N, N
AUS, 3, 0, 0, 0, 2017, April, Friday, 04:10 pm, 060, Dry, N, Daylight, Hit Fixed Object, Not Injured, N, N
AUS, 3, 0, 0, 1, 2017, April, Saturday, 05:25 pm, 060, Dry, N, Daylight, Rear End, Minor Injury, N, N
AUS, 2, 0, 0, 0, 2017, April, Sunday, 01:20 am, 050, Dry, N, Night, Side Swipe, Not Injured, N, N
AUS, 2, 0, 0, 0, 2017, April, Sunday, 01:40 am, 050, Dry, N, Night, Hit Fixed Object, Not Injured, N, N
AUS, 2, 0, 0, 0, 2017, April, Sunday, 09:49 am, 040, Dry, N, Daylight, Hit Pedestrian, Not Injured, N, N
AUS, 3, 0, 0, 1, 2017, April, Sunday, 10:00 am, 060, Dry, N, Daylight, Rear End, Minor Injury, N, N
AUS, 2, 0, 0, 0, 2017, April, Sunday, 11:30 am, 050, Dry, N, Daylight, Hit Fixed Object, Not Injured, N, N
AUS, 2, 0, 0, 0, 2017, April, Sunday, 01:38 pm, 100, Dry, N, Daylight, Rear End, Not Injured, N, N
AUS, 2, 0, 0, 0, 2017, April, Sunday, 11:30 am, 060, Dry, N, Daylight, Hit Pedestrian, Not Injured, N, N
AUS, 2, 0, 0, 0, 2017, March, Thursday, 01:50 pm, 060, Dry, N, Daylight, Side Swipe, Not Injured, N, N
AUS, 2, 0, 0, 0, 2017, April, Sunday, 12:00 am, 110, Dry, N, Night, Hit Fixed Object, Not Injured, N, N
AUS, 2, 0, 1, 1, 2017, April, Saturday, 11:15 pm, 060, Dry, N, Night, Right Angle, Major Injury, Y, N
AUS, 2, 0, 0, 1, 2017, April, Sunday, 11:15 am, 050, Dry, N, Daylight, Right Angle, Minor Injury, N, N
AUS, 2, 0, 1, 2, 2017, April, Sunday, 09:35 pm, 060, Dry, N, Night, Hit Fixed Object, Major Injury, N, N
AUS, 2, 0, 1, 0, 2017, April, Monday, 12:19 am, 060, Dry, N, Night, Right Angle, Major Injury, Y, N
AUS, 2, 0, 0, 0, 2017, April, Saturday, 04:00 am, 050, Dry, N, Night, Hit Fixed Object, Not Injured, N, N
AUS, 2, 0, 0, 1, 2017, April, Sunday, 01:23 pm, 080, Dry, N, Daylight, Head On, Minor Injury, N, N
AUS, 2, 0, 0, 2, 2017, April, Monday, 08:15 am, 050, Dry, N, Daylight, Rear End, Minor Injury, N, N
AUS, 2, 0, 0, 0, 2017, April, Saturday, 10:00 am, 080, Dry, N, Daylight, Right Angle, Not Injured, N, N
AUS, 2, 0, 0, 0, 2017, April, Monday, 11:15 am, 050, Dry, N, Daylight, Right Angle, Not Injured, N, N
AUS, 2, 0, 0, 0, 2017, April, Tuesday, 09:50 am, 060, Dry, N, Daylight, Right Angle, Not Injured, N, N
AUS, 2, 0, 0, 0, 2017, April, Monday, 12:25 pm, 060, Dry, N, Daylight, Rear End, Not Injured, N, N
AUS, 2, 0, 0, 0, 2017, April, Monday, 12:10 pm, 060, Dry, N, Daylight, Rear End, Not Injured, N, N
AUS, 2, 0, 0, 0, 2017, April, Friday, 09:00 am, 080, Dry, N, Daylight, Right Angle, Not Injured, N, N
AUS, 2, 0, 0, 0, 2017, April, Saturday, 12:00 pm, 080, Dry, N, Daylight, Rear End, Not Injured, N, N
AUS, 3, 0, 1, 2, 2017, April, Sunday, 08:10 pm, 050, Dry, N, Night, Head On, Major Injury, Y, N
AUS, 2, 0, 1, 0, 2017, April, Monday, 09:00 am, 100, Dry, N, Daylight, Hit Fixed Object, Major Injury, N, Y
AUS, 2, 0, 0, 0, 2017, April, Sunday, 04:00 pm, 060, Dry, N, Daylight, Rear End, Not Injured, N, N
AUS, 2, 0, 0, 2, 2017, April, Monday, 04:00 pm, 060, Dry, N, Daylight, Head On, Minor Injury, N, N
AUS, 2, 0, 0, 0, 2017, April, Monday, 04:15 pm, 060, Dry, N, Daylight, Hit Fixed Object, Not Injured, N, N
AUS, 3, 0, 0, 1, 2017, April, Monday, 04:34 pm, 050, Dry, N, Daylight, Hit Fixed Object, Minor Injury, N, N
AUS, 2, 0, 0, 1, 2017, April, Monday, 06:30 pm, 080, Dry, N, Night, Hit Fixed Object, Minor Injury, N, N
AUS, 2, 0, 0, 1, 2017, April, Monday, 02:40 pm, 050, Dry, N, Daylight, Hit Fixed Object, Minor Injury, N, N
AUS, 2, 0, 0, 0, 2017, April, Tuesday, 12:45 am, 050, Dry, N, Night, Hit Fixed Object, Not Injured, N, N
AUS, 2, 0, 0, 1, 2017, April, Tuesday, 12:00 am, 110, Dry, N, Night, Hit Fixed Object, Minor Injury, N, N
AUS, 2, 0, 0, 0, 2017, April, Saturday, 10:40 am, 080, Dry, N, Daylight, Right Angle, Not Injured, N, N
AUS, 2, 0, 0, 1, 2017, April, Tuesday, 06:50 am, 050, Dry, N, Daylight, Right Angle, Minor Injury, N, N
AUS, 2, 0, 0, 1, 2017, April, Monday, 09:20 am, 060, Dry, N, Daylight, Right Angle, Minor Injury, N, N
AUS, 2, 0, 0, 2, 2017, April, Tuesday, 08:30 am, 080, Dry, N, Daylight, Right Angle, Minor Injury, N, N
AUS, 2, 0, 0, 1, 2017, April, Tuesday, 09:45 am, 060, Dry, N, Daylight, Right Angle, Minor Injury, N, N
AUS, 2, 0, 0, 0, 2017, April, Tuesday, 11:25 am, 070, Dry, N, Daylight, Rear End, Not Injured, N, N
AUS, 2, 0, 0, 0, 2017, April, Sunday, 05:29 pm, 050, Dry, N, Daylight, Right Angle, Not Injured, N, N
AUS, 2, 0, 0, 1, 2017, April, Monday, 06:00 pm, 050, Dry, N, Daylight, Right Angle, Minor Injury, N, N
AUS, 2, 0, 0, 0, 2017, April, Tuesday, 07:30 am, 050, Dry, N, Daylight, Side Swipe, Not Injured, N, N
AUS, 2, 0, 0, 3, 2017, April, Tuesday, 02:55 pm, 060, Dry, N, Daylight, Right Angle, Minor Injury, N, N
AUS, 2, 0, 0, 0, 2017, April, Tuesday, 04:20 pm, 060, Dry, N, Daylight, Side Swipe, Not Injured, N, N
AUS, 2, 0, 0, 0, 2017, April, Tuesday, 04:50 pm, 060, Dry, N, Daylight, Side Swipe, Not Injured, N, N
AUS, 2, 0, 0, 1, 2017, April, Tuesday, 05:00 pm, 050, Dry, N, Daylight, Right Angle, Minor Injury, N, N
AUS, 2, 0, 0, 0, 2017, April, Tuesday, 02:00 pm, 060, Dry, N, Daylight, Rear End, Not Injured, N, N
AUS, 2, 0, 0, 1, 2017, April, Tuesday, 04:40 pm, 050, Dry, N, Daylight, Right Angle, Minor Injury, N, N
AUS, 2, 0, 0, 0, 2017, April, Tuesday, 05:14 pm, 050, Dry, N, Daylight, Rear End, Not Injured, N, N
AUS, 2, 0, 0, 1, 2017, April, Tuesday, 03:00 pm, 060, Dry, N, Daylight, Side Swipe, Minor Injury, N, N
AUS, 2, 0, 0, 0, 2017, April, Tuesday, 03:50 pm, 060, Dry, N, Daylight, Rear End, Not Injured, N, N
AUS, 2, 0, 0, 0, 2017, April, Tuesday, 05:20 pm, 060, Dry, N, Daylight, Side Swipe, Not Injured, N, N
AUS, 2, 1, 0, 0, 2017, April, Tuesday, 04:00 pm, 110, Dry, N, Daylight, Right Angle, Fatal, N, N
AUS, 2, 0, 0, 0, 2017, April, Tuesday, 08:00 pm, 050, Dry, N, Night, Hit Fixed Object, Not Injured, N, N
AUS, 2, 0, 2, 0, 2017, April, Tuesday, 10:22 pm, 070, Dry, N, Night, Hit Fixed Object, Major Injury, N, N
AUS, 2, 0, 0, 1, 2017, April, Wednesday, 05:20 am, 050, Dry, N, Night, Hit Fixed Object, Minor Injury, N, N
AUS, 2, 0, 0, 1, 2017, April, Wednesday, 03:36 am, 060, Dry, N, Night, Hit Fixed Object, Minor Injury, N, Y
AUS, 2, 0, 0, 1, 2017, April, Monday, 05:25 pm, 100, Dry, N, Daylight, Rear End, Minor Injury, N, N
AUS, 2, 0, 0, 0, 2017, April, Tuesday, 07:50 am, 060, Dry, N, Daylight, Rear End, Not Injured, N, N
AUS, 2, 0, 0, 0, 2017, April, Saturday, 05:45 pm, 050, Dry, N, Daylight, Rear End, Not Injured, N, N
AUS, 2, 0, 0, 0, 2017, April, Sunday, 05:45 pm, 050, Dry, N, Daylight, Hit Fixed Object, Not Injured, N, N
AUS, 2, 0, 0, 0, 2017, April, Friday, 04:00 pm, 050, Dry, N, Daylight, Right Angle, Not Injured, N, N
AUS, 2, 0, 0, 0, 2017, April, Wednesday, 09:50 am, 060, Dry, N, Daylight, Right Angle, Not Injured, N, N
AUS, 2, 0, 0, 0, 2017, April, Wednesday, 08:50 am, 050, Dry, N, Daylight, Rear End, Not Injured, N, N
AUS, 2, 0, 0, 1, 2017, April, Tuesday, 06:17 pm, 060, Dry, N, Daylight, Rear End, Minor Injury, N, N
AUS, 2, 0, 0, 1, 2017, April, Tuesday, 05:19 pm, 060, Dry, N, Daylight, Rear End, Minor Injury, N, N
AUS, 3, 0, 0, 0, 2017, April, Wednesday, 10:30 am, 060, Dry, N, Daylight, Side Swipe, Not Injured, N, N
AUS, 2, 0, 0, 0, 2017, April, Wednesday, 01:05 pm, 050, Dry, N, Daylight, Right Angle, Not Injured, N, N
AUS, 2, 0, 0, 0, 2017, April, Wednesday, 12:15 pm, 060, Dry, N, Daylight, Rear End, Not Injured, N, N
AUS, 2, 0, 0, 0, 2017, April, Saturday, 01:00 pm, 050, Dry, N, Daylight, Rear End, Not Injured, N, N
AUS, 2, 0, 0, 0, 2017, April, Wednesday, 03:22 pm, 060, Dry, N, Daylight, Right Angle, Not Injured, N, N
AUS, 2, 0, 0, 1, 2017, April, Wednesday, 12:00 pm, 050, Dry, N, Daylight, Side Swipe, Minor Injury, N, N
AUS, 3, 0, 0, 0, 2017, April, Wednesday, 05:10 pm, 060, Dry, N, Daylight, Rear End, Not Injured, N, N
AUS, 3, 0, 0, 0, 2017, April, Wednesday, 03:35 pm, 060, Dry, N, Daylight, Rear End, Not Injured, N, N
AUS, 2, 0, 0, 1, 2017, April, Wednesday, 03:45 pm, 060, Dry, N, Daylight, Right Angle, Minor Injury, N, N
AUS, 2, 0, 0, 0, 2017, April, Wednesday, 05:00 pm, 080, Dry, N, Daylight, Rear End, Not Injured, N, N
AUS, 3, 0, 1, 0, 2017, April, Wednesday, 07:35 pm, 050, Wet, Y, Night, Right Angle, Major Injury, N, N
AUS, 2, 0, 0, 0, 2017, April, Wednesday, 05:25 pm, 050, Dry, N, Daylight, Hit Fixed Object, Not Injured, N, N
AUS, 3, 0, 0, 0, 2017, April, Wednesday, 04:30 pm, 070, Dry, N, Daylight, Side Swipe, Not Injured, N, N
AUS, 2, 1, 3, 0, 2017, April, Wednesday, 06:40 pm, 110, Dry, N, Night, Head On, Fatal, N, Y
AUS, 2, 0, 0, 2, 2017, April, Thursday, 03:00 am, 090, Dry, N, Night, Hit Fixed Object, Minor Injury, N, Y
AUS, 3, 0, 0, 0, 2017, April, Wednesday, 12:45 pm, 100, Dry, N, Daylight, Hit Fixed Object, Not Injured, N, Y
AUS, 2, 0, 0, 0, 2017, April, Tuesday, 12:15 pm, 060, Dry, N, Daylight, Right Angle, Not Injured, N, N
AUS, 2, 0, 0, 0, 2017, April, Wednesday, 02:45 pm, 040, Dry, N, Daylight, Rear End, Not Injured, N, N
AUS, 3, 0, 0, 1, 2017, April, Thursday, 10:10 am, 100, Wet, Y, Daylight, Head On, Minor Injury, N, N
AUS, 2, 0, 0, 1, 2017, April, Thursday, 10:35 am, 060, Wet, Y, Daylight, Rear End, Minor Injury, N, N
AUS, 2, 0, 0, 1, 2017, April, Thursday, 10:48 am, 110, Wet, Y, Daylight, Right Angle, Minor Injury, N, N
AUS, 3, 0, 0, 0, 2017, April, Thursday, 06:45 am, 060, Wet, N, Daylight, Rear End, Not Injured, N, N
AUS, 2, 0, 0, 0, 2017, April, Thursday, 06:50 am, 090, Dry, N, Daylight, Rear End, Not Injured, N, N
AUS, 2, 0, 0, 0, 2017, April, Thursday, 09:50 am, 060, Wet, Y, Daylight, Side Swipe, Not Injured, N, N
AUS, 2, 0, 0, 0, 2017, April, Thursday, 12:00 pm, 080, Wet, Y, Daylight, Right Angle, Not Injured, N, N
AUS, 2, 0, 0, 1, 2017, April, Thursday, 01:00 pm, 060, Wet, Y, Daylight, Rear End, Minor Injury, N, N
AUS, 2, 0, 0, 0, 2017, April, Wednesday, 07:00 am, 050, Wet, Y, Daylight, Right Angle, Not Injured, N, N
AUS, 2, 0, 0, 0, 2017, April, Thursday, 08:20 am, 080, Wet, Y, Daylight, Rear End, Not Injured, N, N
AUS, 2, 0, 0, 0, 2017, March, Friday, 11:00 am, 110, Dry, N, Daylight, Right Angle, Not Injured, N, N
AUS, 2, 0, 0, 0, 2017, April, Thursday, 04:10 pm, 110, Wet, Y, Daylight, Hit Fixed Object, Not Injured, N, N
AUS, 2, 0, 0, 2, 2017, April, Tuesday, 02:05 pm, 060, Dry, N, Daylight, Right Angle, Minor Injury, N, Y
AUS, 3, 0, 0, 0, 2017, April, Wednesday, 05:45 pm, 050, Dry, N, Daylight, Rear End, Not Injured, N, N
AUS, 3, 0, 0, 1, 2017, April, Thursday, 02:01 pm, 050, Dry, N, Daylight, Rear End, Minor Injury, N, N
AUS, 2, 0, 0, 0, 2017, April, Thursday, 05:49 pm, 050, Wet, N, Night, Side Swipe, Not Injured, N, N
AUS, 2, 0, 0, 0, 2017, April, Thursday, 04:00 pm, 060, Dry, N, Daylight, Right Angle, Not Injured, N, N
AUS, 2, 0, 1, 0, 2017, April, Thursday, 06:00 pm, 060, Wet, Y, Night, Hit Pedestrian, Major Injury, N, N
AUS, 2, 0, 0, 0, 2017, April, Thursday, 06:05 pm, 080, Wet, Y, Night, Rear End, Not Injured, N, N
AUS, 2, 0, 0, 0, 2017, April, Thursday, 07:00 pm, 050, Dry, N, Night, Rear End, Not Injured, N, N
AUS, 3, 0, 0, 0, 2017, April, Thursday, 04:45 pm, 080, Dry, N, Daylight, Hit Fixed Object, Not Injured, N, N
AUS, 2, 0, 0, 1, 2017, April, Thursday, 06:30 pm, 060, Dry, N, Night, Right Angle, Minor Injury, N, N
AUS, 2, 0, 0, 0, 2017, April, Friday, 04:10 am, 050, Wet, N, Night, Hit Fixed Object, Not Injured, N, N
AUS, 2, 0, 0, 1, 2017, April, Thursday, 01:00 pm, 100, Wet, Y, Daylight, Head On, Minor Injury, N, N
AUS, 2, 0, 0, 1, 2017, April, Friday, 08:05 am, 060, Dry, N, Daylight, Rear End, Minor Injury, N, N
AUS, 2, 0, 0, 2, 2017, April, Tuesday, 11:30 pm, 100, Dry, N, Night, Hit Fixed Object, Minor Injury, N, Y
AUS, 2, 0, 0, 0, 2017, April, Friday, 07:23 am, 060, Wet, Y, Daylight, Right Angle, Not Injured, N, N
AUS, 2, 0, 0, 1, 2017, April, Thursday, 09:45 am, 060, Wet, Y, Daylight, Rear End, Minor Injury, N, N
AUS, 2, 0, 0, 0, 2017, April, Friday, 08:30 am, 060, Dry, N, Daylight, Side Swipe, Not Injured, N, N
AUS, 2, 0, 0, 0, 2017, April, Friday, 10:00 am, 060, Dry, N, Daylight, Right Angle, Not Injured, N, N
AUS, 2, 0, 0, 0, 2017, April, Thursday, 12:30 pm, 100, Wet, Y, Daylight, Hit Fixed Object, Not Injured, N, N
AUS, 2, 0, 0, 0, 2017, April, Thursday, 05:45 pm, 060, Wet, Y, Daylight, Rear End, Not Injured, N, N
AUS, 4, 0, 0, 0, 2017, April, Thursday, 11:00 am, 050, Wet, Y, Daylight, Right Angle, Not Injured, N, N
AUS, 2, 0, 0, 0, 2017, April, Friday, 12:00 pm, 060, Dry, N, Daylight, Rear End, Not Injured, N, Y
AUS, 2, 0, 0, 1, 2017, April, Thursday, 02:25 pm, 110, Wet, Y, Daylight, Hit Fixed Object, Minor Injury, N, N
AUS, 2, 0, 0, 0, 2017, April, Tuesday, 01:10 am, 050, Dry, N, Night, Hit Fixed Object, Not Injured, N, N
AUS, 2, 0, 0, 0, 2017, April, Friday, 12:20 pm, 070, Dry, N, Daylight, Rear End, Not Injured, N, N
AUS, 3, 0, 0, 3, 2017, April, Friday, 05:39 am, 100, Wet, Y, Night, Head On, Minor Injury, N, N
AUS, 2, 0, 0, 0, 2017, April, Thursday, 07:05 pm, 080, Wet, N, Night, Rear End, Not Injured, N, N
AUS, 2, 0, 0, 0, 2017, April, Thursday, 12:45 pm, 100, Wet, Y, Daylight, Hit Fixed Object, Not Injured, Y, N
AUS, 2, 0, 0, 1, 2017, March, Friday, 06:00 pm, 060, Dry, N, Daylight, Rear End, Minor Injury, N, N
AUS, 2, 0, 0, 1, 2017, April, Thursday, 05:00 pm, 060, Wet, Y, Daylight, Right Angle, Minor Injury, N, N
AUS, 2, 0, 0, 0, 2017, April, Friday, 03:15 pm, 050, Dry, N, Daylight, Side Swipe, Not Injured, N, N
AUS, 2, 0, 0, 0, 2017, April, Wednesday, 10:00 am, 060, Dry, N, Daylight, Rear End, Not Injured, N, N
AUS, 2, 0, 0, 0, 2017, April, Friday, 12:15 pm, 050, Dry, N, Daylight, Rear End, Not Injured, N, N
AUS, 2, 0, 0, 0, 2017, April, Friday, 01:15 am, 060, Dry, N, Night, Rear End, Not Injured, N, N