Nation,Total Units,Total Fatalities,Total Serious Injuries,Total Minor Injuries,Year,Month,Day,Time,Speed Limit,Moisture,Adverse Weather Conditions,DayNight,Crash Type,Crash Severity,Alcohol Related ,Drug Related
AUS, 2, 0, 0, 1, 2017, April, Thursday, 05:45 pm, 060, Dry, N, Daylight, Rear End, Minor Injury, N, N
AUS, 2, 0, 0, 1, 2017, April, Friday, 02:45 pm, 060, Dry, N, Daylight, Rear End, Minor Injury, N, N
AUS, 2, 0, 0, 0, 2017, April, Friday, 03:09 pm, 060, Dry, N, Daylight, Rear End, Not Injured, N, N
AUS, 2, 0, 0, 0, 2017, April, Thursday, 02:20 pm, 080, Wet, Y, Daylight, Hit Fixed Object, Not Injured, N, N
AUS, 3, 0, 0, 0, 2017, April, Thursday, 04:45 pm, 060, Dry, N, Daylight, Rear End, Not Injured, N, N
AUS, 2, 0, 0, 2, 2017, April, Friday, 04:53 pm, 050, Dry, N, Daylight, Right Angle, Minor Injury, N, N
AUS, 3, 0, 0, 0, 2017, April, Friday, 03:40 pm, 080, Dry, N, Daylight, Rear End, Not Injured, N, N
AUS, 2, 0, 0, 0, 2017, April, Friday, 05:00 pm, 050, Dry, N, Daylight, Hit Fixed Object, Not Injured, N, N
AUS, 2, 0, 0, 0, 2017, April, Thursday, 07:16 pm, 060, Dry, N, Night, Right Angle, Not Injured, N, N
AUS, 2, 0, 1, 0, 2017, April, Friday, 02:00 pm, 100, Dry, N, Daylight, Hit Fixed Object, Major Injury, N, Y
AUS, 2, 0, 0, 1, 2017, April, Friday, 02:00 pm, 050, Dry, N, Daylight, Hit Fixed Object, Minor Injury, N, N
AUS, 2, 0, 0, 0, 2017, April, Friday, 06:35 pm, 060, Dry, N, Night, Side Swipe, Not Injured, N, N
AUS, 2, 0, 0, 0, 2017, April, Friday, 06:25 pm, 060, Dry, N, Night, Right Angle, Not Injured, N, N
AUS, 2, 0, 0, 1, 2017, April, Friday, 06:40 pm, 060, Dry, N, Night, Right Angle, Minor Injury, N, N
AUS, 2, 0, 0, 0, 2017, April, Friday, 03:55 pm, 060, Dry, N, Daylight, Right Angle, Not Injured, N, N
AUS, 3, 0, 0, 0, 2017, April, Friday, 07:00 pm, 060, Dry, N, Night, Rear End, Not Injured, N, N
AUS, 2, 0, 0, 0, 2017, April, Friday, 03:17 pm, 060, Dry, N, Daylight, Rear End, Not Injured, N, N
AUS, 2, 0, 0, 1, 2017, April, Friday, 01:49 pm, 100, Dry, N, Daylight, Hit Fixed Object, Minor Injury, N, Y
AUS, 3, 0, 0, 0, 2017, April, Friday, 06:55 pm, 050, Dry, N, Night, Rear End, Not Injured, N, N
AUS, 2, 0, 0, 0, 2017, April, Friday, 10:30 pm, 070, Dry, N, Night, Side Swipe, Not Injured, N, N
AUS, 2, 0, 1, 0, 2017, April, Friday, 10:00 pm, 100, Dry, N, Night, Hit Fixed Object, Major Injury, Y, N
AUS, 2, 0, 0, 0, 2017, April, Saturday, 01:05 am, 060, Dry, N, Night, Hit Fixed Object, Not Injured, N, N
AUS, 2, 0, 0, 0, 2017, April, Saturday, 01:20 am, 050, Dry, N, Night, Hit Fixed Object, Not Injured, Y, N
AUS, 2, 0, 0, 0, 2017, April, Friday, 10:30 pm, 050, Dry, N, Night, Rear End, Not Injured, N, N
AUS, 2, 0, 0, 1, 2017, April, Saturday, 09:08 am, 060, Dry, N, Daylight, Right Angle, Minor Injury, N, N
AUS, 4, 0, 0, 0, 2017, April, Saturday, 08:35 am, 060, Dry, N, Daylight, Head On, Not Injured, N, N
AUS, 2, 0, 0, 3, 2017, April, Saturday, 10:40 am, 100, Dry, N, Daylight, Side Swipe, Minor Injury, N, N
AUS, 4, 0, 0, 0, 2017, April, Friday, 05:25 pm, 060, Dry, N, Daylight, Rear End, Not Injured, N, N
AUS, 2, 0, 0, 0, 2017, April, Saturday, 01:15 am, 060, Dry, N, Night, Hit Fixed Object, Not Injured, N, N
AUS, 3, 0, 0, 0, 2017, April, Saturday, 02:20 pm, 060, Dry, N, Daylight, Rear End, Not Injured, N, N
AUS, 2, 0, 0, 0, 2017, April, Friday, 07:50 pm, 050, Dry, N, Night, Side Swipe, Not Injured, N, N
AUS, 2, 0, 1, 0, 2017, April, Saturday, 02:15 pm, 050, Dry, N, Daylight, Right Angle, Major Injury, N, N
AUS, 2, 0, 0, 0, 2017, April, Saturday, 10:30 am, 060, Dry, N, Daylight, Rear End, Not Injured, N, N
AUS, 3, 0, 0, 0, 2017, April, Saturday, 04:40 pm, 050, Dry, N, Daylight, Hit Fixed Object, Not Injured, N, N
AUS, 2, 0, 0, 0, 2017, April, Saturday, 08:10 pm, 050, Dry, N, Night, Hit Pedestrian, Not Injured, N, N
AUS, 2, 0, 0, 0, 2017, April, Saturday, 07:20 pm, 060, Dry, N, Night, Hit Fixed Object, Not Injured, N, N
AUS, 2, 0, 0, 0, 2017, April, Sunday, 12:45 am, 080, Dry, N, Night, Hit Fixed Object, Not Injured, N, N
AUS, 3, 0, 0, 0, 2017, April, Saturday, 12:15 pm, 060, Dry, N, Daylight, Rear End, Not Injured, N, N
AUS, 2, 0, 0, 0, 2017, April, Saturday, 11:55 am, 060, Dry, N, Daylight, Hit Fixed Object, Not Injured, Y, N
AUS, 2, 0, 0, 0, 2017, April, Sunday, 09:20 am, 080, Dry, N, Daylight, Right Angle, Not Injured, N, N
AUS, 2, 0, 0, 0, 2017, April, Saturday, 01:20 pm, 060, Dry, N, Daylight, Right Angle, Not Injured, N, N
AUS, 2, 0, 0, 1, 2017, April, Sunday, 04:00 am, 100, Dry, N, Night, Hit Fixed Object, Minor Injury, Y, N
AUS, 3, 0, 0, 0, 2017, April, Saturday, 02:45 pm, 060, Dry, N, Daylight, Hit Fixed Object, Not Injured, N, N
AUS, 2, 0, 0, 0, 2017, April, Saturday, 12:06 pm, 060, Dry, N, Daylight, Rear End, Not Injured, N, N
AUS, 2, 0, 0, 0, 2017, April, Saturday, 02:56 pm, 060, Dry, N, Daylight, Rear End, Not Injured, N, N
AUS, 2, 0, 1, 1, 2017, April, Sunday, 09:50 am, 110, Dry, N, Daylight, Rear End, Major Injury, N, N
AUS, 2, 0, 0, 0, 2017, April, Sunday, 08:30 am, 080, Dry, N, Daylight, Hit Fixed Object, Not Injured, N, N
AUS, 2, 0, 1, 0, 2017, April, Saturday, 12:05 pm, 050, Dry, N, Daylight, Hit Fixed Object, Major Injury, N, N
AUS, 2, 0, 0, 0, 2017, April, Sunday, 11:30 am, 060, Dry, N, Daylight, Side Swipe, Not Injured, N, N
AUS, 2, 0, 1, 0, 2017, April, Sunday, 01:35 pm, 070, Dry, N, Daylight, Hit Fixed Object, Major Injury, N, N
AUS, 2, 0, 0, 0, 2017, April, Friday, 11:40 am, 060, Dry, N, Daylight, Side Swipe, Not Injured, N, N
AUS, 2, 0, 0, 0, 2017, April, Sunday, 02:45 pm, 050, Dry, N, Daylight, Hit Fixed Object, Not Injured, N, N
AUS, 2, 0, 0, 0, 2017, April, Friday, 10:45 pm, 080, Wet, Y, Night, Hit Fixed Object, Not Injured, N, N
AUS, 2, 0, 0, 0, 2017, April, Sunday, 07:15 pm, 060, Dry, N, Night, Right Angle, Not Injured, N, N
AUS, 2, 0, 0, 0, 2017, April, Monday, 12:15 am, 060, Wet, Y, Night, Hit Fixed Object, Not Injured, N, N
AUS, 2, 0, 1, 0, 2017, April, Monday, 02:30 am, 060, Wet, N, Night, Hit Fixed Object, Major Injury, Y, N
AUS, 2, 0, 0, 1, 2017, April, Monday, 07:20 am, 080, Wet, N, Daylight, Hit Fixed Object, Minor Injury, N, N
AUS, 2, 0, 0, 0, 2017, April, Sunday, 07:40 am, 050, Dry, N, Daylight, Hit Fixed Object, Not Injured, N, N
AUS, 2, 0, 0, 1, 2017, April, Monday, 10:03 am, 070, Dry, N, Daylight, Hit Fixed Object, Minor Injury, N, N
AUS, 2, 0, 0, 0, 2017, April, Sunday, 10:45 pm, 050, Wet, Y, Night, Hit Fixed Object, Not Injured, N, N
AUS, 2, 0, 0, 1, 2017, April, Monday, 10:08 am, 050, Dry, N, Daylight, Side Swipe, Minor Injury, N, N
AUS, 3, 0, 0, 1, 2017, March, Tuesday, 09:15 am, 070, Dry, N, Daylight, Rear End, Minor Injury, N, N
AUS, 3, 0, 0, 1, 2017, April, Saturday, 09:30 am, 080, Dry, N, Daylight, Rear End, Minor Injury, N, N
AUS, 3, 1, 0, 0, 2017, April, Monday, 01:35 pm, 060, Wet, Y, Daylight, Side Swipe, Fatal, N, N
AUS, 2, 0, 1, 0, 2017, April, Monday, 02:30 pm, 060, Wet, Y, Daylight, Hit Fixed Object, Major Injury, N, N
AUS, 2, 0, 0, 0, 2017, April, Monday, 03:30 pm, 050, Dry, N, Daylight, Rear End, Not Injured, N, N
AUS, 2, 0, 0, 0, 2017, April, Monday, 04:00 pm, 060, Wet, Y, Daylight, Hit Fixed Object, Not Injured, N, N
AUS, 3, 0, 0, 1, 2017, April, Sunday, 04:15 pm, 110, Dry, N, Daylight, Hit Fixed Object, Minor Injury, N, Y
AUS, 2, 0, 0, 0, 2017, April, Monday, 06:30 pm, 060, Wet, Y, Night, Right Angle, Not Injured, N, N
AUS, 3, 0, 0, 0, 2017, April, Monday, 04:40 pm, 060, Wet, Y, Daylight, Rear End, Not Injured, N, N
AUS, 2, 0, 0, 0, 2017, April, Monday, 03:10 pm, 060, Dry, N, Daylight, Right Angle, Not Injured, N, N
AUS, 2, 0, 0, 1, 2017, April, Monday, 04:37 pm, 060, Wet, Y, Daylight, Rear End, Minor Injury, N, N
AUS, 3, 0, 0, 0, 2017, April, Monday, 03:50 pm, 060, Wet, Y, Daylight, Head On, Not Injured, N, N
AUS, 3, 0, 0, 0, 2017, April, Monday, 03:55 pm, 080, Wet, Y, Daylight, Hit Fixed Object, Not Injured, N, N
AUS, 2, 0, 0, 0, 2017, April, Monday, 07:00 pm, 060, Wet, Y, Night, Hit Fixed Object, Not Injured, N, N
AUS, 2, 0, 0, 0, 2017, April, Monday, 05:35 pm, 060, Wet, Y, Daylight, Rear End, Not Injured, N, N
AUS, 2, 0, 0, 0, 2017, April, Monday, 06:50 pm, 060, Wet, Y, Night, Side Swipe, Not Injured, N, N
AUS, 2, 0, 0, 0, 2017, April, Monday, 06:21 pm, 060, Wet, Y, Night, Hit Fixed Object, Not Injured, N, N
AUS, 4, 0, 0, 3, 2017, April, Monday, 06:55 pm, 080, Wet, Y, Night, Rear End, Minor Injury, N, N
AUS, 3, 0, 0, 4, 2017, April, Monday, 06:50 pm, 080, Wet, Y, Night, Rear End, Minor Injury, N, N
AUS, 2, 0, 0, 0, 2017, April, Monday, 11:00 am, 060, Dry, N, Daylight, Right Angle, Not Injured, N, N
AUS, 2, 0, 0, 0, 2017, April, Monday, 09:15 pm, 050, Wet, N, Night, Hit Fixed Object, Not Injured, N, N
AUS, 2, 0, 0, 0, 2017, April, Monday, 11:23 pm, 050, Dry, N, Night, Right Angle, Not Injured, N, N
AUS, 2, 0, 0, 0, 2017, April, Monday, 02:00 pm, 050, Dry, N, Daylight, Rear End, Not Injured, N, N
AUS, 3, 0, 0, 0, 2017, April, Monday, 03:15 pm, 100, Dry, N, Daylight, Right Angle, Not Injured, N, N
AUS, 2, 0, 0, 0, 2017, April, Monday, 01:00 pm, 060, Dry, N, Daylight, Right Angle, Not Injured, N, N
AUS, 2, 0, 0, 1, 2017, April, Monday, 10:25 am, 060, Dry, N, Daylight, Hit Pedestrian, Minor Injury, N, N
AUS, 2, 0, 0, 0, 2017, April, Tuesday, 08:19 am, 060, Dry, N, Daylight, Side Swipe, Not Injured, N, N
AUS, 2, 0, 0, 0, 2017, April, Monday, 06:40 pm, 050, Wet, N, Night, Right Angle, Not Injured, N, N
AUS, 2, 0, 0, 2, 2017, April, Thursday, 09:00 pm, 100, Dry, N, Night, Rear End, Minor Injury, N, N
AUS, 2, 0, 0, 1, 2017, April, Monday, 10:55 am, 060, Dry, N, Daylight, Rear End, Minor Injury, N, N
AUS, 2, 0, 0, 0, 2017, April, Tuesday, 11:00 am, 050, Dry, N, Daylight, Hit Fixed Object, Not Injured, N, N
AUS, 2, 0, 0, 0, 2017, April, Tuesday, 11:54 am, 060, Dry, N, Daylight, Right Angle, Not Injured, N, N
AUS, 2, 0, 0, 0, 2017, April, Monday, 12:30 pm, 050, Dry, N, Daylight, Right Angle, Not Injured, N, N
AUS, 2, 0, 0, 1, 2017, April, Tuesday, 11:32 am, 100, Dry, N, Daylight, Side Swipe, Minor Injury, N, N
AUS, 2, 0, 0, 0, 2017, April, Tuesday, 01:45 pm, 050, Dry, N, Daylight, Right Angle, Not Injured, N, N
AUS, 2, 0, 0, 0, 2017, April, Tuesday, 02:20 pm, 070, Dry, N, Daylight, Side Swipe, Not Injured, N, N
AUS, 2, 0, 0, 0, 2017, April, Tuesday, 12:45 pm, 060, Dry, N, Daylight, Right Angle, Not Injured, N, N
AUS, 2, 0, 0, 0, 2017, April, Tuesday, 03:54 pm, 050, Wet, Y, Daylight, Hit Fixed Object, Not Injured, N, N
AUS, 2, 0, 0, 0, 2017, April, Monday, 12:30 pm, 100, Wet, Y, Daylight, Hit Fixed Object, Not Injured, N, N
AUS, 2, 0, 0, 0, 2017, April, Monday, 09:15 pm, 060, Wet, Y, Night, Rear End, Not Injured, N, N
AUS, 2, 0, 0, 0, 2017, April, Tuesday, 04:45 pm, 080, Wet, Y, Daylight, Hit Fixed Object, Not Injured, N, N
AUS, 2, 0, 0, 0, 2017, April, Tuesday, 03:30 pm, 050, Wet, Y, Daylight, Hit Fixed Object, Not Injured, N, N
AUS, 3, 0, 0, 0, 2017, April, Tuesday, 09:25 pm, 050, Dry, N, Night, Hit Fixed Object, Not Injured, N, N
AUS, 2, 0, 0, 0, 2017, April, Tuesday, 10:00 pm, 060, Wet, Y, Night, Right Angle, Not Injured, N, N
AUS, 3, 0, 0, 0, 2017, April, Tuesday, 09:35 pm, 060, Dry, N, Night, Side Swipe, Not Injured, N, N
AUS, 3, 1, 0, 0, 2017, April, Tuesday, 03:25 pm, 060, Dry, N, Daylight, Hit Fixed Object, Fatal, N, N
AUS, 2, 0, 0, 0, 2017, April, Monday, 10:15 pm, 060, Wet, Y, Night, Rear End, Not Injured, N, N
AUS, 2, 0, 0, 0, 2017, April, Wednesday, 05:20 am, 050, Dry, N, Night, Hit Fixed Object, Not Injured, N, N
AUS, 2, 0, 0, 0, 2017, April, Tuesday, 12:15 pm, 060, Dry, N, Daylight, Hit Fixed Object, Not Injured, N, N
AUS, 2, 0, 0, 0, 2017, April, Wednesday, 08:50 am, 060, Dry, N, Daylight, Rear End, Not Injured, N, N
AUS, 2, 0, 0, 0, 2017, April, Wednesday, 10:00 am, 050, Dry, N, Daylight, Right Angle, Not Injured, N, N
AUS, 2, 0, 0, 0, 2017, April, Wednesday, 11:10 am, 060, Dry, N, Daylight, Right Angle, Not Injured, N, N
AUS, 2, 0, 0, 0, 2017, April, Tuesday, 03:30 am, 060, Wet, N, Night, Hit Fixed Object, Not Injured, N, N
AUS, 2, 0, 0, 1, 2017, April, Wednesday, 08:25 am, 060, Dry, N, Daylight, Rear End, Minor Injury, N, N
AUS, 3, 0, 0, 0, 2017, April, Wednesday, 08:45 am, 060, Dry, N, Daylight, Rear End, Not Injured, N, N
AUS, 2, 0, 0, 0, 2017, April, Wednesday, 09:50 am, 080, Dry, N, Daylight, Rear End, Not Injured, N, N
AUS, 3, 0, 0, 0, 2017, April, Wednesday, 10:13 am, 060, Dry, N, Daylight, Side Swipe, Not Injured, N, N
AUS, 2, 0, 0, 0, 2017, April, Wednesday, 12:10 pm, 050, Dry, N, Daylight, Hit Pedestrian, Not Injured, N, N
AUS, 3, 2, 0, 0, 2017, April, Wednesday, 06:04 am, 110, Wet, Y, Night, Head On, Fatal, Y, N
AUS, 3, 0, 0, 1, 2017, April, Wednesday, 12:39 pm, 060, Dry, N, Daylight, Side Swipe, Minor Injury, N, N
AUS, 2, 0, 0, 2, 2017, April, Tuesday, 09:05 pm, 080, Dry, N, Night, Rear End, Minor Injury, Y, N
AUS, 2, 0, 0, 0, 2017, April, Monday, 04:30 pm, 050, Wet, Y, Daylight, Hit Fixed Object, Not Injured, N, N
AUS, 2, 0, 0, 1, 2017, April, Wednesday, 12:45 pm, 060, Dry, N, Daylight, Side Swipe, Minor Injury, N, N
AUS, 3, 0, 0, 2, 2017, April, Wednesday, 03:10 pm, 080, Dry, N, Daylight, Rear End, Minor Injury, N, N
AUS, 2, 0, 0, 0, 2017, April, Wednesday, 02:55 pm, 050, Dry, N, Daylight, Right Angle, Not Injured, N, N
AUS, 2, 0, 0, 1, 2017, April, Wednesday, 01:15 pm, 080, Dry, N, Daylight, Hit Fixed Object, Minor Injury, N, N
AUS, 2, 0, 0, 2, 2017, April, Wednesday, 05:20 pm, 050, Dry, N, Daylight, Right Angle, Minor Injury, N, N
AUS, 2, 0, 0, 0, 2017, April, Wednesday, 02:40 pm, 060, Wet, Y, Daylight, Rear End, Not Injured, N, N
AUS, 2, 0, 0, 1, 2017, April, Wednesday, 05:05 pm, 060, Dry, N, Daylight, Rear End, Minor Injury, N, N
AUS, 3, 0, 0, 0, 2017, April, Wednesday, 04:50 pm, 070, Dry, N, Daylight, Rear End, Not Injured, N, N
AUS, 2, 0, 0, 0, 2017, April, Wednesday, 03:40 pm, 050, Dry, N, Daylight, Right Angle, Not Injured, N, N
AUS, 2, 0, 0, 0, 2017, April, Wednesday, 03:45 pm, 070, Dry, N, Daylight, Side Swipe, Not Injured, N, N
AUS, 2, 0, 0, 1, 2017, April, Wednesday, 02:20 pm, 080, Dry, N, Daylight, Hit Fixed Object, Minor Injury, N, N
AUS, 2, 0, 0, 1, 2017, April, Wednesday, 07:25 pm, 060, Dry, N, Night, Hit Pedestrian, Minor Injury, Y, N
AUS, 2, 0, 0, 0, 2017, April, Wednesday, 06:30 pm, 090, Dry, N, Night, Rear End, Not Injured, N, N
AUS, 2, 0, 0, 0, 2017, April, Wednesday, 02:40 pm, 060, Wet, N, Daylight, Rear End, Not Injured, N, N
AUS, 9, 0, 0, 0, 2017, April, Wednesday, 06:11 pm, 070, Dry, N, Night, Rear End, Not Injured, N, N
AUS, 2, 0, 0, 0, 2017, April, Thursday, 12:01 am, 080, Dry, N, Night, Hit Fixed Object, Not Injured, N, N
AUS, 2, 0, 0, 0, 2017, April, Thursday, 04:05 am, 060, Wet, N, Night, Hit Fixed Object, Not Injured, N, N
AUS, 3, 0, 0, 0, 2017, April, Thursday, 06:50 am, 060, Dry, N, Daylight, Rear End, Not Injured, N, N
AUS, 3, 0, 0, 0, 2017, April, Thursday, 07:45 am, 060, Dry, N, Daylight, Right Angle, Not Injured, N, N
AUS, 2, 0, 0, 0, 2017, April, Wednesday, 06:30 pm, 060, Dry, N, Night, Side Swipe, Not Injured, N, N
AUS, 2, 0, 0, 0, 2017, April, Thursday, 08:35 am, 050, Dry, N, Daylight, Right Angle, Not Injured, N, N
AUS, 2, 0, 0, 0, 2017, April, Thursday, 10:40 am, 050, Wet, Y, Daylight, Rear End, Not Injured, N, N
AUS, 2, 0, 0, 1, 2017, April, Thursday, 10:52 am, 060, Wet, Y, Daylight, Hit Fixed Object, Minor Injury, N, N
AUS, 2, 0, 0, 0, 2017, April, Thursday, 11:20 am, 050, Dry, N, Daylight, Rear End, Not Injured, N, N
AUS, 2, 0, 0, 1, 2017, April, Thursday, 11:35 am, 070, Dry, N, Daylight, Side Swipe, Minor Injury, N, N
AUS, 2, 0, 0, 1, 2017, April, Thursday, 11:55 am, 070, Dry, N, Daylight, Right Angle, Minor Injury, N, N
AUS, 2, 0, 0, 1, 2017, April, Thursday, 11:55 am, 060, Dry, N, Daylight, Hit Pedestrian, Minor Injury, N, N
AUS, 2, 0, 1, 0, 2017, April, Wednesday, 06:15 pm, 060, Dry, N, Night, Right Angle, Major Injury, N, N
AUS, 3, 0, 0, 1, 2017, April, Thursday, 01:10 pm, 050, Dry, N, Daylight, Right Angle, Minor Injury, N, N
AUS, 3, 0, 0, 0, 2017, April, Thursday, 01:50 pm, 060, Dry, N, Daylight, Rear End, Not Injured, N, N
AUS, 2, 0, 0, 1, 2017, February, Wednesday, 12:25 pm, 060, Dry, N, Daylight, Right Angle, Minor Injury, N, N
AUS, 2, 0, 0, 0, 2017, April, Thursday, 12:00 pm, 070, Dry, N, Daylight, Right Angle, Not Injured, N, N
AUS, 2, 0, 0, 1, 2017, April, Thursday, 03:00 pm, 060, Wet, Y, Daylight, Side Swipe, Minor Injury, N, N
AUS, 2, 0, 0, 1, 2017, April, Thursday, 02:02 pm, 060, Dry, N, Daylight, Right Angle, Minor Injury, N, N
AUS, 2, 0, 0, 1, 2017, April, Wednesday, 04:50 pm, 060, Dry, N, Daylight, Hit Pedestrian, Minor Injury, N, N
AUS, 2, 0, 0, 1, 2017, April, Thursday, 03:25 pm, 060, Dry, N, Daylight, Hit Pedestrian, Minor Injury, N, N
AUS, 2, 0, 0, 0, 2017, April, Thursday, 04:05 pm, 060, Dry, N, Daylight, Side Swipe, Not Injured, N, N
AUS, 2, 0, 0, 0, 2017, April, Thursday, 06:10 pm, 060, Wet, Y, Night, Right Angle, Not Injured, N, N
AUS, 2, 0, 0, 0, 2017, April, Wednesday, 05:00 pm, 050, Dry, N, Daylight, Right Angle, Not Injured, N, N
AUS, 2, 0, 0, 0, 2017, April, Thursday, 08:25 am, 060, Dry, N, Daylight, Right Angle, Not Injured, N, N
AUS, 4, 0, 0, 0, 2017, April, Thursday, 06:10 pm, 080, Wet, Y, Night, Rear End, Not Injured, N, N
AUS, 2, 0, 0, 0, 2017, April, Thursday, 08:56 pm, 060, Wet, Y, Night, Right Angle, Not Injured, N, N
AUS, 2, 0, 0, 0, 2017, April, Thursday, 06:50 pm, 060, Wet, N, Night, Side Swipe, Not Injured, N, N
AUS, 2, 0, 0, 0, 2017, April, Friday, 05:30 am, 080, Wet, Y, Night, Hit Fixed Object, Not Injured, N, N
AUS, 2, 0, 0, 0, 2017, April, Thursday, 03:30 pm, 060, Wet, Y, Daylight, Side Swipe, Not Injured, N, N
AUS, 2, 0, 0, 0, 2017, April, Wednesday, 11:15 pm, 050, Wet, Y, Night, Hit Fixed Object, Not Injured, N, N
AUS, 2, 0, 0, 0, 2017, April, Friday, 06:00 am, 060, Wet, Y, Night, Rear End, Not Injured, N, N
AUS, 2, 0, 0, 0, 2017, April, Monday, 05:55 pm, 060, Wet, Y, Night, Rear End, Not Injured, N, N
AUS, 2, 0, 0, 0, 2017, April, Friday, 08:10 am, 050, Wet, Y, Daylight, Side Swipe, Not Injured, N, N
AUS, 2, 0, 0, 1, 2017, April, Friday, 07:25 am, 080, Wet, Y, Daylight, Rear End, Minor Injury, N, N
AUS, 2, 0, 0, 0, 2017, April, Friday, 06:15 am, 090, Wet, N, Night, Right Angle, Not Injured, N, N
AUS, 2, 0, 0, 0, 2017, April, Friday, 06:30 am, 060, Wet, Y, Night, Hit Fixed Object, Not Injured, N, N
AUS, 2, 0, 0, 1, 2017, April, Friday, 09:15 am, 050, Wet, Y, Daylight, Side Swipe, Minor Injury, N, N
AUS, 2, 0, 0, 0, 2017, April, Friday, 11:12 am, 060, Wet, Y, Daylight, Right Angle, Not Injured, N, N
AUS, 2, 0, 0, 0, 2017, April, Friday, 08:50 am, 060, Wet, Y, Daylight, Right Angle, Not Injured, N, N
AUS, 3, 0, 0, 0, 2017, April, Friday, 08:11 am, 050, Wet, Y, Daylight, Rear End, Not Injured, N, N
AUS, 2, 0, 0, 1, 2017, April, Friday, 12:15 pm, 060, Wet, Y, Daylight, Rear End, Minor Injury, N, N
AUS, 2, 0, 0, 0, 2017, April, Thursday, 01:15 pm, 050, Dry, N, Daylight, Right Angle, Not Injured, N, N
AUS, 2, 0, 0, 0, 2017, April, Friday, 12:35 pm, 050, Wet, Y, Daylight, Hit Fixed Object, Not Injured, N, N
AUS, 2, 0, 0, 0, 2017, April, Friday, 12:45 pm, 050, Wet, Y, Daylight, Rear End, Not Injured, N, N
AUS, 2, 0, 0, 0, 2017, April, Friday, 01:30 pm, 080, Dry, N, Daylight, Rear End, Not Injured, N, N
AUS, 2, 0, 0, 0, 2017, April, Friday, 07:45 am, 060, Wet, Y, Daylight, Right Angle, Not Injured, N, N
AUS, 2, 0, 0, 0, 2017, April, Friday, 02:30 pm, 100, Dry, N, Daylight, Right Angle, Not Injured, N, N
AUS, 3, 0, 0, 0, 2017, April, Friday, 02:30 pm, 060, Wet, N, Daylight, Rear End, Not Injured, N, N
AUS, 2, 0, 0, 1, 2017, April, Friday, 07:40 pm, 050, Dry, N, Night, Right Angle, Minor Injury, N, N
AUS, 2, 0, 0, 0, 2017, April, Friday, 06:05 pm, 050, Wet, Y, Night, Hit Pedestrian, Not Injured, N, N
AUS, 2, 0, 0, 0, 2017, April, Friday, 11:42 pm, 050, Wet, Y, Night, Hit Fixed Object, Not Injured, Y, N
AUS, 3, 0, 0, 0, 2017, April, Saturday, 09:15 am, 060, Dry, N, Daylight, Rear End, Not Injured, N, N
AUS, 2, 0, 0, 0, 2017, April, Saturday, 09:15 am, 050, Dry, N, Daylight, Hit Pedestrian, Not Injured, N, N
AUS, 3, 0, 0, 4, 2017, April, Friday, 02:45 pm, 060, Dry, N, Daylight, Rear End, Minor Injury, N, N
AUS, 2, 0, 0, 0, 2017, April, Wednesday, 02:15 pm, 060, Dry, N, Daylight, Side Swipe, Not Injured, N, N
AUS, 2, 0, 0, 0, 2017, April, Saturday, 11:54 am, 060, Dry, N, Daylight, Hit Fixed Object, Not Injured, N, Y
AUS, 3, 0, 0, 0, 2017, April, Saturday, 11:15 am, 060, Dry, N, Daylight, Side Swipe, Not Injured, N, N
AUS, 2, 0, 0, 0, 2017, April, Saturday, 02:22 pm, 060, Dry, N, Daylight, Rear End, Not Injured, N, N
AUS, 2, 0, 0, 0, 2017, April, Friday, 10:00 pm, 110, Dry, N, Night, Side Swipe, Not Injured, N, N
AUS, 2, 0, 0, 0, 2017, April, Friday, 04:56 pm, 060, Dry, N, Daylight, Hit Fixed Object, Not Injured, N, N
AUS, 2, 0, 0, 0, 2017, April, Friday, 09:30 pm, 060, Wet, Y, Night, Rear End, Not Injured, N, N
AUS, 2, 0, 0, 0, 2017, April, Friday, 10:20 pm, 110, Wet, Y, Night, Side Swipe, Not Injured, N, N
AUS, 2, 0, 0, 0, 2017, April, Saturday, 01:20 pm, 060, Dry, N, Daylight, Hit Fixed Object, Not Injured, N, N
AUS, 2, 0, 0, 0, 2017, April, Saturday, 02:00 pm, 060, Dry, N, Daylight, Right Angle, Not Injured, N, N
AUS, 2, 0, 0, 1, 2017, April, Saturday, 04:25 pm, 050, Dry, N, Daylight, Side Swipe, Minor Injury, N, N
AUS, 2, 0, 0, 0, 2017, April, Saturday, 06:25 pm, 080, Dry, N, Night, Hit Fixed Object, Not Injured, N, N
AUS, 2, 0, 0, 2, 2017, April, Saturday, 06:20 pm, 110, Dry, N, Night, Head On, Minor Injury, N, N
AUS, 3, 0, 0, 0, 2017, April, Saturday, 08:35 pm, 060, Dry, N, Night, Hit Fixed Object, Not Injured, Y, N
AUS, 2, 0, 0, 0, 2017, April, Saturday, 07:50 pm, 060, Dry, N, Night, Hit Pedestrian, Not Injured, N, N
AUS, 3, 0, 0, 0, 2017, April, Sunday, 12:30 am, 060, Dry, N, Night, Rear End, Not Injured, N, N
AUS, 2, 0, 0, 1, 2017, April, Saturday, 04:25 am, 100, Wet, Y, Night, Hit Fixed Object, Minor Injury, N, Y
AUS, 2, 0, 0, 2, 2017, April, Saturday, 12:45 pm, 060, Dry, N, Daylight, Right Angle, Minor Injury, N, N
AUS, 2, 0, 0, 2, 2017, April, Saturday, 11:45 am, 060, Dry, N, Daylight, Rear End, Minor Injury, N, N
AUS, 2, 0, 0, 0, 2017, April, Sunday, 06:04 am, 050, Dry, N, Night, Hit Fixed Object, Not Injured, N, N