Nation,Total Units,Total Fatalities,Total Serious Injuries,Total Minor Injuries,Year,Month,Day,Time,Speed Limit,Moisture,Adverse Weather Conditions,DayNight,Crash Type,Crash Severity,Alcohol Related ,Drug Related
AUS, 3, 0, 0, 0, 2017, May, Sunday, 04:15 pm, 060, Dry, N, Daylight, Rear End, Not Injured, N, N
AUS, 3, 0, 0, 1, 2017, May, Sunday, 03:40 pm, 050, Dry, N, Daylight, Hit Fixed Object, Minor Injury, Y, N
AUS, 2, 0, 0, 0, 2017, May, Sunday, 05:30 pm, 060, Dry, N, Night, Right Angle, Not Injured, N, N
AUS, 2, 0, 0, 1, 2017, May, Saturday, 10:00 pm, 050, Dry, N, Night, Hit Pedestrian, Minor Injury, N, N
AUS, 2, 0, 0, 0, 2017, May, Sunday, 12:30 pm, 060, Dry, N, Daylight, Hit Fixed Object, Not Injured, N, N
AUS, 2, 0, 0, 0, 2017, May, Sunday, 05:00 pm, 080, Dry, N, Daylight, Side Swipe, Not Injured, N, N
AUS, 2, 0, 0, 0, 2017, May, Sunday, 06:25 pm, 060, Dry, N, Night, Right Angle, Not Injured, N, N
AUS, 2, 0, 0, 0, 2017, May, Sunday, 05:30 pm, 060, Dry, N, Night, Right Angle, Not Injured, N, N
AUS, 2, 0, 0, 0, 2017, May, Sunday, 05:30 pm, 050, Dry, N, Night, Side Swipe, Not Injured, N, N
AUS, 3, 0, 0, 0, 2017, May, Sunday, 06:00 pm, 090, Dry, N, Night, Rear End, Not Injured, N, N
AUS, 2, 0, 0, 0, 2017, May, Sunday, 05:35 am, 060, Dry, N, Night, Hit Fixed Object, Not Injured, N, N
AUS, 2, 0, 0, 0, 2017, May, Sunday, 02:30 pm, 080, Dry, N, Daylight, Right Angle, Not Injured, N, N
AUS, 2, 0, 0, 0, 2017, May, Monday, 07:32 am, 070, Dry, N, Daylight, Rear End, Not Injured, N, N
AUS, 2, 0, 0, 1, 2017, May, Monday, 08:10 am, 080, Dry, N, Daylight, Hit Fixed Object, Minor Injury, N, N
AUS, 2, 0, 0, 0, 2017, May, Tuesday, 08:50 am, 060, Dry, N, Daylight, Right Angle, Not Injured, N, N
AUS, 2, 0, 0, 1, 2017, May, Monday, 08:04 am, 080, Wet, N, Daylight, Rear End, Minor Injury, N, N
AUS, 2, 0, 0, 0, 2017, May, Sunday, 12:15 pm, 050, Dry, N, Daylight, Right Angle, Not Injured, N, N
AUS, 2, 0, 0, 0, 2017, May, Monday, 08:49 am, 060, Dry, N, Daylight, Right Angle, Not Injured, N, N
AUS, 2, 0, 0, 1, 2017, May, Monday, 06:30 am, 050, Dry, N, Night, Hit Fixed Object, Minor Injury, N, Y
AUS, 2, 0, 0, 0, 2017, May, Sunday, 02:05 pm, 080, Dry, N, Daylight, Right Angle, Not Injured, N, N
AUS, 2, 0, 0, 1, 2017, May, Monday, 07:45 am, 050, Dry, N, Daylight, Right Angle, Minor Injury, N, N
AUS, 2, 0, 0, 0, 2017, May, Monday, 12:00 pm, 050, Dry, N, Daylight, Right Angle, Not Injured, N, N
AUS, 2, 0, 0, 1, 2017, May, Monday, 02:50 pm, 050, Dry, N, Daylight, Right Angle, Minor Injury, N, N
AUS, 3, 0, 0, 0, 2017, May, Monday, 08:30 am, 060, Dry, N, Daylight, Rear End, Not Injured, N, N
AUS, 2, 0, 0, 1, 2017, May, Monday, 03:20 pm, 050, Dry, N, Daylight, Hit Pedestrian, Minor Injury, N, N
AUS, 2, 0, 0, 1, 2017, May, Monday, 08:10 am, 050, Dry, N, Daylight, Right Angle, Minor Injury, N, N
AUS, 2, 0, 0, 0, 2017, May, Monday, 03:15 pm, 060, Dry, N, Daylight, Side Swipe, Not Injured, N, N
AUS, 2, 0, 0, 0, 2017, May, Monday, 07:15 am, 060, Dry, N, Daylight, Rear End, Not Injured, N, N
AUS, 2, 0, 0, 0, 2017, May, Monday, 03:35 pm, 050, Dry, N, Daylight, Right Angle, Not Injured, N, N
AUS, 2, 0, 0, 1, 2017, May, Monday, 02:35 pm, 060, Dry, N, Daylight, Right Angle, Minor Injury, N, N
AUS, 2, 0, 0, 1, 2017, May, Monday, 05:40 pm, 060, Dry, N, Night, Rear End, Minor Injury, N, N
AUS, 2, 0, 0, 1, 2017, May, Monday, 03:20 pm, 050, Dry, N, Daylight, Rear End, Minor Injury, N, N
AUS, 2, 0, 0, 0, 2017, May, Monday, 06:32 pm, 060, Dry, N, Night, Right Angle, Not Injured, N, N
AUS, 2, 0, 1, 1, 2017, May, Monday, 05:35 pm, 060, Dry, N, Night, Right Angle, Major Injury, N, N
AUS, 2, 0, 0, 1, 2017, May, Monday, 06:00 pm, 060, Dry, N, Night, Right Angle, Minor Injury, N, N
AUS, 3, 0, 0, 0, 2017, May, Monday, 06:30 am, 050, Dry, N, Night, Right Angle, Not Injured, N, N
AUS, 2, 0, 0, 0, 2017, May, Monday, 08:20 pm, 060, Dry, N, Night, Hit Fixed Object, Not Injured, N, N
AUS, 2, 0, 0, 1, 2017, May, Tuesday, 01:15 am, 060, Dry, N, Night, Hit Fixed Object, Minor Injury, N, N
AUS, 2, 0, 0, 0, 2017, May, Tuesday, 08:45 am, 060, Dry, N, Daylight, Rear End, Not Injured, N, N
AUS, 2, 0, 0, 1, 2017, May, Tuesday, 08:15 am, 110, Dry, N, Daylight, Right Angle, Minor Injury, N, N
AUS, 2, 0, 0, 0, 2017, May, Monday, 12:30 pm, 060, Dry, N, Daylight, Rear End, Not Injured, N, N
AUS, 2, 0, 0, 1, 2017, May, Monday, 02:30 pm, 050, Dry, N, Daylight, Right Angle, Minor Injury, N, N
AUS, 2, 0, 0, 0, 2017, May, Tuesday, 09:05 am, 090, Dry, N, Daylight, Side Swipe, Not Injured, N, N
AUS, 2, 0, 0, 1, 2017, May, Monday, 09:10 pm, 100, Dry, N, Night, Hit Fixed Object, Minor Injury, N, N
AUS, 2, 0, 0, 0, 2017, May, Tuesday, 08:58 am, 060, Dry, N, Daylight, Right Angle, Not Injured, N, N
AUS, 2, 0, 0, 1, 2017, May, Tuesday, 08:20 am, 060, Dry, N, Daylight, Head On, Minor Injury, N, N
AUS, 2, 0, 0, 0, 2017, May, Tuesday, 08:15 am, 060, Dry, N, Daylight, Side Swipe, Not Injured, N, N
AUS, 2, 0, 0, 0, 2017, May, Tuesday, 08:54 am, 060, Dry, N, Daylight, Rear End, Not Injured, N, N
AUS, 2, 0, 0, 0, 2017, May, Tuesday, 12:00 pm, 060, Dry, N, Daylight, Right Angle, Not Injured, N, N
AUS, 2, 0, 0, 1, 2017, May, Tuesday, 12:25 pm, 080, Dry, N, Daylight, Right Angle, Minor Injury, N, N
AUS, 2, 0, 0, 0, 2017, May, Tuesday, 12:00 pm, 060, Dry, N, Daylight, Side Swipe, Not Injured, N, N
AUS, 2, 0, 0, 0, 2017, May, Monday, 02:20 pm, 060, Dry, N, Daylight, Side Swipe, Not Injured, N, N
AUS, 2, 0, 0, 0, 2017, May, Monday, 03:55 pm, 060, Dry, N, Daylight, Right Angle, Not Injured, Y, N
AUS, 2, 0, 0, 0, 2017, May, Tuesday, 03:30 pm, 050, Dry, N, Daylight, Head On, Not Injured, N, N
AUS, 2, 1, 0, 0, 2017, May, Tuesday, 11:00 am, 080, Dry, N, Daylight, Hit Fixed Object, Fatal, N, N
AUS, 3, 0, 0, 0, 2017, May, Tuesday, 05:35 pm, 070, Wet, Y, Night, Rear End, Not Injured, N, N
AUS, 4, 0, 0, 0, 2017, May, Tuesday, 05:15 pm, 050, Wet, Y, Daylight, Rear End, Not Injured, N, N
AUS, 2, 0, 0, 3, 2017, May, Monday, 02:13 pm, 080, Dry, N, Daylight, Right Angle, Minor Injury, N, N
AUS, 2, 0, 0, 1, 2017, May, Tuesday, 07:40 am, 050, Dry, N, Daylight, Side Swipe, Minor Injury, N, N
AUS, 2, 0, 0, 1, 2017, May, Tuesday, 05:30 pm, 060, Wet, Y, Night, Rear End, Minor Injury, N, N
AUS, 2, 0, 0, 1, 2017, May, Tuesday, 03:55 pm, 050, Dry, N, Daylight, Rear End, Minor Injury, N, N
AUS, 2, 0, 0, 1, 2017, May, Tuesday, 05:20 pm, 060, Wet, Y, Night, Rear End, Minor Injury, N, N
AUS, 3, 0, 0, 1, 2017, May, Tuesday, 05:00 pm, 070, Wet, Y, Daylight, Rear End, Minor Injury, N, N
AUS, 2, 0, 0, 0, 2017, May, Tuesday, 06:02 pm, 060, Dry, N, Night, Rear End, Not Injured, N, N
AUS, 2, 0, 0, 0, 2017, May, Tuesday, 04:00 pm, 050, Dry, N, Daylight, Hit Fixed Object, Not Injured, N, N
AUS, 2, 0, 0, 1, 2017, May, Monday, 06:18 pm, 050, Dry, N, Night, Hit Pedestrian, Minor Injury, N, N
AUS, 2, 0, 0, 0, 2017, May, Tuesday, 09:20 pm, 060, Wet, Y, Night, Hit Fixed Object, Not Injured, N, N
AUS, 2, 0, 0, 0, 2017, May, Tuesday, 09:10 pm, 090, Wet, Y, Night, Hit Fixed Object, Not Injured, N, N
AUS, 2, 0, 0, 0, 2017, May, Wednesday, 12:45 am, 090, Dry, N, Night, Hit Fixed Object, Not Injured, N, N
AUS, 2, 0, 0, 0, 2017, May, Wednesday, 06:10 am, 070, Dry, N, Night, Right Angle, Not Injured, N, N
AUS, 2, 0, 0, 0, 2017, May, Wednesday, 06:15 am, 060, Dry, N, Night, Side Swipe, Not Injured, N, N
AUS, 2, 0, 0, 0, 2017, May, Tuesday, 05:02 pm, 060, Wet, Y, Daylight, Side Swipe, Not Injured, N, N
AUS, 6, 0, 0, 1, 2017, May, Wednesday, 08:00 am, 060, Dry, N, Daylight, Right Angle, Minor Injury, N, N
AUS, 2, 0, 0, 0, 2017, May, Tuesday, 05:00 pm, 060, Wet, Y, Daylight, Side Swipe, Not Injured, N, N
AUS, 3, 0, 0, 0, 2017, May, Wednesday, 08:00 am, 060, Dry, N, Daylight, Rear End, Not Injured, N, N
AUS, 2, 0, 0, 1, 2017, May, Monday, 11:00 am, 050, Dry, N, Daylight, Side Swipe, Minor Injury, N, N
AUS, 2, 0, 0, 0, 2017, May, Wednesday, 11:45 am, 050, Dry, N, Daylight, Right Angle, Not Injured, N, N
AUS, 2, 0, 0, 0, 2017, May, Tuesday, 07:45 pm, 060, Dry, N, Night, Right Angle, Not Injured, N, N
AUS, 2, 0, 0, 0, 2017, May, Tuesday, 06:17 pm, 060, Wet, Y, Night, Hit Fixed Object, Not Injured, N, N
AUS, 2, 0, 0, 0, 2017, May, Tuesday, 04:30 pm, 060, Dry, N, Daylight, Right Angle, Not Injured, N, N
AUS, 2, 0, 0, 2, 2017, May, Wednesday, 11:13 am, 060, Dry, N, Daylight, Hit Fixed Object, Minor Injury, N, N
AUS, 2, 0, 0, 0, 2017, May, Saturday, 12:30 pm, 060, Dry, N, Daylight, Rear End, Not Injured, N, N
AUS, 3, 0, 0, 0, 2017, May, Tuesday, 01:50 pm, 060, Dry, N, Daylight, Rear End, Not Injured, N, N
AUS, 2, 0, 0, 0, 2017, May, Wednesday, 12:10 pm, 050, Wet, Y, Daylight, Right Angle, Not Injured, N, N
AUS, 2, 0, 0, 1, 2017, May, Monday, 02:00 pm, 060, Dry, N, Daylight, Rear End, Minor Injury, N, N
AUS, 2, 0, 0, 0, 2017, May, Tuesday, 12:00 pm, 060, Dry, N, Daylight, Rear End, Not Injured, N, N
AUS, 2, 0, 0, 0, 2017, May, Sunday, 05:38 pm, 090, Dry, N, Night, Side Swipe, Not Injured, N, N
AUS, 2, 0, 0, 1, 2017, May, Saturday, 10:30 am, 060, Dry, N, Daylight, Rear End, Minor Injury, N, N
AUS, 2, 0, 0, 1, 2017, May, Wednesday, 03:18 pm, 050, Wet, Y, Daylight, Hit Pedestrian, Minor Injury, N, N
AUS, 2, 0, 0, 0, 2017, May, Wednesday, 02:45 pm, 060, Dry, N, Daylight, Rear End, Not Injured, N, N
AUS, 2, 0, 0, 0, 2017, May, Wednesday, 02:30 pm, 060, Dry, N, Daylight, Right Angle, Not Injured, N, N
AUS, 2, 0, 0, 0, 2017, May, Wednesday, 05:20 pm, 060, Wet, Y, Night, Rear End, Not Injured, N, N
AUS, 3, 0, 0, 0, 2017, May, Wednesday, 02:30 pm, 060, Wet, Y, Daylight, Rear End, Not Injured, N, N
AUS, 11, 0, 1, 0, 2017, May, Wednesday, 05:00 pm, 080, Wet, Y, Daylight, Rear End, Major Injury, N, N
AUS, 3, 0, 0, 0, 2017, May, Wednesday, 06:00 pm, 080, Wet, Y, Night, Rear End, Not Injured, N, N
AUS, 2, 0, 0, 0, 2017, May, Wednesday, 05:30 pm, 060, Wet, Y, Night, Rear End, Not Injured, N, N
AUS, 2, 0, 0, 0, 2017, May, Wednesday, 07:00 pm, 060, Wet, Y, Night, Right Angle, Not Injured, N, N
AUS, 2, 0, 0, 1, 2017, May, Wednesday, 05:56 pm, 060, Wet, Y, Night, Rear End, Minor Injury, N, N
AUS, 2, 0, 0, 1, 2017, May, Wednesday, 06:54 pm, 050, Wet, Y, Night, Hit Pedestrian, Minor Injury, N, N
AUS, 3, 0, 0, 0, 2017, May, Wednesday, 04:55 pm, 060, Dry, N, Daylight, Rear End, Not Injured, N, N
AUS, 2, 0, 0, 0, 2017, May, Wednesday, 08:50 pm, 050, Wet, Y, Night, Hit Fixed Object, Not Injured, N, N
AUS, 2, 0, 0, 0, 2017, May, Wednesday, 09:40 pm, 050, Wet, N, Night, Hit Fixed Object, Not Injured, N, N
AUS, 2, 0, 0, 1, 2017, May, Wednesday, 11:50 pm, 050, Wet, Y, Night, Hit Fixed Object, Minor Injury, N, N
AUS, 2, 0, 0, 1, 2017, May, Thursday, 06:40 am, 090, Dry, N, Night, Hit Fixed Object, Minor Injury, N, N
AUS, 2, 0, 0, 1, 2017, May, Wednesday, 02:20 pm, 060, Dry, N, Daylight, Right Angle, Minor Injury, N, N
AUS, 2, 0, 0, 1, 2017, May, Wednesday, 05:05 pm, 050, Wet, Y, Daylight, Rear End, Minor Injury, N, N
AUS, 2, 0, 0, 0, 2017, May, Thursday, 06:15 am, 060, Dry, N, Night, Right Angle, Not Injured, N, N
AUS, 2, 0, 0, 2, 2017, May, Thursday, 08:30 am, 060, Dry, N, Daylight, Side Swipe, Minor Injury, N, N
AUS, 3, 0, 0, 1, 2017, May, Thursday, 08:40 am, 050, Dry, N, Daylight, Rear End, Minor Injury, N, N
AUS, 2, 0, 0, 1, 2017, May, Thursday, 08:10 am, 060, Dry, N, Daylight, Hit Fixed Object, Minor Injury, N, N
AUS, 2, 0, 0, 0, 2017, May, Thursday, 10:38 am, 060, Dry, N, Daylight, Right Angle, Not Injured, N, N
AUS, 2, 0, 0, 0, 2017, May, Wednesday, 06:10 pm, 080, Wet, Y, Night, Rear End, Not Injured, N, N
AUS, 2, 0, 0, 1, 2017, May, Thursday, 09:00 am, 100, Wet, Y, Daylight, Hit Fixed Object, Minor Injury, N, N
AUS, 4, 0, 0, 0, 2017, May, Thursday, 12:14 pm, 080, Dry, N, Daylight, Rear End, Not Injured, N, N
AUS, 2, 0, 0, 0, 2017, May, Thursday, 12:00 pm, 060, Dry, N, Daylight, Rear End, Not Injured, N, N
AUS, 3, 0, 0, 1, 2017, May, Wednesday, 06:15 pm, 060, Wet, Y, Night, Rear End, Minor Injury, N, N
AUS, 2, 0, 0, 0, 2017, May, Thursday, 12:45 pm, 050, Dry, N, Daylight, Right Angle, Not Injured, N, N
AUS, 2, 0, 0, 0, 2017, May, Thursday, 11:30 am, 080, Dry, N, Daylight, Side Swipe, Not Injured, N, N
AUS, 2, 0, 0, 0, 2017, May, Wednesday, 11:15 am, 060, Dry, N, Daylight, Rear End, Not Injured, N, N
AUS, 2, 0, 0, 0, 2017, May, Thursday, 03:30 pm, 050, Dry, N, Daylight, Rear End, Not Injured, N, N
AUS, 3, 0, 0, 1, 2017, May, Wednesday, 05:40 pm, 060, Wet, Y, Night, Rear End, Minor Injury, N, N
AUS, 2, 0, 0, 0, 2017, May, Thursday, 04:20 pm, 050, Dry, N, Daylight, Rear End, Not Injured, N, N
AUS, 2, 0, 0, 0, 2017, May, Thursday, 03:56 pm, 060, Dry, N, Daylight, Rear End, Not Injured, N, N
AUS, 2, 0, 0, 0, 2017, May, Thursday, 04:00 pm, 060, Dry, N, Daylight, Right Angle, Not Injured, N, N
AUS, 2, 0, 0, 0, 2017, May, Thursday, 02:28 pm, 070, Dry, N, Daylight, Right Angle, Not Injured, N, N
AUS, 4, 0, 0, 0, 2017, May, Thursday, 06:31 pm, 060, Dry, N, Night, Rear End, Not Injured, N, N
AUS, 2, 0, 0, 0, 2017, May, Thursday, 02:30 pm, 060, Wet, N, Daylight, Hit Fixed Object, Not Injured, N, N
AUS, 2, 0, 0, 1, 2017, May, Wednesday, 09:10 pm, 060, Dry, N, Night, Right Angle, Minor Injury, Y, N
AUS, 2, 0, 0, 2, 2017, May, Thursday, 05:50 pm, 050, Dry, N, Night, Right Angle, Minor Injury, N, N
AUS, 2, 0, 0, 0, 2017, May, Wednesday, 08:00 pm, 060, Dry, N, Night, Side Swipe, Not Injured, N, N
AUS, 2, 0, 0, 2, 2017, May, Thursday, 09:00 pm, 050, Dry, N, Night, Hit Fixed Object, Minor Injury, N, Y
AUS, 5, 0, 0, 0, 2017, May, Thursday, 09:55 pm, 050, Dry, N, Night, Right Angle, Not Injured, N, N
AUS, 3, 0, 0, 0, 2017, May, Thursday, 10:20 pm, 050, Dry, N, Night, Hit Fixed Object, Not Injured, N, N
AUS, 2, 0, 0, 0, 2017, May, Thursday, 11:00 pm, 050, Wet, N, Night, Hit Fixed Object, Not Injured, N, N
AUS, 2, 0, 0, 0, 2017, May, Friday, 03:45 am, 080, Dry, N, Night, Hit Fixed Object, Not Injured, N, N
AUS, 2, 0, 0, 0, 2017, May, Friday, 06:32 am, 110, Wet, Y, Night, Side Swipe, Not Injured, N, N
AUS, 2, 0, 0, 0, 2017, May, Friday, 08:08 am, 050, Wet, Y, Daylight, Right Angle, Not Injured, N, N
AUS, 2, 0, 0, 0, 2017, May, Friday, 07:25 am, 080, Wet, Y, Daylight, Hit Fixed Object, Not Injured, N, N
AUS, 3, 0, 0, 0, 2017, May, Friday, 07:30 am, 080, Dry, N, Daylight, Rear End, Not Injured, N, N
AUS, 2, 0, 0, 0, 2017, May, Friday, 08:45 am, 060, Dry, N, Daylight, Rear End, Not Injured, N, N
AUS, 2, 0, 0, 0, 2017, May, Thursday, 09:55 pm, 050, Dry, N, Night, Hit Fixed Object, Not Injured, Y, N
AUS, 3, 0, 0, 0, 2017, May, Friday, 08:45 am, 050, Dry, N, Daylight, Rear End, Not Injured, N, N
AUS, 3, 0, 0, 0, 2017, May, Friday, 09:37 am, 060, Dry, N, Daylight, Rear End, Not Injured, N, N
AUS, 2, 0, 0, 1, 2017, May, Friday, 08:15 am, 050, Dry, N, Daylight, Hit Pedestrian, Minor Injury, N, N
AUS, 2, 0, 0, 0, 2017, May, Friday, 09:22 am, 060, Dry, N, Daylight, Hit Fixed Object, Not Injured, N, N
AUS, 2, 0, 0, 0, 2017, May, Wednesday, 12:38 pm, 060, Dry, N, Daylight, Head On, Not Injured, N, N
AUS, 2, 0, 0, 0, 2017, May, Friday, 08:15 am, 080, Dry, N, Daylight, Right Angle, Not Injured, N, N
AUS, 2, 0, 0, 0, 2017, May, Friday, 10:45 am, 050, Wet, Y, Daylight, Right Angle, Not Injured, N, N
AUS, 2, 0, 0, 0, 2017, May, Friday, 09:00 am, 060, Wet, Y, Daylight, Side Swipe, Not Injured, N, N
AUS, 3, 0, 0, 0, 2017, May, Thursday, 05:55 pm, 060, Dry, N, Night, Rear End, Not Injured, N, N
AUS, 5, 0, 1, 1, 2017, May, Thursday, 02:05 pm, 090, Dry, N, Daylight, Hit Fixed Object, Major Injury, N, N
AUS, 2, 0, 0, 0, 2017, May, Friday, 09:25 am, 060, Dry, N, Daylight, Side Swipe, Not Injured, N, N
AUS, 2, 0, 0, 0, 2017, May, Thursday, 03:00 pm, 060, Dry, N, Daylight, Rear End, Not Injured, N, N
AUS, 2, 0, 0, 0, 2017, May, Friday, 03:30 pm, 060, Dry, N, Daylight, Side Swipe, Not Injured, N, N
AUS, 2, 0, 0, 0, 2017, May, Friday, 08:30 am, 060, Dry, N, Daylight, Rear End, Not Injured, N, N
AUS, 2, 0, 1, 0, 2017, May, Thursday, 10:10 pm, 080, Dry, N, Night, Hit Fixed Object, Major Injury, N, N
AUS, 2, 0, 0, 0, 2017, May, Friday, 04:00 pm, 050, Dry, N, Daylight, Side Swipe, Not Injured, N, N
AUS, 2, 0, 0, 0, 2017, May, Friday, 03:00 pm, 050, Dry, N, Daylight, Right Angle, Not Injured, N, N
AUS, 2, 0, 0, 0, 2017, May, Friday, 04:30 pm, 090, Dry, N, Daylight, Rear End, Not Injured, N, N
AUS, 2, 0, 0, 1, 2017, May, Friday, 03:00 pm, 050, Dry, N, Daylight, Right Angle, Minor Injury, N, N
AUS, 3, 0, 0, 0, 2017, May, Friday, 03:30 pm, 060, Dry, N, Daylight, Rear End, Not Injured, N, N
AUS, 2, 0, 0, 2, 2017, May, Friday, 06:00 pm, 070, Dry, N, Night, Rear End, Minor Injury, N, N
AUS, 2, 0, 0, 0, 2017, May, Friday, 03:30 pm, 060, Dry, N, Daylight, Rear End, Not Injured, N, N
AUS, 2, 0, 0, 0, 2017, May, Friday, 05:00 pm, 050, Dry, N, Daylight, Hit Pedestrian, Not Injured, N, N
AUS, 2, 0, 0, 0, 2017, May, Friday, 08:01 pm, 060, Dry, N, Night, Rear End, Not Injured, N, N
AUS, 2, 0, 0, 0, 2017, May, Wednesday, 08:45 pm, 050, Wet, Y, Night, Hit Fixed Object, Not Injured, Y, N
AUS, 2, 0, 0, 1, 2017, May, Friday, 06:05 pm, 100, Dry, N, Night, Right Angle, Minor Injury, N, N
AUS, 2, 0, 0, 1, 2017, May, Friday, 05:30 pm, 050, Dry, N, Night, Hit Pedestrian, Minor Injury, N, N
AUS, 2, 0, 0, 0, 2017, May, Saturday, 08:00 am, 060, Dry, N, Daylight, Rear End, Not Injured, N, N
AUS, 2, 0, 0, 1, 2017, May, Saturday, 09:10 am, 060, Dry, N, Daylight, Side Swipe, Minor Injury, N, N
AUS, 2, 0, 0, 0, 2017, May, Saturday, 10:25 am, 050, Dry, N, Daylight, Hit Fixed Object, Not Injured, N, N
AUS, 3, 0, 0, 1, 2017, May, Friday, 05:30 pm, 050, Dry, N, Night, Rear End, Minor Injury, N, N
AUS, 2, 0, 0, 1, 2017, May, Saturday, 09:15 am, 100, Dry, N, Daylight, Hit Fixed Object, Minor Injury, N, Y
AUS, 2, 0, 0, 1, 2017, May, Saturday, 10:02 am, 050, Dry, N, Daylight, Right Angle, Minor Injury, N, N
AUS, 2, 0, 0, 1, 2017, May, Wednesday, 05:45 pm, 060, Wet, Y, Night, Rear End, Minor Injury, N, N
AUS, 2, 0, 0, 0, 2017, May, Saturday, 08:45 am, 080, Wet, N, Daylight, Hit Fixed Object, Not Injured, N, N
AUS, 2, 0, 0, 0, 2017, May, Saturday, 11:35 am, 050, Dry, N, Daylight, Rear End, Not Injured, N, N
AUS, 2, 0, 0, 1, 2017, May, Friday, 05:00 pm, 060, Dry, N, Daylight, Side Swipe, Minor Injury, N, N
AUS, 2, 0, 0, 0, 2017, May, Friday, 06:15 pm, 080, Dry, N, Night, Side Swipe, Not Injured, N, N
AUS, 2, 0, 0, 0, 2017, May, Saturday, 10:45 am, 060, Dry, N, Daylight, Side Swipe, Not Injured, N, N
AUS, 2, 0, 0, 1, 2017, May, Saturday, 01:57 pm, 080, Dry, N, Daylight, Rear End, Minor Injury, N, N
AUS, 2, 0, 0, 1, 2017, May, Saturday, 02:00 pm, 060, Dry, N, Daylight, Side Swipe, Minor Injury, N, N
AUS, 2, 0, 0, 1, 2017, May, Friday, 05:00 pm, 100, Dry, N, Daylight, Hit Fixed Object, Minor Injury, N, N
AUS, 2, 0, 0, 0, 2017, May, Saturday, 03:03 pm, 070, Dry, N, Daylight, Right Angle, Not Injured, N, N
AUS, 3, 0, 0, 0, 2017, May, Saturday, 04:00 pm, 060, Dry, N, Daylight, Rear End, Not Injured, N, N
AUS, 2, 0, 0, 0, 2017, May, Saturday, 02:30 pm, 050, Dry, N, Daylight, Right Angle, Not Injured, N, N
AUS, 2, 0, 0, 0, 2017, May, Saturday, 04:00 pm, 050, Dry, N, Daylight, Right Angle, Not Injured, N, N
AUS, 2, 0, 1, 1, 2017, May, Saturday, 04:38 pm, 110, Dry, N, Daylight, Right Angle, Major Injury, N, Y
AUS, 2, 0, 0, 0, 2017, May, Saturday, 04:30 pm, 060, Dry, N, Daylight, Right Angle, Not Injured, N, N
AUS, 2, 0, 0, 0, 2017, May, Friday, 06:00 pm, 060, Dry, N, Night, Right Angle, Not Injured, N, N
AUS, 3, 0, 0, 0, 2017, May, Saturday, 03:10 pm, 040, Dry, N, Daylight, Rear End, Not Injured, N, N
AUS, 2, 0, 0, 1, 2017, May, Saturday, 06:30 pm, 080, Dry, N, Night, Right Angle, Minor Injury, N, N
AUS, 2, 0, 0, 1, 2017, May, Saturday, 07:33 pm, 050, Dry, N, Night, Hit Fixed Object, Minor Injury, N, N
AUS, 2, 0, 0, 0, 2017, May, Saturday, 11:30 pm, 050, Dry, N, Night, Hit Fixed Object, Not Injured, N, N
AUS, 2, 0, 0, 0, 2017, May, Sunday, 02:00 am, 060, Dry, N, Night, Hit Fixed Object, Not Injured, N, N
AUS, 2, 0, 0, 0, 2017, May, Sunday, 12:00 am, 060, Dry, N, Night, Hit Fixed Object, Not Injured, Y, N
AUS, 2, 0, 0, 2, 2017, May, Saturday, 02:15 pm, 100, Dry, N, Daylight, Head On, Minor Injury, N, N
AUS, 2, 0, 0, 0, 2017, May, Sunday, 07:05 am, 070, Dry, N, Night, Hit Fixed Object, Not Injured, N, N
AUS, 2, 0, 0, 0, 2017, May, Sunday, 01:00 am, 050, Dry, N, Night, Hit Fixed Object, Not Injured, N, N
AUS, 2, 0, 0, 1, 2017, May, Sunday, 07:45 am, 060, Dry, N, Daylight, Rear End, Minor Injury, N, N
AUS, 2, 0, 0, 0, 2017, May, Saturday, 12:40 pm, 060, Dry, N, Daylight, Hit Fixed Object, Not Injured, N, N
AUS, 2, 0, 0, 1, 2017, May, Sunday, 06:10 am, 110, Dry, N, Night, Hit Fixed Object, Minor Injury, N, N
AUS, 2, 0, 0, 1, 2017, March, Friday, 03:30 pm, 060, Dry, N, Daylight, Rear End, Minor Injury, N, N
AUS, 2, 0, 0, 0, 2017, May, Sunday, 10:25 am, 080, Dry, N, Daylight, Side Swipe, Not Injured, N, N
AUS, 2, 0, 0, 0, 2017, May, Saturday, 12:00 pm, 060, Dry, N, Daylight, Right Angle, Not Injured, N, N
AUS, 2, 0, 0, 0, 2017, May, Saturday, 12:27 pm, 050, Dry, N, Daylight, Right Angle, Not Injured, N, N
AUS, 2, 0, 0, 1, 2017, May, Sunday, 12:30 pm, 050, Dry, N, Daylight, Hit Fixed Object, Minor Injury, N, N
AUS, 2, 1, 0, 0, 2017, May, Sunday, 11:28 am, 100, Dry, N, Daylight, Hit Pedestrian, Fatal, N, N
AUS, 2, 0, 0, 1, 2017, May, Sunday, 12:50 pm, 050, Dry, N, Daylight, Hit Pedestrian, Minor Injury, N, N
AUS, 2, 0, 0, 0, 2017, May, Saturday, 12:40 pm, 060, Dry, N, Daylight, Rear End, Not Injured, N, N
AUS, 2, 0, 0, 0, 2017, May, Sunday, 12:20 pm, 060, Dry, N, Daylight, Side Swipe, Not Injured, N, N
AUS, 2, 0, 0, 0, 2017, May, Saturday, 10:50 pm, 080, Dry, N, Night, Hit Fixed Object, Not Injured, N, N
AUS, 2, 0, 0, 0, 2017, May, Sunday, 03:30 pm, 110, Dry, N, Daylight, Side Swipe, Not Injured, N, N
AUS, 2, 0, 0, 0, 2017, May, Sunday, 03:45 pm, 100, Dry, N, Daylight, Hit Fixed Object, Not Injured, N, N
AUS, 2, 0, 0, 0, 2017, May, Sunday, 12:30 pm, 060, Dry, N, Daylight, Hit Fixed Object, Not Injured, N, N
AUS, 2, 0, 0, 0, 2017, May, Sunday, 04:40 pm, 080, Dry, N, Daylight, Hit Fixed Object, Not Injured, N, N
AUS, 2, 0, 0, 0, 2017, May, Sunday, 04:30 pm, 060, Dry, N, Daylight, Rear End, Not Injured, N, N
AUS, 2, 0, 0, 0, 2017, May, Sunday, 05:00 pm, 080, Dry, N, Daylight, Head On, Not Injured, N, Y