Nation,Total Units,Total Fatalities,Total Serious Injuries,Total Minor Injuries,Year,Month,Day,Time,Speed Limit,Moisture,Adverse Weather Conditions,DayNight,Crash Type,Crash Severity,Alcohol Related ,Drug Related
AUS, 2, 0, 0, 0, 2017, May, Sunday, 04:35 pm, 060, Dry, N, Daylight, Rear End, Not Injured, N, N
AUS, 2, 0, 0, 1, 2017, May, Sunday, 04:55 pm, 110, Dry, N, Daylight, Hit Fixed Object, Minor Injury, Y, Y
AUS, 3, 0, 0, 1, 2017, May, Sunday, 10:50 pm, 060, Dry, N, Night, Hit Fixed Object, Minor Injury, N, Y
AUS, 2, 0, 0, 0, 2017, May, Monday, 12:40 am, 050, Dry, N, Night, Hit Fixed Object, Not Injured, N, N
AUS, 2, 0, 0, 0, 2017, May, Monday, 07:00 am, 060, Dry, N, Night, Rear End, Not Injured, N, N
AUS, 2, 0, 0, 0, 2017, May, Sunday, 07:50 pm, 050, Dry, N, Night, Right Angle, Not Injured, N, N
AUS, 2, 0, 0, 0, 2017, May, Sunday, 10:30 am, 050, Dry, N, Daylight, Rear End, Not Injured, N, N
AUS, 2, 0, 0, 0, 2017, May, Monday, 09:30 am, 050, Dry, N, Daylight, Right Angle, Not Injured, N, N
AUS, 2, 0, 0, 1, 2017, May, Wednesday, 08:00 am, 050, Dry, N, Daylight, Hit Fixed Object, Minor Injury, N, Y
AUS, 2, 0, 0, 0, 2017, May, Friday, 09:00 pm, 100, Dry, N, Night, Hit Fixed Object, Not Injured, N, N
AUS, 2, 0, 0, 1, 2017, May, Monday, 07:55 am, 050, Dry, N, Daylight, Rear End, Minor Injury, N, N
AUS, 3, 0, 0, 0, 2017, May, Monday, 08:25 am, 060, Dry, N, Daylight, Rear End, Not Injured, N, N
AUS, 2, 0, 0, 0, 2017, May, Monday, 12:20 am, 050, Dry, N, Night, Right Angle, Not Injured, N, N
AUS, 2, 0, 0, 1, 2017, May, Monday, 11:00 am, 050, Dry, N, Daylight, Rear End, Minor Injury, N, N
AUS, 2, 0, 0, 0, 2017, May, Monday, 12:00 pm, 050, Dry, N, Daylight, Hit Fixed Object, Not Injured, N, N
AUS, 2, 0, 0, 1, 2017, May, Monday, 12:29 pm, 080, Dry, N, Daylight, Hit Fixed Object, Minor Injury, N, N
AUS, 2, 0, 0, 0, 2017, May, Sunday, 08:00 am, 100, Dry, N, Daylight, Hit Fixed Object, Not Injured, N, N
AUS, 2, 0, 0, 0, 2017, May, Monday, 12:27 pm, 050, Dry, N, Daylight, Side Swipe, Not Injured, N, N
AUS, 2, 0, 0, 1, 2017, March, Wednesday, 06:30 am, 060, Dry, N, Night, Rear End, Minor Injury, N, N
AUS, 2, 0, 0, 0, 2017, May, Monday, 04:00 pm, 060, Dry, N, Daylight, Rear End, Not Injured, N, N
AUS, 2, 0, 0, 1, 2017, May, Monday, 07:05 am, 060, Dry, N, Night, Rear End, Minor Injury, N, N
AUS, 2, 0, 0, 0, 2017, May, Monday, 05:10 pm, 060, Wet, Y, Daylight, Hit Fixed Object, Not Injured, N, N
AUS, 2, 0, 0, 2, 2017, May, Monday, 08:05 pm, 060, Wet, Y, Night, Side Swipe, Minor Injury, N, N
AUS, 2, 0, 0, 3, 2017, May, Monday, 09:27 pm, 050, Wet, Y, Night, Right Angle, Minor Injury, N, N
AUS, 2, 0, 0, 1, 2017, May, Tuesday, 05:40 am, 070, Dry, N, Night, Right Angle, Minor Injury, N, N
AUS, 3, 0, 0, 1, 2017, May, Tuesday, 02:50 am, 080, Wet, Y, Night, Hit Fixed Object, Minor Injury, N, N
AUS, 3, 0, 0, 1, 2017, May, Tuesday, 08:25 am, 080, Wet, Y, Daylight, Rear End, Minor Injury, N, N
AUS, 2, 0, 0, 0, 2017, May, Monday, 08:30 pm, 060, Wet, Y, Night, Right Angle, Not Injured, N, N
AUS, 2, 0, 0, 1, 2017, May, Tuesday, 07:20 am, 100, Dry, N, Daylight, Hit Fixed Object, Minor Injury, N, N
AUS, 2, 0, 0, 1, 2017, May, Tuesday, 08:00 am, 060, Wet, Y, Daylight, Hit Pedestrian, Minor Injury, N, N
AUS, 3, 0, 0, 1, 2017, May, Tuesday, 08:00 am, 060, Dry, N, Daylight, Side Swipe, Minor Injury, N, N
AUS, 2, 0, 0, 0, 2017, May, Tuesday, 10:55 am, 060, Dry, N, Daylight, Rear End, Not Injured, N, N
AUS, 3, 0, 0, 1, 2017, May, Monday, 09:30 pm, 050, Wet, Y, Night, Rear End, Minor Injury, N, N
AUS, 2, 0, 0, 0, 2017, May, Tuesday, 05:50 am, 060, Dry, N, Night, Side Swipe, Not Injured, N, N
AUS, 3, 0, 0, 0, 2017, May, Monday, 06:00 pm, 060, Dry, N, Night, Rear End, Not Injured, N, N
AUS, 3, 0, 0, 1, 2017, May, Saturday, 12:20 pm, 060, Dry, N, Daylight, Rear End, Minor Injury, N, N
AUS, 2, 0, 0, 1, 2017, May, Tuesday, 11:30 am, 080, Dry, N, Daylight, Rear End, Minor Injury, N, N
AUS, 2, 0, 0, 0, 2017, May, Sunday, 10:30 am, 110, Dry, N, Daylight, Hit Fixed Object, Not Injured, N, N
AUS, 2, 0, 0, 1, 2017, May, Tuesday, 02:15 pm, 060, Dry, N, Daylight, Side Swipe, Minor Injury, N, N
AUS, 2, 0, 0, 0, 2017, May, Tuesday, 02:25 pm, 080, Dry, N, Daylight, Side Swipe, Not Injured, N, N
AUS, 2, 0, 0, 0, 2017, May, Tuesday, 12:50 pm, 060, Dry, N, Daylight, Side Swipe, Not Injured, N, N
AUS, 2, 0, 0, 1, 2017, May, Tuesday, 04:05 pm, 060, Wet, Y, Daylight, Rear End, Minor Injury, N, N
AUS, 2, 0, 0, 0, 2017, May, Tuesday, 04:30 pm, 070, Wet, Y, Daylight, Rear End, Not Injured, N, N
AUS, 3, 0, 0, 0, 2017, May, Tuesday, 04:52 pm, 060, Wet, Y, Daylight, Right Angle, Not Injured, N, N
AUS, 2, 0, 0, 1, 2017, May, Tuesday, 05:00 pm, 060, Dry, N, Daylight, Right Angle, Minor Injury, N, N
AUS, 2, 0, 0, 2, 2017, May, Tuesday, 04:35 pm, 050, Wet, Y, Daylight, Right Angle, Minor Injury, N, N
AUS, 2, 0, 0, 1, 2017, May, Tuesday, 05:00 pm, 050, Dry, N, Daylight, Right Angle, Minor Injury, N, N
AUS, 2, 0, 0, 0, 2017, May, Tuesday, 06:20 pm, 080, Wet, N, Night, Right Angle, Not Injured, N, N
AUS, 3, 0, 0, 1, 2017, May, Tuesday, 06:04 pm, 060, Dry, N, Night, Rear End, Minor Injury, N, N
AUS, 2, 0, 0, 0, 2017, May, Tuesday, 04:00 pm, 060, Wet, N, Daylight, Head On, Not Injured, Y, N
AUS, 2, 0, 0, 1, 2017, May, Tuesday, 04:45 pm, 100, Wet, Y, Daylight, Rear End, Minor Injury, N, N
AUS, 2, 0, 0, 0, 2017, May, Tuesday, 08:20 pm, 050, Dry, N, Night, Hit Fixed Object, Not Injured, N, N
AUS, 2, 0, 0, 1, 2017, May, Wednesday, 12:35 am, 060, Wet, Y, Night, Hit Fixed Object, Minor Injury, N, N
AUS, 3, 0, 0, 0, 2017, May, Wednesday, 07:00 am, 060, Wet, Y, Night, Rear End, Not Injured, N, N
AUS, 2, 0, 0, 0, 2017, May, Tuesday, 05:10 pm, 060, Wet, N, Daylight, Rear End, Not Injured, N, N
AUS, 2, 0, 0, 0, 2017, May, Wednesday, 08:20 am, 050, Dry, N, Daylight, Right Angle, Not Injured, N, N
AUS, 2, 0, 0, 0, 2017, May, Wednesday, 08:05 am, 110, Wet, N, Daylight, Hit Fixed Object, Not Injured, N, N
AUS, 2, 0, 0, 0, 2017, May, Tuesday, 05:00 pm, 060, Dry, N, Daylight, Right Angle, Not Injured, N, N
AUS, 2, 0, 0, 1, 2017, May, Wednesday, 08:28 am, 060, Wet, N, Daylight, Head On, Minor Injury, N, N
AUS, 3, 0, 0, 0, 2017, May, Wednesday, 08:20 am, 060, Dry, N, Daylight, Rear End, Not Injured, N, N
AUS, 2, 0, 0, 0, 2017, May, Tuesday, 05:50 pm, 060, Wet, N, Night, Side Swipe, Not Injured, N, N
AUS, 2, 0, 0, 0, 2017, May, Tuesday, 11:25 am, 050, Dry, N, Daylight, Rear End, Not Injured, N, N
AUS, 2, 0, 0, 1, 2017, May, Wednesday, 09:00 am, 060, Wet, Y, Daylight, Rear End, Minor Injury, N, N
AUS, 2, 0, 0, 1, 2017, May, Wednesday, 08:00 am, 050, Dry, N, Daylight, Rear End, Minor Injury, N, N
AUS, 2, 0, 0, 1, 2017, May, Wednesday, 07:20 am, 060, Wet, N, Daylight, Right Angle, Minor Injury, N, N
AUS, 2, 0, 0, 0, 2017, May, Wednesday, 09:16 am, 060, Dry, N, Daylight, Right Angle, Not Injured, N, N
AUS, 2, 0, 0, 1, 2017, May, Friday, 04:00 pm, 040, Dry, N, Daylight, Side Swipe, Minor Injury, N, N
AUS, 2, 0, 0, 1, 2017, May, Tuesday, 04:50 pm, 060, Dry, N, Daylight, Rear End, Minor Injury, N, N
AUS, 3, 0, 0, 1, 2017, May, Saturday, 06:46 pm, 050, Dry, N, Night, Hit Fixed Object, Minor Injury, N, N
AUS, 2, 0, 0, 0, 2017, May, Wednesday, 10:45 am, 050, Dry, N, Daylight, Right Angle, Not Injured, N, N
AUS, 2, 0, 0, 1, 2017, May, Wednesday, 08:00 am, 060, Dry, N, Daylight, Right Angle, Minor Injury, N, N
AUS, 2, 0, 0, 0, 2017, May, Tuesday, 02:00 pm, 050, Dry, N, Daylight, Side Swipe, Not Injured, N, N
AUS, 4, 0, 0, 1, 2017, May, Wednesday, 09:45 am, 110, Dry, N, Daylight, Rear End, Minor Injury, N, N
AUS, 2, 0, 0, 1, 2017, May, Wednesday, 10:45 am, 060, Dry, N, Daylight, Rear End, Minor Injury, N, N
AUS, 2, 0, 0, 1, 2017, May, Wednesday, 01:30 pm, 060, Dry, N, Daylight, Rear End, Minor Injury, N, N
AUS, 2, 0, 0, 0, 2017, May, Wednesday, 10:50 am, 050, Dry, N, Daylight, Rear End, Not Injured, N, N
AUS, 2, 0, 0, 0, 2017, May, Wednesday, 02:30 pm, 060, Dry, N, Daylight, Right Angle, Not Injured, N, N
AUS, 2, 0, 0, 1, 2017, May, Wednesday, 08:00 am, 050, Wet, Y, Daylight, Right Angle, Minor Injury, N, N
AUS, 2, 0, 0, 1, 2017, May, Wednesday, 01:00 pm, 110, Dry, N, Daylight, Hit Fixed Object, Minor Injury, N, N
AUS, 2, 0, 0, 1, 2017, May, Tuesday, 06:30 pm, 050, Wet, N, Night, Rear End, Minor Injury, N, N
AUS, 2, 0, 0, 0, 2017, May, Wednesday, 03:47 pm, 060, Dry, N, Daylight, Rear End, Not Injured, N, N
AUS, 2, 0, 0, 1, 2017, May, Wednesday, 01:45 pm, 050, Dry, N, Daylight, Rear End, Minor Injury, N, N
AUS, 2, 0, 0, 2, 2017, May, Wednesday, 03:35 pm, 070, Dry, N, Daylight, Rear End, Minor Injury, N, N
AUS, 2, 0, 0, 1, 2017, May, Tuesday, 05:00 pm, 060, Dry, N, Daylight, Rear End, Minor Injury, N, N
AUS, 2, 0, 0, 0, 2017, May, Wednesday, 08:50 am, 070, Dry, N, Daylight, Side Swipe, Not Injured, N, N
AUS, 2, 0, 0, 1, 2017, May, Wednesday, 08:20 am, 060, Wet, N, Daylight, Right Angle, Minor Injury, N, N
AUS, 3, 0, 0, 0, 2017, May, Wednesday, 03:25 pm, 090, Dry, N, Daylight, Side Swipe, Not Injured, N, N
AUS, 2, 0, 0, 0, 2017, May, Wednesday, 06:10 pm, 060, Dry, N, Night, Rear End, Not Injured, N, N
AUS, 3, 0, 0, 0, 2017, May, Wednesday, 03:25 pm, 060, Dry, N, Daylight, Rear End, Not Injured, N, N
AUS, 2, 0, 0, 0, 2017, May, Wednesday, 03:35 pm, 060, Dry, N, Daylight, Right Angle, Not Injured, N, N
AUS, 2, 0, 0, 0, 2017, May, Wednesday, 06:42 pm, 090, Dry, N, Night, Right Angle, Not Injured, N, N
AUS, 2, 0, 0, 0, 2017, May, Wednesday, 03:08 pm, 060, Dry, N, Daylight, Hit Pedestrian, Not Injured, N, N
AUS, 2, 0, 0, 1, 2017, May, Tuesday, 08:30 pm, 100, Wet, Y, Night, Hit Fixed Object, Minor Injury, N, N
AUS, 2, 0, 0, 1, 2017, May, Wednesday, 03:20 pm, 060, Dry, N, Daylight, Rear End, Minor Injury, N, N
AUS, 4, 0, 0, 1, 2017, May, Wednesday, 08:45 pm, 060, Dry, N, Night, Hit Fixed Object, Minor Injury, N, N
AUS, 2, 0, 0, 0, 2017, May, Thursday, 02:25 am, 050, Dry, N, Night, Hit Fixed Object, Not Injured, Y, N
AUS, 2, 0, 0, 0, 2017, May, Wednesday, 11:45 pm, 050, Dry, N, Night, Hit Fixed Object, Not Injured, Y, N
AUS, 2, 0, 0, 0, 2017, May, Wednesday, 10:40 am, 050, Dry, N, Daylight, Rear End, Not Injured, N, N
AUS, 3, 0, 0, 0, 2017, May, Thursday, 06:40 am, 100, Dry, N, Night, Rear End, Not Injured, N, N
AUS, 3, 0, 0, 0, 2017, May, Thursday, 02:00 am, 050, Dry, N, Night, Hit Fixed Object, Not Injured, N, N
AUS, 2, 0, 0, 0, 2017, May, Thursday, 07:50 am, 060, Dry, N, Daylight, Side Swipe, Not Injured, N, N
AUS, 2, 0, 0, 0, 2017, May, Thursday, 09:55 am, 060, Dry, N, Daylight, Rear End, Not Injured, N, N
AUS, 3, 0, 0, 0, 2017, May, Thursday, 11:50 am, 060, Dry, N, Daylight, Rear End, Not Injured, N, N
AUS, 2, 0, 0, 0, 2017, May, Thursday, 11:30 am, 050, Dry, N, Daylight, Hit Fixed Object, Not Injured, N, N
AUS, 2, 0, 0, 1, 2017, May, Thursday, 07:00 am, 100, Dry, N, Night, Head On, Minor Injury, N, N
AUS, 2, 0, 0, 0, 2017, May, Thursday, 09:40 am, 060, Dry, N, Daylight, Rear End, Not Injured, N, N
AUS, 2, 0, 0, 0, 2017, May, Wednesday, 01:00 pm, 100, Dry, N, Daylight, Head On, Not Injured, N, N
AUS, 2, 0, 0, 0, 2017, May, Wednesday, 03:30 pm, 110, Dry, N, Daylight, Hit Fixed Object, Not Injured, N, N
AUS, 2, 0, 0, 0, 2017, May, Wednesday, 06:15 pm, 060, Dry, N, Night, Right Angle, Not Injured, N, N
AUS, 2, 0, 0, 0, 2017, May, Wednesday, 06:22 pm, 070, Dry, N, Night, Hit Fixed Object, Not Injured, N, N
AUS, 4, 0, 0, 0, 2017, May, Thursday, 05:40 pm, 090, Dry, N, Night, Rear End, Not Injured, N, N
AUS, 2, 0, 0, 0, 2017, May, Thursday, 05:45 pm, 060, Dry, N, Night, Side Swipe, Not Injured, N, N
AUS, 2, 0, 0, 1, 2017, May, Thursday, 04:45 pm, 060, Dry, N, Daylight, Rear End, Minor Injury, N, N
AUS, 2, 0, 0, 1, 2017, May, Thursday, 04:00 pm, 050, Dry, N, Daylight, Right Angle, Minor Injury, N, N
AUS, 3, 0, 0, 0, 2017, May, Thursday, 05:00 pm, 060, Dry, N, Daylight, Rear End, Not Injured, N, N
AUS, 2, 0, 0, 0, 2017, May, Tuesday, 11:30 pm, 050, Dry, N, Night, Side Swipe, Not Injured, N, N
AUS, 2, 0, 0, 0, 2017, May, Wednesday, 02:00 pm, 080, Dry, N, Daylight, Right Angle, Not Injured, Y, N
AUS, 3, 0, 0, 0, 2017, May, Thursday, 07:00 pm, 060, Dry, N, Night, Rear End, Not Injured, N, N
AUS, 3, 0, 0, 0, 2017, May, Thursday, 05:40 pm, 050, Dry, N, Night, Rear End, Not Injured, N, N
AUS, 2, 0, 0, 0, 2017, May, Thursday, 05:38 pm, 050, Wet, Y, Night, Hit Pedestrian, Not Injured, N, N
AUS, 4, 0, 0, 0, 2017, May, Thursday, 03:30 pm, 060, Dry, N, Daylight, Rear End, Not Injured, N, N
AUS, 3, 0, 0, 1, 2017, May, Thursday, 06:50 pm, 070, Dry, N, Night, Rear End, Minor Injury, N, N
AUS, 2, 0, 0, 4, 2017, May, Thursday, 04:15 pm, 050, Dry, N, Daylight, Hit Fixed Object, Minor Injury, N, N
AUS, 2, 0, 0, 0, 2017, May, Thursday, 04:00 pm, 060, Dry, N, Daylight, Right Angle, Not Injured, N, N
AUS, 2, 0, 0, 2, 2017, May, Thursday, 04:30 pm, 100, Dry, N, Daylight, Right Angle, Minor Injury, N, N
AUS, 2, 0, 0, 0, 2017, May, Thursday, 08:50 pm, 050, Wet, N, Night, Hit Fixed Object, Not Injured, N, N
AUS, 2, 0, 0, 0, 2017, May, Thursday, 05:10 pm, 060, Wet, Y, Daylight, Right Angle, Not Injured, N, N
AUS, 2, 0, 0, 0, 2017, May, Thursday, 05:40 pm, 100, Dry, N, Night, Hit Fixed Object, Not Injured, N, N
AUS, 2, 0, 0, 0, 2017, May, Thursday, 08:41 pm, 050, Dry, N, Night, Hit Fixed Object, Not Injured, N, N
AUS, 2, 0, 0, 0, 2017, May, Thursday, 10:30 pm, 050, Wet, N, Night, Hit Fixed Object, Not Injured, N, N
AUS, 2, 0, 0, 0, 2017, May, Friday, 12:11 am, 060, Dry, N, Night, Rear End, Not Injured, N, N
AUS, 2, 0, 0, 0, 2017, May, Friday, 05:00 am, 060, Dry, N, Night, Hit Fixed Object, Not Injured, N, N
AUS, 3, 0, 0, 0, 2017, May, Thursday, 06:30 am, 100, Dry, N, Night, Rear End, Not Injured, N, N
AUS, 2, 0, 0, 0, 2017, May, Friday, 07:45 am, 080, Dry, N, Daylight, Side Swipe, Not Injured, N, N
AUS, 3, 0, 0, 2, 2017, May, Friday, 07:35 am, 060, Dry, N, Daylight, Rear End, Minor Injury, N, N
AUS, 2, 0, 0, 0, 2017, May, Thursday, 02:55 pm, 060, Dry, N, Daylight, Side Swipe, Not Injured, N, N
AUS, 2, 0, 0, 0, 2017, May, Friday, 08:20 am, 050, Dry, N, Daylight, Hit Fixed Object, Not Injured, N, N
AUS, 2, 0, 0, 0, 2017, May, Friday, 08:36 am, 050, Dry, N, Daylight, Right Angle, Not Injured, N, N
AUS, 3, 0, 0, 1, 2017, May, Friday, 06:30 am, 080, Dry, N, Night, Rear End, Minor Injury, N, N
AUS, 2, 0, 0, 0, 2017, May, Thursday, 05:55 pm, 060, Dry, N, Night, Right Angle, Not Injured, N, N
AUS, 3, 0, 0, 2, 2017, May, Friday, 10:45 am, 060, Dry, N, Daylight, Rear End, Minor Injury, N, N
AUS, 2, 0, 0, 0, 2017, May, Friday, 10:00 am, 070, Dry, N, Daylight, Hit Fixed Object, Not Injured, N, N
AUS, 2, 0, 0, 0, 2017, May, Wednesday, 10:00 am, 060, Dry, N, Daylight, Rear End, Not Injured, N, N
AUS, 2, 0, 0, 0, 2017, May, Friday, 08:40 am, 060, Dry, N, Daylight, Side Swipe, Not Injured, N, N
AUS, 2, 0, 0, 2, 2017, May, Friday, 09:53 am, 100, Dry, N, Daylight, Right Angle, Minor Injury, N, Y
AUS, 2, 0, 2, 0, 2017, May, Friday, 01:30 pm, 100, Dry, N, Daylight, Right Angle, Major Injury, N, N
AUS, 2, 0, 1, 0, 2017, May, Friday, 11:06 am, 100, Dry, N, Daylight, Hit Fixed Object, Major Injury, N, N
AUS, 2, 0, 0, 1, 2017, May, Thursday, 02:50 pm, 050, Dry, N, Daylight, Right Angle, Minor Injury, N, N
AUS, 2, 0, 0, 0, 2017, May, Friday, 12:15 pm, 070, Dry, N, Daylight, Side Swipe, Not Injured, N, N
AUS, 2, 0, 0, 0, 2017, May, Friday, 12:40 pm, 060, Dry, N, Daylight, Rear End, Not Injured, N, N
AUS, 2, 0, 0, 1, 2017, May, Friday, 02:40 pm, 060, Dry, N, Daylight, Rear End, Minor Injury, N, N
AUS, 2, 0, 0, 0, 2017, May, Friday, 03:20 pm, 050, Dry, N, Daylight, Hit Fixed Object, Not Injured, N, N
AUS, 2, 0, 0, 1, 2017, May, Friday, 03:40 pm, 060, Dry, N, Daylight, Rear End, Minor Injury, N, N
AUS, 2, 0, 0, 0, 2017, May, Friday, 04:30 pm, 110, Dry, N, Daylight, Side Swipe, Not Injured, N, N
AUS, 3, 0, 0, 2, 2017, May, Friday, 05:35 pm, 090, Dry, N, Night, Side Swipe, Minor Injury, N, N
AUS, 2, 0, 0, 1, 2017, May, Friday, 05:25 pm, 050, Dry, N, Night, Right Angle, Minor Injury, N, N
AUS, 2, 0, 0, 0, 2017, May, Friday, 05:30 pm, 050, Dry, N, Night, Hit Pedestrian, Not Injured, N, N
AUS, 2, 0, 0, 0, 2017, May, Friday, 05:45 pm, 080, Dry, N, Night, Side Swipe, Not Injured, N, N
AUS, 3, 0, 0, 0, 2017, May, Friday, 05:55 pm, 060, Dry, N, Night, Rear End, Not Injured, N, N
AUS, 2, 0, 0, 0, 2017, May, Friday, 09:00 pm, 100, Dry, N, Night, Rear End, Not Injured, N, N
AUS, 2, 0, 0, 1, 2017, May, Friday, 06:05 pm, 050, Dry, N, Night, Head On, Minor Injury, N, Y
AUS, 2, 0, 1, 1, 2017, May, Friday, 11:45 pm, 050, Dry, N, Night, Hit Fixed Object, Major Injury, Y, N
AUS, 2, 0, 0, 0, 2017, May, Saturday, 02:00 am, 050, Dry, N, Night, Hit Fixed Object, Not Injured, N, N
AUS, 2, 0, 0, 0, 2017, May, Saturday, 02:01 am, 050, Dry, N, Night, Hit Fixed Object, Not Injured, N, N
AUS, 2, 0, 0, 0, 2017, May, Saturday, 02:05 am, 060, Dry, N, Night, Hit Fixed Object, Not Injured, Y, N
AUS, 2, 0, 0, 0, 2017, May, Saturday, 02:00 am, 050, Dry, N, Night, Hit Pedestrian, Not Injured, N, N
AUS, 3, 0, 0, 1, 2017, May, Saturday, 03:30 am, 080, Dry, N, Night, Hit Fixed Object, Minor Injury, N, N
AUS, 2, 0, 0, 0, 2017, May, Saturday, 06:00 am, 050, Dry, N, Night, Hit Fixed Object, Not Injured, N, N
AUS, 2, 0, 0, 0, 2017, May, Saturday, 04:00 am, 060, Dry, N, Night, Hit Fixed Object, Not Injured, N, N
AUS, 2, 0, 0, 0, 2017, May, Thursday, 09:35 am, 050, Dry, N, Daylight, Right Angle, Not Injured, N, N
AUS, 2, 0, 0, 1, 2017, May, Saturday, 07:56 am, 060, Wet, Y, Daylight, Right Angle, Minor Injury, N, N
AUS, 4, 0, 1, 0, 2017, May, Saturday, 08:12 am, 060, Dry, N, Daylight, Rear End, Major Injury, N, N
AUS, 2, 0, 0, 0, 2017, May, Friday, 01:30 pm, 050, Dry, N, Daylight, Right Angle, Not Injured, N, N
AUS, 2, 0, 0, 0, 2017, May, Saturday, 08:05 am, 050, Dry, N, Daylight, Hit Fixed Object, Not Injured, N, N
AUS, 3, 0, 0, 1, 2017, May, Saturday, 12:10 pm, 080, Dry, N, Daylight, Rear End, Minor Injury, N, N
AUS, 2, 0, 0, 0, 2017, May, Saturday, 01:00 pm, 060, Dry, N, Daylight, Rear End, Not Injured, N, N
AUS, 4, 0, 0, 0, 2017, May, Saturday, 11:05 am, 060, Dry, N, Daylight, Hit Fixed Object, Not Injured, N, N
AUS, 2, 0, 0, 1, 2017, May, Saturday, 09:15 am, 060, Wet, N, Daylight, Hit Fixed Object, Minor Injury, N, Y
AUS, 3, 0, 0, 0, 2017, May, Saturday, 01:00 pm, 050, Dry, N, Daylight, Rear End, Not Injured, N, N
AUS, 2, 0, 0, 0, 2017, May, Thursday, 01:30 pm, 050, Dry, N, Daylight, Right Angle, Not Injured, N, N
AUS, 2, 0, 0, 1, 2017, May, Saturday, 01:10 pm, 050, Dry, N, Daylight, Rear End, Minor Injury, N, Y
AUS, 2, 0, 0, 2, 2017, May, Friday, 09:55 pm, 060, Dry, N, Night, Hit Fixed Object, Minor Injury, Y, N
AUS, 2, 0, 0, 1, 2017, May, Saturday, 03:25 pm, 060, Dry, N, Daylight, Right Angle, Minor Injury, N, N
AUS, 2, 0, 0, 1, 2017, May, Saturday, 01:30 pm, 050, Dry, N, Daylight, Hit Fixed Object, Minor Injury, N, N
AUS, 2, 0, 0, 0, 2017, May, Saturday, 04:03 pm, 040, Dry, N, Daylight, Hit Fixed Object, Not Injured, Y, N
AUS, 2, 0, 0, 0, 2017, May, Saturday, 02:30 pm, 050, Dry, N, Daylight, Hit Fixed Object, Not Injured, N, N
AUS, 2, 0, 0, 0, 2017, May, Friday, 08:25 pm, 060, Dry, N, Night, Right Angle, Not Injured, N, N
AUS, 2, 0, 1, 0, 2017, May, Saturday, 05:15 pm, 060, Wet, Y, Night, Hit Fixed Object, Major Injury, N, N
AUS, 3, 0, 0, 1, 2017, May, Saturday, 05:55 pm, 060, Wet, Y, Night, Rear End, Minor Injury, N, N
AUS, 2, 0, 0, 0, 2017, May, Saturday, 07:35 pm, 060, Wet, Y, Night, Right Angle, Not Injured, N, N
AUS, 2, 0, 0, 0, 2017, May, Saturday, 06:50 pm, 060, Wet, Y, Night, Rear End, Not Injured, N, N
AUS, 2, 0, 1, 0, 2017, May, Sunday, 02:00 am, 050, Dry, N, Night, Hit Fixed Object, Major Injury, N, Y
AUS, 2, 0, 0, 0, 2017, May, Sunday, 02:30 am, 100, Dry, N, Night, Hit Fixed Object, Not Injured, N, N
AUS, 2, 0, 0, 0, 2017, April, Tuesday, 04:32 pm, 050, Dry, N, Daylight, Side Swipe, Not Injured, N, N
AUS, 2, 0, 0, 0, 2017, May, Saturday, 11:30 pm, 060, Wet, Y, Night, Rear End, Not Injured, N, N
AUS, 2, 0, 0, 1, 2017, May, Sunday, 10:05 am, 060, Wet, N, Daylight, Rear End, Minor Injury, N, N
AUS, 2, 0, 1, 0, 2017, May, Sunday, 11:30 am, 050, Dry, N, Daylight, Right Angle, Major Injury, N, Y
AUS, 2, 0, 0, 1, 2017, May, Saturday, 12:00 pm, 080, Dry, N, Daylight, Right Angle, Minor Injury, N, N
AUS, 2, 0, 0, 0, 2017, May, Saturday, 03:00 pm, 060, Dry, N, Daylight, Rear End, Not Injured, N, N
AUS, 2, 0, 0, 0, 2017, May, Saturday, 08:40 pm, 050, Wet, Y, Night, Right Angle, Not Injured, N, N
AUS, 2, 0, 0, 1, 2017, May, Sunday, 11:35 am, 110, Wet, Y, Daylight, Right Angle, Minor Injury, N, N
AUS, 2, 0, 0, 0, 2017, May, Sunday, 12:30 pm, 060, Wet, Y, Daylight, Rear End, Not Injured, N, N
AUS, 2, 0, 0, 1, 2017, May, Sunday, 09:00 am, 110, Dry, N, Daylight, Hit Fixed Object, Minor Injury, N, N
AUS, 2, 0, 0, 0, 2017, May, Sunday, 02:00 pm, 050, Wet, N, Daylight, Hit Fixed Object, Not Injured, N, N
AUS, 3, 0, 0, 0, 2017, May, Saturday, 09:00 pm, 050, Wet, Y, Night, Hit Fixed Object, Not Injured, N, N
AUS, 2, 0, 0, 0, 2017, May, Sunday, 04:18 pm, 060, Dry, N, Daylight, Right Angle, Not Injured, N, N
AUS, 2, 0, 0, 0, 2017, May, Sunday, 03:10 pm, 060, Dry, N, Daylight, Right Angle, Not Injured, N, N
AUS, 2, 0, 0, 0, 2017, May, Friday, 05:40 pm, 090, Dry, N, Night, Rear End, Not Injured, N, N
AUS, 2, 0, 0, 0, 2017, May, Sunday, 04:45 pm, 050, Wet, N, Daylight, Right Angle, Not Injured, N, N
AUS, 2, 0, 0, 0, 2017, May, Sunday, 01:00 pm, 060, Dry, N, Daylight, Right Angle, Not Injured, N, N
AUS, 2, 0, 0, 0, 2017, May, Sunday, 04:20 pm, 060, Dry, N, Daylight, Rear End, Not Injured, N, N
AUS, 5, 0, 0, 4, 2017, May, Sunday, 01:05 pm, 100, Wet, Y, Daylight, Head On, Minor Injury, N, N
AUS, 2, 0, 0, 1, 2017, May, Sunday, 05:25 pm, 060, Dry, N, Night, Right Angle, Minor Injury, N, N
AUS, 3, 1, 0, 1, 2017, May, Sunday, 02:30 pm, 060, Dry, N, Daylight, Side Swipe, Fatal, N, Y
AUS, 2, 0, 0, 0, 2017, May, Sunday, 06:30 pm, 060, Wet, N, Night, Side Swipe, Not Injured, N, N
AUS, 2, 0, 0, 1, 2017, May, Sunday, 10:10 pm, 110, Wet, Y, Night, Hit Fixed Object, Minor Injury, Y, N
AUS, 2, 0, 0, 0, 2017, May, Sunday, 03:30 am, 050, Wet, Y, Night, Hit Fixed Object, Not Injured, N, N