Nation,Total Units,Total Fatalities,Total Serious Injuries,Total Minor Injuries,Year,Month,Day,Time,Speed Limit,Moisture,Adverse Weather Conditions,DayNight,Crash Type,Crash Severity,Alcohol Related ,Drug Related
AUS, 2, 0, 0, 0, 2017, May, Sunday, 11:05 pm, 050, Dry, N, Night, Right Angle, Not Injured, N, N
AUS, 2, 0, 0, 0, 2017, May, Friday, 04:34 pm, 100, Dry, N, Daylight, Right Angle, Not Injured, N, N
AUS, 2, 0, 0, 0, 2017, May, Monday, 08:10 am, 050, Wet, N, Daylight, Hit Fixed Object, Not Injured, N, N
AUS, 2, 0, 0, 1, 2017, May, Monday, 06:30 am, 100, Wet, Y, Night, Hit Fixed Object, Minor Injury, N, N
AUS, 3, 0, 0, 0, 2017, May, Monday, 07:30 am, 070, Wet, Y, Daylight, Rear End, Not Injured, N, N
AUS, 4, 0, 0, 1, 2017, May, Monday, 07:00 am, 070, Dry, N, Night, Rear End, Minor Injury, N, N
AUS, 2, 0, 0, 1, 2017, May, Monday, 08:05 am, 050, Wet, Y, Daylight, Right Angle, Minor Injury, N, N
AUS, 2, 0, 1, 0, 2017, May, Monday, 07:10 am, 080, Wet, Y, Night, Hit Fixed Object, Major Injury, N, N
AUS, 3, 0, 0, 2, 2017, May, Monday, 08:00 am, 050, Dry, N, Daylight, Right Angle, Minor Injury, N, N
AUS, 2, 0, 0, 0, 2017, May, Tuesday, 02:45 am, 070, Dry, N, Night, Side Swipe, Not Injured, N, N
AUS, 2, 0, 0, 0, 2017, May, Saturday, 05:45 pm, 060, Wet, Y, Night, Hit Fixed Object, Not Injured, N, N
AUS, 2, 0, 0, 1, 2017, May, Monday, 06:20 am, 050, Dry, N, Night, Right Angle, Minor Injury, N, N
AUS, 3, 0, 0, 0, 2017, May, Monday, 07:30 am, 070, Wet, Y, Daylight, Rear End, Not Injured, N, N
AUS, 2, 0, 0, 0, 2017, May, Monday, 11:50 am, 060, Wet, Y, Daylight, Rear End, Not Injured, N, N
AUS, 2, 0, 0, 0, 2017, May, Monday, 10:38 am, 040, Wet, Y, Daylight, Side Swipe, Not Injured, N, N
AUS, 3, 0, 0, 0, 2017, May, Monday, 10:30 am, 060, Wet, Y, Daylight, Hit Fixed Object, Not Injured, Y, N
AUS, 2, 0, 1, 0, 2017, May, Friday, 03:50 am, 080, Wet, N, Night, Hit Fixed Object, Major Injury, N, N
AUS, 2, 0, 0, 0, 2017, May, Monday, 08:45 am, 050, Dry, N, Daylight, Hit Pedestrian, Not Injured, N, N
AUS, 2, 0, 0, 0, 2017, May, Wednesday, 08:45 am, 060, Dry, N, Daylight, Side Swipe, Not Injured, N, N
AUS, 2, 0, 0, 0, 2017, May, Monday, 02:10 pm, 080, Wet, Y, Daylight, Side Swipe, Not Injured, N, N
AUS, 2, 0, 0, 1, 2017, March, Monday, 04:30 pm, 060, Dry, N, Daylight, Rear End, Minor Injury, N, N
AUS, 2, 0, 0, 0, 2017, May, Sunday, 01:40 pm, 100, Wet, Y, Daylight, Hit Fixed Object, Not Injured, N, N
AUS, 2, 0, 0, 1, 2017, May, Sunday, 05:00 pm, 100, Dry, N, Daylight, Head On, Minor Injury, N, N
AUS, 2, 0, 0, 0, 2017, May, Monday, 09:10 am, 050, Wet, N, Daylight, Rear End, Not Injured, N, N
AUS, 2, 0, 0, 0, 2017, May, Monday, 02:20 pm, 100, Wet, Y, Daylight, Rear End, Not Injured, N, N
AUS, 2, 0, 0, 0, 2017, May, Monday, 03:50 pm, 080, Wet, Y, Daylight, Rear End, Not Injured, N, N
AUS, 2, 0, 0, 1, 2017, May, Monday, 04:45 pm, 060, Wet, N, Daylight, Hit Pedestrian, Minor Injury, N, N
AUS, 2, 0, 0, 1, 2017, May, Monday, 02:36 pm, 060, Wet, Y, Daylight, Right Angle, Minor Injury, N, N
AUS, 2, 0, 1, 0, 2017, May, Monday, 03:50 pm, 100, Dry, N, Daylight, Right Angle, Major Injury, N, N
AUS, 3, 0, 0, 1, 2017, May, Monday, 03:00 pm, 050, Wet, N, Daylight, Right Angle, Minor Injury, N, N
AUS, 2, 0, 0, 1, 2017, May, Monday, 05:10 pm, 090, Wet, Y, Daylight, Hit Fixed Object, Minor Injury, N, N
AUS, 2, 0, 0, 1, 2017, May, Monday, 03:40 pm, 060, Wet, Y, Daylight, Side Swipe, Minor Injury, N, N
AUS, 2, 0, 0, 0, 2017, May, Monday, 05:15 pm, 050, Wet, Y, Night, Hit Fixed Object, Not Injured, N, N
AUS, 2, 0, 0, 0, 2017, May, Monday, 04:20 pm, 060, Dry, N, Daylight, Right Angle, Not Injured, N, N
AUS, 2, 0, 0, 1, 2017, May, Monday, 06:35 pm, 050, Wet, Y, Night, Hit Fixed Object, Minor Injury, N, N
AUS, 2, 0, 0, 1, 2017, May, Monday, 04:20 pm, 080, Wet, Y, Daylight, Rear End, Minor Injury, N, N
AUS, 2, 0, 0, 1, 2017, May, Monday, 05:52 pm, 050, Wet, Y, Night, Hit Pedestrian, Minor Injury, N, N
AUS, 2, 0, 0, 0, 2017, May, Monday, 03:30 pm, 050, Wet, Y, Daylight, Hit Fixed Object, Not Injured, N, N
AUS, 2, 0, 0, 1, 2017, May, Monday, 05:50 pm, 050, Wet, Y, Night, Right Angle, Minor Injury, N, N
AUS, 2, 0, 0, 1, 2017, May, Monday, 06:00 pm, 100, Wet, Y, Night, Hit Fixed Object, Minor Injury, Y, N
AUS, 2, 0, 0, 1, 2017, May, Monday, 06:30 pm, 080, Wet, Y, Night, Hit Fixed Object, Minor Injury, N, N
AUS, 2, 0, 0, 0, 2017, May, Monday, 08:30 pm, 050, Wet, Y, Night, Hit Fixed Object, Not Injured, N, N
AUS, 2, 0, 0, 0, 2017, May, Monday, 06:58 pm, 060, Wet, Y, Night, Rear End, Not Injured, N, N
AUS, 3, 0, 0, 1, 2017, May, Monday, 09:00 pm, 080, Wet, Y, Night, Rear End, Minor Injury, N, N
AUS, 2, 0, 1, 0, 2017, May, Monday, 08:05 pm, 060, Wet, Y, Night, Hit Pedestrian, Major Injury, N, N
AUS, 3, 0, 1, 0, 2017, May, Monday, 10:25 am, 070, Wet, Y, Daylight, Right Angle, Major Injury, N, N
AUS, 2, 0, 0, 1, 2017, May, Monday, 08:25 am, 060, Wet, Y, Daylight, Right Angle, Minor Injury, N, N
AUS, 3, 0, 0, 0, 2017, May, Monday, 12:24 pm, 060, Wet, N, Daylight, Rear End, Not Injured, N, N
AUS, 2, 0, 0, 1, 2017, May, Tuesday, 06:45 am, 080, Dry, N, Night, Rear End, Minor Injury, N, N
AUS, 3, 0, 0, 1, 2017, May, Tuesday, 07:50 am, 060, Dry, N, Daylight, Rear End, Minor Injury, N, N
AUS, 2, 0, 0, 0, 2017, May, Tuesday, 08:10 am, 080, Wet, N, Daylight, Rear End, Not Injured, N, N
AUS, 2, 0, 0, 0, 2017, May, Tuesday, 01:00 am, 060, Wet, Y, Night, Hit Fixed Object, Not Injured, N, N
AUS, 2, 0, 0, 0, 2017, May, Monday, 12:35 pm, 060, Wet, Y, Daylight, Right Angle, Not Injured, N, N
AUS, 2, 0, 0, 1, 2017, May, Monday, 03:00 pm, 050, Dry, N, Daylight, Rear End, Minor Injury, N, N
AUS, 2, 0, 0, 1, 2017, May, Tuesday, 11:30 am, 060, Dry, N, Daylight, Side Swipe, Minor Injury, N, N
AUS, 2, 0, 0, 1, 2017, May, Monday, 12:30 pm, 060, Wet, Y, Daylight, Rear End, Minor Injury, N, N
AUS, 2, 0, 0, 1, 2017, May, Tuesday, 12:40 pm, 060, Dry, N, Daylight, Right Angle, Minor Injury, N, N
AUS, 2, 0, 0, 0, 2017, May, Tuesday, 02:15 pm, 060, Dry, N, Daylight, Right Angle, Not Injured, N, N
AUS, 2, 0, 0, 0, 2017, May, Friday, 09:45 am, 050, Dry, N, Daylight, Right Angle, Not Injured, N, N
AUS, 2, 0, 0, 0, 2017, May, Monday, 01:00 pm, 050, Wet, Y, Daylight, Right Angle, Not Injured, N, N
AUS, 2, 0, 0, 0, 2017, May, Tuesday, 02:25 pm, 100, Dry, N, Daylight, Right Angle, Not Injured, N, N
AUS, 2, 0, 0, 0, 2017, May, Tuesday, 01:15 pm, 050, Dry, N, Daylight, Side Swipe, Not Injured, N, N
AUS, 2, 0, 0, 1, 2017, May, Tuesday, 04:30 pm, 100, Dry, N, Daylight, Hit Fixed Object, Minor Injury, N, N
AUS, 2, 0, 0, 0, 2017, May, Tuesday, 04:45 pm, 060, Dry, N, Daylight, Rear End, Not Injured, N, N
AUS, 2, 0, 0, 0, 2017, May, Tuesday, 04:45 pm, 050, Dry, N, Daylight, Right Angle, Not Injured, N, N
AUS, 2, 0, 0, 0, 2017, May, Tuesday, 04:10 pm, 050, Dry, N, Daylight, Right Angle, Not Injured, N, N
AUS, 2, 0, 0, 0, 2017, May, Tuesday, 05:00 pm, 050, Dry, N, Daylight, Hit Fixed Object, Not Injured, N, N
AUS, 2, 0, 0, 0, 2017, May, Wednesday, 05:55 am, 110, Wet, N, Night, Right Angle, Not Injured, N, N
AUS, 2, 0, 0, 0, 2017, May, Friday, 06:40 am, 080, Dry, N, Night, Hit Fixed Object, Not Injured, N, N
AUS, 2, 0, 0, 0, 2017, May, Tuesday, 01:05 pm, 100, Dry, N, Daylight, Head On, Not Injured, N, N
AUS, 2, 0, 0, 0, 2017, May, Wednesday, 08:20 am, 060, Dry, N, Daylight, Right Angle, Not Injured, N, N
AUS, 2, 0, 0, 1, 2017, May, Wednesday, 09:55 am, 050, Dry, N, Daylight, Hit Pedestrian, Minor Injury, N, N
AUS, 2, 0, 0, 0, 2017, May, Tuesday, 01:00 am, 060, Wet, Y, Night, Hit Fixed Object, Not Injured, N, N
AUS, 3, 0, 0, 0, 2017, May, Wednesday, 09:45 am, 060, Dry, N, Daylight, Right Angle, Not Injured, N, N
AUS, 2, 0, 0, 0, 2017, May, Wednesday, 09:30 am, 050, Dry, N, Daylight, Hit Fixed Object, Not Injured, N, N
AUS, 2, 0, 0, 0, 2017, May, Wednesday, 10:30 am, 060, Dry, N, Daylight, Right Angle, Not Injured, N, N
AUS, 2, 0, 0, 1, 2017, May, Monday, 06:20 pm, 060, Dry, N, Night, Right Angle, Minor Injury, N, N
AUS, 2, 0, 0, 1, 2017, May, Wednesday, 01:31 pm, 050, Dry, N, Daylight, Hit Pedestrian, Minor Injury, N, N
AUS, 2, 0, 0, 0, 2017, May, Wednesday, 12:30 pm, 050, Dry, N, Daylight, Right Angle, Not Injured, N, N
AUS, 2, 0, 0, 0, 2017, May, Tuesday, 04:00 pm, 050, Dry, N, Daylight, Right Angle, Not Injured, N, N
AUS, 3, 0, 0, 0, 2017, May, Tuesday, 12:45 pm, 060, Dry, N, Daylight, Rear End, Not Injured, N, N
AUS, 2, 0, 0, 0, 2017, May, Wednesday, 07:55 am, 080, Dry, N, Daylight, Rear End, Not Injured, N, N
AUS, 2, 0, 0, 0, 2017, May, Wednesday, 08:45 am, 040, Dry, N, Daylight, Side Swipe, Not Injured, N, N
AUS, 2, 0, 0, 1, 2017, May, Wednesday, 03:11 pm, 060, Dry, N, Daylight, Right Angle, Minor Injury, N, N
AUS, 2, 0, 0, 1, 2017, May, Wednesday, 11:39 am, 060, Dry, N, Daylight, Right Angle, Minor Injury, N, N
AUS, 2, 0, 0, 1, 2017, May, Wednesday, 03:30 pm, 010, Dry, N, Daylight, Hit Pedestrian, Minor Injury, N, N
AUS, 2, 0, 0, 0, 2017, May, Wednesday, 03:15 pm, 050, Dry, N, Daylight, Side Swipe, Not Injured, N, N
AUS, 2, 0, 1, 0, 2017, May, Tuesday, 03:20 pm, 060, Dry, N, Daylight, Rear End, Major Injury, N, N
AUS, 2, 0, 0, 0, 2017, May, Wednesday, 02:25 pm, 060, Dry, N, Daylight, Rear End, Not Injured, N, N
AUS, 2, 0, 0, 1, 2017, May, Monday, 05:30 pm, 060, Dry, N, Night, Rear End, Minor Injury, N, N
AUS, 2, 0, 0, 1, 2017, May, Wednesday, 08:37 am, 060, Dry, N, Daylight, Side Swipe, Minor Injury, N, N
AUS, 2, 0, 0, 0, 2017, May, Tuesday, 04:20 pm, 100, Dry, N, Daylight, Side Swipe, Not Injured, N, N
AUS, 2, 0, 0, 0, 2017, May, Wednesday, 04:10 pm, 050, Dry, N, Daylight, Right Angle, Not Injured, N, N
AUS, 3, 0, 0, 0, 2017, May, Wednesday, 06:15 pm, 060, Dry, N, Night, Rear End, Not Injured, N, N
AUS, 2, 0, 0, 0, 2017, May, Wednesday, 01:40 pm, 060, Dry, N, Daylight, Rear End, Not Injured, N, N
AUS, 2, 0, 0, 0, 2017, May, Wednesday, 06:10 pm, 050, Dry, N, Night, Side Swipe, Not Injured, N, N
AUS, 2, 0, 0, 2, 2017, May, Wednesday, 03:51 pm, 080, Dry, N, Daylight, Side Swipe, Minor Injury, N, N
AUS, 2, 0, 0, 0, 2017, May, Tuesday, 04:40 pm, 060, Dry, N, Daylight, Rear End, Not Injured, N, N
AUS, 3, 0, 0, 0, 2017, May, Wednesday, 05:34 pm, 060, Dry, N, Night, Rear End, Not Injured, N, N
AUS, 2, 0, 0, 0, 2017, May, Wednesday, 05:35 pm, 100, Dry, N, Night, Rear End, Not Injured, N, N
AUS, 2, 0, 0, 1, 2017, May, Wednesday, 06:28 pm, 060, Dry, N, Night, Hit Pedestrian, Minor Injury, N, N
AUS, 2, 0, 0, 0, 2017, May, Wednesday, 06:00 pm, 060, Dry, N, Night, Side Swipe, Not Injured, N, N
AUS, 3, 0, 0, 0, 2017, May, Wednesday, 05:55 pm, 050, Dry, N, Night, Hit Fixed Object, Not Injured, N, N
AUS, 5, 0, 0, 1, 2017, May, Wednesday, 06:00 pm, 080, Dry, N, Night, Rear End, Minor Injury, N, N
AUS, 2, 0, 0, 0, 2017, May, Wednesday, 11:00 pm, 050, Dry, N, Night, Hit Fixed Object, Not Injured, Y, N
AUS, 2, 0, 0, 0, 2017, May, Wednesday, 09:06 am, 050, Dry, N, Daylight, Hit Fixed Object, Not Injured, N, N
AUS, 3, 0, 0, 0, 2017, May, Wednesday, 01:25 pm, 060, Dry, N, Daylight, Rear End, Not Injured, N, N
AUS, 2, 0, 0, 1, 2017, June, Thursday, 08:24 am, 050, Dry, N, Daylight, Rear End, Minor Injury, N, N
AUS, 3, 0, 0, 0, 2017, June, Thursday, 06:58 am, 060, Dry, N, Night, Rear End, Not Injured, N, N
AUS, 3, 0, 0, 0, 2017, June, Thursday, 06:40 am, 060, Dry, N, Night, Rear End, Not Injured, N, N
AUS, 4, 0, 0, 0, 2017, June, Thursday, 08:20 am, 060, Dry, N, Daylight, Rear End, Not Injured, N, N
AUS, 2, 0, 0, 0, 2017, June, Thursday, 08:30 am, 060, Dry, N, Daylight, Right Angle, Not Injured, N, N
AUS, 2, 0, 0, 0, 2017, May, Wednesday, 06:40 pm, 070, Dry, N, Night, Rear End, Not Injured, N, N
AUS, 2, 0, 0, 1, 2017, May, Wednesday, 01:45 pm, 050, Dry, N, Daylight, Right Angle, Minor Injury, N, N
AUS, 2, 0, 0, 0, 2017, June, Thursday, 07:45 am, 060, Dry, N, Daylight, Side Swipe, Not Injured, N, N
AUS, 2, 0, 0, 2, 2017, June, Thursday, 08:55 am, 050, Dry, N, Daylight, Right Angle, Minor Injury, N, N
AUS, 2, 0, 0, 1, 2017, May, Wednesday, 02:40 pm, 060, Dry, N, Daylight, Rear End, Minor Injury, N, N
AUS, 2, 0, 0, 1, 2017, June, Thursday, 10:38 am, 060, Dry, N, Daylight, Right Angle, Minor Injury, N, N
AUS, 3, 0, 0, 0, 2017, June, Thursday, 08:38 am, 060, Dry, N, Daylight, Rear End, Not Injured, N, N
AUS, 2, 0, 0, 0, 2017, May, Wednesday, 02:40 pm, 060, Dry, N, Daylight, Rear End, Not Injured, N, N
AUS, 2, 0, 0, 1, 2017, June, Thursday, 11:10 am, 080, Dry, N, Daylight, Rear End, Minor Injury, N, N
AUS, 2, 0, 0, 0, 2017, June, Thursday, 07:50 am, 050, Dry, N, Daylight, Rear End, Not Injured, N, N
AUS, 2, 0, 0, 0, 2017, June, Thursday, 01:20 pm, 060, Dry, N, Daylight, Side Swipe, Not Injured, N, N
AUS, 2, 0, 0, 0, 2017, June, Thursday, 12:50 pm, 050, Dry, N, Daylight, Right Angle, Not Injured, N, N
AUS, 2, 0, 0, 0, 2017, June, Thursday, 11:10 am, 060, Dry, N, Daylight, Rear End, Not Injured, N, N
AUS, 2, 0, 0, 0, 2017, May, Wednesday, 09:00 pm, 060, Dry, N, Night, Head On, Not Injured, N, N
AUS, 2, 0, 0, 1, 2017, June, Thursday, 07:30 am, 090, Dry, N, Daylight, Rear End, Minor Injury, N, N
AUS, 2, 0, 0, 0, 2017, June, Thursday, 10:06 am, 050, Dry, N, Daylight, Side Swipe, Not Injured, N, N
AUS, 2, 0, 0, 0, 2017, June, Thursday, 03:30 pm, 070, Dry, N, Daylight, Rear End, Not Injured, N, N
AUS, 2, 0, 0, 0, 2017, June, Thursday, 09:00 am, 060, Dry, N, Daylight, Right Angle, Not Injured, N, N
AUS, 2, 0, 0, 1, 2017, June, Thursday, 07:25 am, 080, Dry, N, Daylight, Side Swipe, Minor Injury, N, N
AUS, 2, 0, 0, 1, 2017, June, Thursday, 04:35 pm, 060, Dry, N, Daylight, Rear End, Minor Injury, N, N
AUS, 2, 0, 1, 0, 2017, May, Sunday, 12:40 pm, 100, Dry, N, Daylight, Hit Fixed Object, Major Injury, N, N
AUS, 2, 0, 0, 0, 2017, June, Thursday, 03:10 pm, 060, Dry, N, Daylight, Hit Fixed Object, Not Injured, N, N
AUS, 5, 0, 0, 0, 2017, June, Thursday, 05:45 pm, 070, Dry, N, Night, Head On, Not Injured, N, N
AUS, 2, 0, 0, 0, 2017, June, Thursday, 05:10 pm, 060, Dry, N, Daylight, Right Angle, Not Injured, N, N
AUS, 2, 0, 0, 1, 2017, June, Thursday, 05:30 pm, 070, Dry, N, Night, Rear End, Minor Injury, N, N
AUS, 2, 0, 0, 1, 2017, June, Thursday, 03:30 pm, 060, Dry, N, Daylight, Hit Pedestrian, Minor Injury, N, N
AUS, 2, 0, 0, 0, 2017, June, Thursday, 06:20 pm, 080, Dry, N, Night, Right Angle, Not Injured, N, N
AUS, 2, 0, 0, 1, 2017, June, Thursday, 04:40 pm, 050, Dry, N, Daylight, Right Angle, Minor Injury, N, N
AUS, 2, 0, 0, 0, 2017, June, Thursday, 06:11 pm, 060, Dry, N, Night, Rear End, Not Injured, N, N
AUS, 2, 0, 0, 0, 2017, June, Thursday, 06:30 pm, 060, Dry, N, Night, Right Angle, Not Injured, N, N
AUS, 2, 0, 1, 0, 2017, June, Thursday, 07:00 pm, 100, Dry, N, Night, Hit Fixed Object, Major Injury, N, N
AUS, 2, 0, 0, 0, 2017, June, Thursday, 07:35 pm, 050, Dry, N, Night, Hit Fixed Object, Not Injured, N, N
AUS, 2, 0, 0, 1, 2017, June, Thursday, 11:45 pm, 060, Dry, N, Night, Hit Pedestrian, Minor Injury, N, N
AUS, 2, 0, 0, 1, 2017, June, Friday, 06:15 am, 110, Dry, N, Night, Rear End, Minor Injury, N, N
AUS, 3, 0, 0, 1, 2017, May, Wednesday, 12:30 pm, 060, Dry, N, Daylight, Rear End, Minor Injury, N, N
AUS, 3, 0, 0, 1, 2017, June, Thursday, 12:54 pm, 060, Dry, N, Daylight, Rear End, Minor Injury, N, N
AUS, 2, 0, 0, 0, 2017, May, Wednesday, 12:30 pm, 060, Dry, N, Daylight, Rear End, Not Injured, N, N
AUS, 2, 0, 0, 0, 2017, June, Friday, 08:20 am, 060, Dry, N, Daylight, Side Swipe, Not Injured, N, N
AUS, 2, 0, 0, 0, 2017, June, Friday, 09:00 am, 060, Dry, N, Daylight, Hit Pedestrian, Not Injured, N, N
AUS, 2, 0, 0, 1, 2017, June, Thursday, 10:50 am, 050, Dry, N, Daylight, Hit Pedestrian, Minor Injury, N, N
AUS, 2, 0, 0, 1, 2017, June, Friday, 08:10 am, 050, Dry, N, Daylight, Hit Pedestrian, Minor Injury, N, N
AUS, 4, 0, 0, 0, 2017, June, Friday, 07:30 am, 090, Dry, N, Daylight, Rear End, Not Injured, N, N
AUS, 2, 0, 0, 0, 2017, June, Friday, 08:25 am, 060, Dry, N, Daylight, Right Angle, Not Injured, N, N
AUS, 2, 0, 0, 0, 2017, June, Thursday, 01:15 pm, 060, Dry, N, Daylight, Right Angle, Not Injured, N, N
AUS, 3, 0, 0, 0, 2017, June, Friday, 08:25 am, 060, Dry, N, Daylight, Side Swipe, Not Injured, N, N
AUS, 2, 0, 0, 0, 2017, June, Friday, 10:05 am, 050, Dry, N, Daylight, Hit Fixed Object, Not Injured, N, N
AUS, 3, 0, 0, 0, 2017, June, Friday, 08:45 am, 060, Dry, N, Daylight, Rear End, Not Injured, N, N
AUS, 2, 0, 0, 1, 2017, June, Thursday, 08:33 am, 060, Dry, N, Daylight, Rear End, Minor Injury, N, N
AUS, 2, 0, 0, 1, 2017, June, Friday, 11:40 am, 090, Dry, N, Daylight, Side Swipe, Minor Injury, N, N
AUS, 2, 0, 0, 1, 2017, June, Thursday, 05:20 pm, 060, Dry, N, Night, Rear End, Minor Injury, N, N
AUS, 2, 0, 1, 1, 2017, June, Friday, 09:22 am, 110, Dry, N, Daylight, Hit Fixed Object, Major Injury, N, Y
AUS, 2, 0, 0, 1, 2017, June, Thursday, 02:23 pm, 060, Dry, N, Daylight, Side Swipe, Minor Injury, N, N
AUS, 2, 0, 0, 1, 2017, June, Friday, 02:43 pm, 050, Dry, N, Daylight, Hit Pedestrian, Minor Injury, N, N
AUS, 3, 0, 0, 0, 2017, June, Friday, 03:03 pm, 070, Dry, N, Daylight, Rear End, Not Injured, N, N
AUS, 2, 0, 0, 1, 2017, May, Thursday, 10:00 pm, 100, Dry, N, Night, Hit Fixed Object, Minor Injury, N, N
AUS, 3, 0, 0, 0, 2017, June, Friday, 03:30 pm, 060, Dry, N, Daylight, Rear End, Not Injured, N, N
AUS, 2, 0, 0, 0, 2017, June, Friday, 03:15 pm, 050, Dry, N, Daylight, Rear End, Not Injured, N, N
AUS, 2, 0, 0, 1, 2017, June, Friday, 04:00 pm, 060, Dry, N, Daylight, Right Angle, Minor Injury, N, N
AUS, 2, 0, 0, 1, 2017, June, Friday, 03:15 pm, 060, Dry, N, Daylight, Rear End, Minor Injury, N, N
AUS, 2, 0, 0, 0, 2017, June, Friday, 03:32 pm, 050, Dry, N, Daylight, Rear End, Not Injured, N, N
AUS, 2, 0, 0, 0, 2017, June, Friday, 02:28 pm, 040, Dry, N, Daylight, Right Angle, Not Injured, N, N
AUS, 2, 0, 0, 0, 2017, June, Friday, 04:20 pm, 090, Dry, N, Daylight, Hit Fixed Object, Not Injured, N, N
AUS, 2, 0, 0, 0, 2017, June, Friday, 04:30 pm, 100, Dry, N, Daylight, Hit Fixed Object, Not Injured, N, N
AUS, 2, 0, 0, 1, 2017, June, Friday, 03:00 pm, 050, Dry, N, Daylight, Hit Pedestrian, Minor Injury, N, N
AUS, 2, 0, 0, 0, 2017, June, Friday, 05:00 pm, 060, Dry, N, Daylight, Side Swipe, Not Injured, N, N
AUS, 2, 0, 0, 0, 2017, June, Friday, 03:35 pm, 060, Dry, N, Daylight, Side Swipe, Not Injured, N, N
AUS, 2, 0, 1, 0, 2017, June, Friday, 04:11 pm, 100, Dry, N, Daylight, Hit Fixed Object, Major Injury, N, Y
AUS, 2, 0, 0, 0, 2017, June, Friday, 03:40 pm, 050, Dry, N, Daylight, Right Angle, Not Injured, N, N
AUS, 2, 0, 0, 0, 2017, June, Friday, 05:00 pm, 060, Dry, N, Daylight, Side Swipe, Not Injured, N, N
AUS, 4, 0, 0, 0, 2017, June, Friday, 06:30 pm, 060, Dry, N, Night, Rear End, Not Injured, N, N
AUS, 2, 0, 0, 0, 2017, June, Friday, 05:40 pm, 080, Dry, N, Night, Rear End, Not Injured, N, N
AUS, 2, 0, 0, 0, 2017, June, Friday, 05:20 pm, 070, Dry, N, Night, Rear End, Not Injured, N, N
AUS, 2, 0, 0, 1, 2017, May, Tuesday, 07:30 pm, 080, Dry, N, Night, Hit Pedestrian, Minor Injury, N, N
AUS, 2, 0, 0, 0, 2017, June, Friday, 06:45 pm, 110, Dry, N, Night, Hit Fixed Object, Not Injured, N, N
AUS, 2, 0, 0, 0, 2017, June, Saturday, 03:30 am, 110, Dry, N, Night, Hit Fixed Object, Not Injured, N, N
AUS, 3, 0, 0, 0, 2017, June, Saturday, 04:05 am, 060, Dry, N, Night, Hit Fixed Object, Not Injured, N, N
AUS, 2, 0, 0, 1, 2017, June, Saturday, 06:00 am, 060, Dry, N, Night, Right Angle, Minor Injury, N, N
AUS, 2, 0, 0, 0, 2017, June, Saturday, 08:15 am, 060, Dry, N, Daylight, Right Angle, Not Injured, N, N
AUS, 2, 0, 0, 0, 2017, June, Saturday, 09:15 am, 060, Dry, N, Daylight, Right Angle, Not Injured, N, N
AUS, 2, 0, 0, 0, 2017, June, Saturday, 06:45 am, 060, Dry, N, Night, Hit Fixed Object, Not Injured, N, N
AUS, 2, 0, 0, 0, 2017, June, Friday, 07:50 am, 050, Dry, N, Daylight, Right Angle, Not Injured, N, N
AUS, 2, 0, 0, 0, 2017, June, Friday, 08:25 am, 060, Dry, N, Daylight, Side Swipe, Not Injured, N, N
AUS, 2, 0, 0, 1, 2017, June, Saturday, 11:24 am, 060, Dry, N, Daylight, Side Swipe, Minor Injury, N, N
AUS, 2, 0, 0, 0, 2017, June, Saturday, 11:00 am, 050, Dry, N, Daylight, Side Swipe, Not Injured, N, N
AUS, 2, 0, 0, 0, 2017, June, Saturday, 11:41 am, 080, Dry, N, Daylight, Rear End, Not Injured, N, N
AUS, 2, 0, 0, 1, 2017, June, Saturday, 07:44 am, 060, Dry, N, Daylight, Hit Pedestrian, Minor Injury, N, N
AUS, 2, 0, 0, 1, 2017, June, Saturday, 12:33 pm, 050, Dry, N, Daylight, Side Swipe, Minor Injury, N, N
AUS, 2, 0, 0, 0, 2017, June, Saturday, 11:40 am, 060, Dry, N, Daylight, Rear End, Not Injured, N, N
AUS, 3, 0, 0, 1, 2017, June, Friday, 08:10 pm, 050, Dry, N, Night, Hit Pedestrian, Minor Injury, N, N
AUS, 2, 0, 0, 2, 2017, June, Saturday, 12:22 pm, 060, Dry, N, Daylight, Hit Fixed Object, Minor Injury, N, N
AUS, 2, 0, 0, 0, 2017, June, Saturday, 02:15 pm, 060, Dry, N, Daylight, Rear End, Not Injured, N, N
AUS, 2, 0, 0, 1, 2017, May, Saturday, 09:00 am, 060, Dry, N, Daylight, Side Swipe, Minor Injury, N, N
AUS, 2, 0, 0, 1, 2017, June, Saturday, 02:30 pm, 060, Dry, N, Daylight, Rear End, Minor Injury, N, N
AUS, 2, 0, 0, 1, 2017, June, Saturday, 01:52 pm, 060, Dry, N, Daylight, Rear End, Minor Injury, N, N
AUS, 2, 0, 0, 1, 2017, June, Saturday, 01:00 pm, 110, Dry, N, Daylight, Hit Fixed Object, Minor Injury, N, N
AUS, 2, 0, 0, 0, 2017, June, Saturday, 05:10 pm, 070, Dry, N, Daylight, Side Swipe, Not Injured, N, N
AUS, 2, 0, 0, 1, 2017, June, Saturday, 02:00 pm, 050, Dry, N, Daylight, Side Swipe, Minor Injury, N, N
AUS, 2, 0, 0, 0, 2017, June, Saturday, 05:50 pm, 080, Dry, N, Night, Rear End, Not Injured, N, N
AUS, 2, 0, 0, 0, 2017, June, Saturday, 03:30 pm, 100, Dry, N, Daylight, Hit Fixed Object, Not Injured, N, N
AUS, 2, 0, 0, 0, 2017, June, Saturday, 05:00 pm, 110, Dry, N, Daylight, Hit Fixed Object, Not Injured, N, N
AUS, 2, 0, 0, 0, 2017, June, Saturday, 02:45 pm, 050, Dry, N, Daylight, Right Angle, Not Injured, N, N
AUS, 2, 0, 0, 2, 2017, June, Saturday, 05:05 pm, 100, Dry, N, Daylight, Right Angle, Minor Injury, N, N
AUS, 2, 0, 0, 1, 2017, June, Saturday, 11:00 pm, 050, Dry, N, Night, Hit Pedestrian, Minor Injury, N, N
AUS, 3, 0, 0, 1, 2017, June, Saturday, 12:15 pm, 080, Dry, N, Daylight, Rear End, Minor Injury, N, N
AUS, 2, 0, 0, 0, 2017, June, Saturday, 10:00 pm, 060, Dry, N, Night, Right Angle, Not Injured, N, N