Nation,Total Units,Total Fatalities,Total Serious Injuries,Total Minor Injuries,Year,Month,Day,Time,Speed Limit,Moisture,Adverse Weather Conditions,DayNight,Crash Type,Crash Severity,Alcohol Related ,Drug Related
AUS, 2, 0, 0, 1, 2017, June, Monday, 04:30 pm, 090, Dry, N, Daylight, Rear End, Minor Injury, N, N
AUS, 2, 0, 0, 0, 2017, June, Monday, 06:40 pm, 080, Dry, N, Night, Rear End, Not Injured, N, N
AUS, 2, 0, 0, 0, 2017, June, Monday, 12:30 pm, 060, Dry, N, Daylight, Rear End, Not Injured, N, N
AUS, 2, 0, 0, 2, 2017, June, Monday, 09:00 pm, 110, Wet, N, Night, Hit Fixed Object, Minor Injury, N, N
AUS, 2, 0, 0, 1, 2017, June, Monday, 11:00 pm, 050, Dry, N, Night, Hit Fixed Object, Minor Injury, N, N
AUS, 2, 0, 0, 1, 2017, June, Monday, 11:00 pm, 060, Dry, N, Night, Right Angle, Minor Injury, N, N
AUS, 2, 0, 0, 0, 2017, June, Tuesday, 08:25 am, 050, Dry, N, Daylight, Right Angle, Not Injured, N, N
AUS, 2, 0, 0, 1, 2017, June, Sunday, 02:45 pm, 060, Dry, N, Daylight, Rear End, Minor Injury, N, N
AUS, 3, 0, 0, 1, 2017, June, Tuesday, 08:00 am, 060, Dry, N, Daylight, Rear End, Minor Injury, N, N
AUS, 2, 0, 0, 0, 2017, June, Monday, 05:25 pm, 060, Dry, N, Night, Right Angle, Not Injured, N, N
AUS, 2, 0, 0, 0, 2017, June, Monday, 05:45 pm, 080, Dry, N, Night, Rear End, Not Injured, N, N
AUS, 2, 0, 0, 1, 2017, June, Tuesday, 11:15 am, 060, Dry, N, Daylight, Hit Fixed Object, Minor Injury, N, N
AUS, 2, 0, 0, 1, 2017, June, Tuesday, 02:05 pm, 080, Dry, N, Daylight, Rear End, Minor Injury, N, N
AUS, 2, 0, 0, 2, 2017, June, Tuesday, 01:10 pm, 060, Dry, N, Daylight, Right Angle, Minor Injury, N, N
AUS, 2, 0, 0, 1, 2017, June, Tuesday, 01:19 pm, 080, Dry, N, Daylight, Rear End, Minor Injury, N, N
AUS, 2, 0, 0, 0, 2017, June, Tuesday, 12:00 pm, 060, Dry, N, Daylight, Side Swipe, Not Injured, N, N
AUS, 2, 0, 0, 0, 2017, June, Monday, 06:30 pm, 060, Dry, N, Night, Side Swipe, Not Injured, N, N
AUS, 2, 0, 0, 0, 2017, June, Tuesday, 03:00 pm, 060, Dry, N, Daylight, Right Angle, Not Injured, N, N
AUS, 2, 0, 0, 1, 2017, June, Tuesday, 04:15 pm, 050, Dry, N, Daylight, Right Angle, Minor Injury, N, N
AUS, 2, 0, 0, 2, 2017, June, Tuesday, 03:30 pm, 100, Dry, N, Daylight, Right Angle, Minor Injury, N, N
AUS, 2, 0, 0, 0, 2017, June, Tuesday, 05:00 pm, 060, Dry, N, Daylight, Right Angle, Not Injured, N, N
AUS, 2, 0, 0, 0, 2017, June, Tuesday, 05:40 pm, 060, Dry, N, Night, Rear End, Not Injured, N, N
AUS, 2, 0, 0, 0, 2017, June, Tuesday, 06:36 pm, 060, Dry, N, Night, Side Swipe, Not Injured, N, N
AUS, 2, 0, 0, 0, 2017, June, Tuesday, 08:20 pm, 050, Dry, N, Night, Rear End, Not Injured, N, N
AUS, 2, 0, 0, 0, 2017, June, Tuesday, 04:25 pm, 100, Dry, N, Daylight, Rear End, Not Injured, N, N
AUS, 2, 0, 0, 0, 2017, June, Tuesday, 08:45 am, 050, Dry, N, Daylight, Rear End, Not Injured, N, N
AUS, 2, 0, 0, 1, 2017, June, Wednesday, 06:30 am, 060, Dry, N, Night, Side Swipe, Minor Injury, N, N
AUS, 2, 0, 0, 0, 2017, June, Tuesday, 06:30 pm, 080, Dry, N, Night, Hit Fixed Object, Not Injured, N, N
AUS, 2, 0, 0, 0, 2017, June, Wednesday, 09:30 am, 050, Wet, Y, Daylight, Right Angle, Not Injured, N, N
AUS, 2, 0, 0, 2, 2017, June, Wednesday, 09:45 am, 060, Dry, N, Daylight, Rear End, Minor Injury, N, Y
AUS, 2, 0, 0, 0, 2017, June, Wednesday, 07:57 am, 060, Dry, N, Daylight, Right Angle, Not Injured, N, N
AUS, 2, 0, 0, 1, 2017, June, Tuesday, 04:40 pm, 060, Dry, N, Daylight, Rear End, Minor Injury, N, N
AUS, 2, 0, 0, 0, 2017, June, Wednesday, 10:30 am, 040, Dry, N, Daylight, Hit Fixed Object, Not Injured, N, N
AUS, 2, 0, 0, 1, 2017, June, Wednesday, 11:30 am, 050, Dry, N, Daylight, Side Swipe, Minor Injury, N, N
AUS, 2, 0, 0, 0, 2017, June, Wednesday, 09:00 am, 060, Dry, N, Daylight, Side Swipe, Not Injured, N, N
AUS, 2, 0, 0, 0, 2017, June, Wednesday, 09:30 am, 050, Dry, N, Daylight, Side Swipe, Not Injured, N, N
AUS, 2, 0, 0, 2, 2017, June, Wednesday, 11:30 am, 060, Dry, N, Daylight, Rear End, Minor Injury, N, N
AUS, 2, 0, 0, 0, 2017, June, Wednesday, 11:00 am, 060, Dry, N, Daylight, Side Swipe, Not Injured, N, N
AUS, 2, 0, 0, 0, 2017, June, Wednesday, 09:46 pm, 080, Dry, N, Night, Hit Fixed Object, Not Injured, Y, N
AUS, 2, 0, 0, 1, 2017, June, Tuesday, 06:05 pm, 060, Dry, N, Night, Rear End, Minor Injury, N, N
AUS, 2, 0, 0, 4, 2017, June, Wednesday, 03:15 pm, 100, Wet, Y, Daylight, Hit Fixed Object, Minor Injury, N, Y
AUS, 2, 0, 0, 0, 2017, June, Wednesday, 02:30 pm, 050, Wet, N, Daylight, Rear End, Not Injured, N, N
AUS, 4, 0, 1, 1, 2017, June, Wednesday, 03:02 pm, 060, Wet, Y, Daylight, Rear End, Major Injury, N, N
AUS, 2, 0, 0, 1, 2017, June, Wednesday, 03:40 pm, 050, Wet, Y, Daylight, Right Angle, Minor Injury, N, N
AUS, 2, 0, 0, 2, 2017, June, Wednesday, 03:25 pm, 060, Wet, Y, Daylight, Rear End, Minor Injury, N, Y
AUS, 2, 0, 0, 1, 2017, June, Tuesday, 02:49 pm, 080, Dry, N, Daylight, Right Angle, Minor Injury, N, N
AUS, 2, 0, 0, 1, 2017, June, Wednesday, 04:00 pm, 060, Wet, N, Daylight, Rear End, Minor Injury, N, N
AUS, 2, 0, 0, 0, 2017, June, Wednesday, 04:25 pm, 060, Wet, N, Daylight, Right Angle, Not Injured, N, N
AUS, 2, 0, 0, 1, 2017, June, Wednesday, 05:25 pm, 060, Wet, N, Night, Side Swipe, Minor Injury, N, N
AUS, 2, 0, 1, 2, 2017, June, Wednesday, 06:21 pm, 060, Wet, Y, Night, Head On, Major Injury, N, N
AUS, 2, 0, 0, 0, 2017, June, Wednesday, 05:12 pm, 080, Wet, N, Daylight, Hit Fixed Object, Not Injured, N, N
AUS, 2, 0, 0, 0, 2017, June, Wednesday, 05:20 pm, 060, Wet, Y, Night, Rear End, Not Injured, N, N
AUS, 3, 0, 0, 0, 2017, June, Wednesday, 05:42 pm, 100, Wet, Y, Night, Rear End, Not Injured, N, N
AUS, 2, 0, 0, 1, 2017, June, Wednesday, 06:30 pm, 050, Dry, N, Night, Hit Pedestrian, Minor Injury, N, N
AUS, 5, 0, 0, 0, 2017, June, Wednesday, 02:40 pm, 060, Wet, Y, Daylight, Side Swipe, Not Injured, N, N
AUS, 3, 0, 0, 0, 2017, June, Wednesday, 06:10 pm, 060, Wet, Y, Night, Rear End, Not Injured, N, N
AUS, 4, 0, 0, 1, 2017, June, Wednesday, 06:27 pm, 080, Wet, Y, Night, Rear End, Minor Injury, N, N
AUS, 2, 0, 0, 1, 2017, June, Thursday, 09:15 am, 050, Dry, N, Daylight, Side Swipe, Minor Injury, N, N
AUS, 2, 0, 0, 0, 2017, June, Wednesday, 05:34 pm, 050, Wet, Y, Night, Right Angle, Not Injured, N, N
AUS, 2, 0, 0, 0, 2017, June, Thursday, 12:25 am, 060, Wet, Y, Night, Hit Fixed Object, Not Injured, Y, N
AUS, 2, 0, 0, 1, 2017, June, Thursday, 07:40 am, 050, Wet, N, Daylight, Hit Fixed Object, Minor Injury, N, N
AUS, 5, 0, 0, 0, 2017, June, Thursday, 06:20 am, 060, Dry, N, Night, Rear End, Not Injured, N, N
AUS, 2, 0, 0, 0, 2017, June, Thursday, 08:13 am, 050, Dry, N, Daylight, Rear End, Not Injured, N, N
AUS, 2, 0, 1, 1, 2017, June, Thursday, 06:50 am, 100, Wet, Y, Night, Head On, Major Injury, N, N
AUS, 2, 0, 0, 0, 2017, June, Thursday, 09:00 am, 060, Dry, N, Daylight, Hit Fixed Object, Not Injured, N, N
AUS, 2, 0, 0, 0, 2017, June, Thursday, 08:15 am, 050, Wet, Y, Daylight, Right Angle, Not Injured, N, N
AUS, 2, 0, 0, 0, 2017, June, Thursday, 08:05 am, 060, Wet, Y, Daylight, Right Angle, Not Injured, N, N
AUS, 2, 0, 0, 0, 2017, June, Wednesday, 02:20 pm, 080, Wet, Y, Daylight, Hit Fixed Object, Not Injured, N, N
AUS, 2, 0, 0, 1, 2017, June, Thursday, 08:50 am, 060, Dry, N, Daylight, Right Angle, Minor Injury, N, N
AUS, 2, 0, 0, 1, 2017, June, Thursday, 07:00 am, 090, Dry, N, Night, Rear End, Minor Injury, N, N
AUS, 2, 0, 0, 0, 2017, June, Thursday, 10:00 am, 080, Dry, N, Daylight, Right Angle, Not Injured, N, N
AUS, 2, 0, 0, 1, 2017, June, Thursday, 10:55 am, 090, Dry, N, Daylight, Rear End, Minor Injury, N, N
AUS, 2, 0, 0, 1, 2017, June, Thursday, 11:50 am, 060, Dry, N, Daylight, Side Swipe, Minor Injury, N, Y
AUS, 2, 0, 0, 0, 2017, June, Wednesday, 03:22 pm, 060, Dry, N, Daylight, Side Swipe, Not Injured, N, N
AUS, 2, 0, 0, 0, 2017, June, Thursday, 08:45 am, 060, Wet, Y, Daylight, Right Angle, Not Injured, N, N
AUS, 2, 0, 0, 0, 2017, June, Wednesday, 12:55 pm, 060, Wet, Y, Daylight, Rear End, Not Injured, N, N
AUS, 2, 0, 0, 0, 2017, June, Wednesday, 06:00 pm, 100, Wet, Y, Night, Hit Fixed Object, Not Injured, N, N
AUS, 2, 0, 0, 0, 2017, June, Thursday, 01:30 pm, 060, Dry, N, Daylight, Right Angle, Not Injured, N, N
AUS, 2, 0, 0, 0, 2017, June, Thursday, 01:30 pm, 050, Dry, N, Daylight, Right Angle, Not Injured, N, N
AUS, 3, 0, 0, 0, 2017, June, Wednesday, 06:35 pm, 080, Wet, Y, Night, Right Angle, Not Injured, N, Y
AUS, 2, 0, 0, 0, 2017, June, Thursday, 02:00 pm, 060, Wet, Y, Daylight, Rear End, Not Injured, N, N
AUS, 2, 0, 0, 0, 2017, June, Wednesday, 03:10 pm, 060, Wet, Y, Daylight, Rear End, Not Injured, N, N
AUS, 3, 0, 0, 1, 2017, June, Wednesday, 06:02 pm, 060, Wet, Y, Night, Rear End, Minor Injury, N, N
AUS, 2, 0, 0, 0, 2017, June, Thursday, 04:40 pm, 050, Wet, N, Daylight, Head On, Not Injured, N, N
AUS, 2, 0, 0, 2, 2017, June, Thursday, 05:05 pm, 060, Wet, N, Daylight, Rear End, Minor Injury, N, N
AUS, 2, 0, 0, 0, 2017, June, Tuesday, 11:49 am, 110, Dry, N, Daylight, Hit Fixed Object, Not Injured, N, N
AUS, 3, 0, 0, 2, 2017, June, Thursday, 05:30 pm, 060, Wet, Y, Night, Hit Pedestrian, Minor Injury, N, N
AUS, 2, 0, 0, 1, 2017, June, Thursday, 04:40 pm, 060, Wet, Y, Daylight, Right Angle, Minor Injury, N, N
AUS, 2, 0, 0, 2, 2017, June, Thursday, 03:40 pm, 080, Dry, N, Daylight, Rear End, Minor Injury, N, N
AUS, 2, 0, 0, 0, 2017, June, Wednesday, 09:00 pm, 060, Wet, Y, Night, Right Angle, Not Injured, N, N
AUS, 2, 0, 0, 0, 2017, June, Thursday, 06:55 pm, 060, Wet, Y, Night, Right Angle, Not Injured, N, N
AUS, 4, 0, 0, 1, 2017, June, Wednesday, 05:20 pm, 100, Wet, Y, Night, Hit Fixed Object, Minor Injury, N, N
AUS, 2, 0, 0, 1, 2017, June, Thursday, 08:15 pm, 080, Wet, Y, Night, Rear End, Minor Injury, N, N
AUS, 2, 0, 0, 0, 2017, June, Thursday, 08:28 pm, 060, Wet, Y, Night, Rear End, Not Injured, N, N
AUS, 3, 0, 0, 0, 2017, June, Thursday, 05:45 pm, 050, Wet, Y, Night, Rear End, Not Injured, Y, N
AUS, 2, 0, 0, 0, 2017, June, Thursday, 05:45 pm, 050, Wet, Y, Night, Right Angle, Not Injured, N, N
AUS, 2, 0, 0, 0, 2017, June, Friday, 06:20 am, 050, Wet, Y, Night, Right Angle, Not Injured, N, N
AUS, 2, 0, 0, 0, 2017, June, Friday, 07:00 am, 060, Wet, Y, Night, Hit Fixed Object, Not Injured, N, N
AUS, 2, 0, 0, 1, 2017, June, Friday, 06:50 am, 050, Wet, N, Night, Hit Pedestrian, Minor Injury, N, N
AUS, 2, 0, 0, 0, 2017, June, Thursday, 06:50 am, 080, Wet, Y, Night, Rear End, Not Injured, N, N
AUS, 3, 0, 0, 0, 2017, June, Friday, 08:32 am, 060, Dry, N, Daylight, Right Angle, Not Injured, N, N
AUS, 3, 0, 0, 1, 2017, June, Friday, 09:00 am, 060, Wet, N, Daylight, Rear End, Minor Injury, N, N
AUS, 2, 0, 0, 0, 2017, June, Thursday, 04:30 pm, 060, Wet, N, Daylight, Right Angle, Not Injured, N, N
AUS, 3, 0, 0, 1, 2017, June, Friday, 08:30 am, 080, Wet, N, Daylight, Rear End, Minor Injury, N, N
AUS, 2, 0, 0, 0, 2017, June, Friday, 09:50 am, 110, Wet, Y, Daylight, Side Swipe, Not Injured, N, N
AUS, 2, 0, 0, 0, 2017, June, Friday, 07:45 am, 100, Wet, N, Daylight, Hit Fixed Object, Not Injured, N, N
AUS, 2, 0, 0, 0, 2017, June, Friday, 07:50 am, 080, Wet, Y, Daylight, Hit Fixed Object, Not Injured, N, N
AUS, 2, 0, 0, 1, 2017, May, Saturday, 02:30 pm, 060, Dry, N, Daylight, Right Angle, Minor Injury, N, N
AUS, 2, 0, 0, 0, 2017, June, Thursday, 07:20 pm, 050, Wet, Y, Night, Right Angle, Not Injured, N, N
AUS, 2, 0, 0, 1, 2017, June, Friday, 11:35 am, 060, Dry, N, Daylight, Right Angle, Minor Injury, N, N
AUS, 2, 0, 0, 0, 2017, June, Friday, 12:02 pm, 060, Dry, N, Daylight, Right Angle, Not Injured, N, N
AUS, 3, 0, 0, 1, 2017, June, Tuesday, 01:45 pm, 050, Dry, N, Daylight, Hit Fixed Object, Minor Injury, N, N
AUS, 2, 0, 0, 3, 2017, June, Friday, 09:55 am, 060, Dry, N, Daylight, Side Swipe, Minor Injury, N, N
AUS, 2, 0, 0, 1, 2017, June, Friday, 12:30 pm, 080, Dry, N, Daylight, Rear End, Minor Injury, N, N
AUS, 3, 0, 0, 0, 2017, June, Friday, 08:35 am, 060, Dry, N, Daylight, Rear End, Not Injured, N, N
AUS, 2, 0, 0, 0, 2017, June, Thursday, 05:15 pm, 040, Wet, N, Night, Right Angle, Not Injured, N, N
AUS, 2, 0, 0, 0, 2017, June, Friday, 02:20 pm, 090, Dry, N, Daylight, Rear End, Not Injured, N, N
AUS, 2, 0, 0, 0, 2017, June, Thursday, 07:52 pm, 060, Wet, Y, Night, Side Swipe, Not Injured, N, N
AUS, 2, 0, 0, 0, 2017, June, Thursday, 07:30 pm, 060, Wet, Y, Night, Right Angle, Not Injured, N, N
AUS, 2, 0, 0, 0, 2017, June, Friday, 01:30 pm, 060, Dry, N, Daylight, Rear End, Not Injured, N, N
AUS, 2, 0, 0, 1, 2017, June, Friday, 03:56 pm, 050, Dry, N, Daylight, Right Angle, Minor Injury, N, N
AUS, 2, 0, 0, 0, 2017, June, Friday, 02:40 pm, 050, Dry, N, Daylight, Side Swipe, Not Injured, N, N
AUS, 3, 0, 0, 0, 2017, June, Friday, 02:50 pm, 050, Dry, N, Daylight, Hit Pedestrian, Not Injured, N, N
AUS, 2, 0, 0, 0, 2017, June, Friday, 08:15 am, 060, Dry, N, Daylight, Rear End, Not Injured, N, N
AUS, 3, 0, 0, 1, 2017, June, Wednesday, 03:40 pm, 060, Dry, N, Daylight, Rear End, Minor Injury, N, N
AUS, 2, 0, 0, 1, 2017, June, Friday, 02:20 pm, 060, Dry, N, Daylight, Right Angle, Minor Injury, N, N
AUS, 2, 0, 0, 1, 2017, June, Friday, 03:05 pm, 060, Dry, N, Daylight, Hit Pedestrian, Minor Injury, N, N
AUS, 2, 0, 0, 0, 2017, June, Thursday, 10:04 pm, 060, Dry, N, Night, Rear End, Not Injured, N, N
AUS, 2, 0, 0, 1, 2017, June, Tuesday, 04:45 pm, 050, Dry, N, Daylight, Hit Pedestrian, Minor Injury, N, N
AUS, 2, 0, 0, 0, 2017, June, Friday, 06:00 pm, 070, Dry, N, Night, Side Swipe, Not Injured, N, N
AUS, 2, 0, 0, 0, 2017, June, Friday, 06:20 pm, 100, Dry, N, Night, Rear End, Not Injured, N, N
AUS, 2, 0, 0, 0, 2017, June, Friday, 06:15 pm, 080, Dry, N, Night, Side Swipe, Not Injured, N, N
AUS, 2, 0, 0, 0, 2017, June, Friday, 06:00 pm, 050, Dry, N, Night, Right Angle, Not Injured, N, N
AUS, 2, 0, 0, 0, 2017, June, Friday, 08:34 pm, 060, Dry, N, Night, Side Swipe, Not Injured, N, N
AUS, 2, 0, 0, 1, 2017, June, Friday, 07:15 pm, 060, Dry, N, Night, Rear End, Minor Injury, N, N
AUS, 2, 0, 0, 0, 2017, June, Friday, 03:33 pm, 050, Dry, N, Daylight, Right Angle, Not Injured, N, N
AUS, 2, 0, 0, 1, 2017, June, Friday, 08:07 pm, 050, Dry, N, Night, Hit Pedestrian, Minor Injury, N, N
AUS, 3, 0, 0, 0, 2017, June, Friday, 10:10 pm, 060, Dry, N, Night, Rear End, Not Injured, N, N
AUS, 2, 0, 0, 1, 2017, June, Friday, 10:20 pm, 060, Dry, N, Night, Rear End, Minor Injury, N, N
AUS, 2, 0, 0, 2, 2017, July, Saturday, 04:00 am, 080, Dry, N, Night, Hit Fixed Object, Minor Injury, Y, Y
AUS, 2, 0, 0, 0, 2017, June, Sunday, 09:56 pm, 040, Dry, N, Night, Right Angle, Not Injured, N, N
AUS, 2, 0, 0, 0, 2017, July, Saturday, 09:05 am, 060, Dry, N, Daylight, Right Angle, Not Injured, N, N
AUS, 2, 0, 0, 1, 2017, July, Saturday, 11:00 am, 050, Dry, N, Daylight, Right Angle, Minor Injury, N, N
AUS, 4, 0, 0, 0, 2017, July, Saturday, 07:15 am, 060, Dry, N, Night, Hit Fixed Object, Not Injured, Y, N
AUS, 2, 0, 0, 0, 2017, July, Saturday, 11:30 am, 070, Dry, N, Daylight, Rear End, Not Injured, N, N
AUS, 3, 0, 0, 1, 2017, June, Friday, 03:30 pm, 060, Dry, N, Daylight, Rear End, Minor Injury, N, N
AUS, 2, 0, 0, 0, 2017, June, Friday, 08:00 am, 060, Dry, N, Daylight, Right Angle, Not Injured, N, N
AUS, 2, 0, 0, 1, 2017, July, Saturday, 12:30 pm, 060, Dry, N, Daylight, Hit Pedestrian, Minor Injury, N, N
AUS, 2, 0, 0, 0, 2017, July, Saturday, 01:20 pm, 050, Dry, N, Daylight, Rear End, Not Injured, N, N
AUS, 2, 0, 0, 0, 2017, June, Friday, 03:45 pm, 060, Dry, N, Daylight, Rear End, Not Injured, N, N
AUS, 3, 0, 0, 0, 2017, June, Friday, 05:05 pm, 060, Dry, N, Daylight, Rear End, Not Injured, N, N
AUS, 2, 0, 0, 0, 2017, July, Saturday, 02:35 pm, 060, Dry, N, Daylight, Right Angle, Not Injured, N, N
AUS, 2, 0, 0, 0, 2017, June, Friday, 02:35 pm, 060, Dry, N, Daylight, Right Angle, Not Injured, N, N
AUS, 2, 0, 0, 0, 2017, June, Friday, 07:50 pm, 050, Dry, N, Night, Hit Fixed Object, Not Injured, N, N
AUS, 2, 0, 0, 0, 2017, June, Wednesday, 06:20 pm, 100, Wet, Y, Night, Rear End, Not Injured, N, N
AUS, 2, 0, 0, 0, 2017, June, Friday, 04:57 pm, 060, Dry, N, Daylight, Side Swipe, Not Injured, N, N
AUS, 2, 0, 0, 0, 2017, July, Saturday, 04:30 pm, 050, Dry, N, Daylight, Right Angle, Not Injured, N, N
AUS, 2, 0, 0, 0, 2017, June, Wednesday, 09:15 pm, 060, Wet, Y, Night, Hit Fixed Object, Not Injured, N, N
AUS, 2, 0, 0, 0, 2017, June, Thursday, 06:20 pm, 060, Wet, Y, Night, Rear End, Not Injured, N, N
AUS, 2, 0, 0, 0, 2017, July, Saturday, 05:00 pm, 110, Dry, N, Daylight, Side Swipe, Not Injured, N, N
AUS, 3, 0, 0, 0, 2017, July, Saturday, 04:59 pm, 110, Dry, N, Daylight, Hit Fixed Object, Not Injured, N, N
AUS, 2, 0, 1, 0, 2017, July, Saturday, 04:40 pm, 060, Dry, N, Daylight, Hit Pedestrian, Major Injury, N, N
AUS, 4, 0, 0, 0, 2017, July, Saturday, 06:50 pm, 040, Dry, N, Night, Rear End, Not Injured, N, N
AUS, 2, 0, 0, 0, 2017, July, Saturday, 08:20 pm, 060, Dry, N, Night, Hit Pedestrian, Not Injured, Y, N
AUS, 2, 0, 0, 0, 2017, July, Saturday, 04:00 pm, 050, Dry, N, Daylight, Right Angle, Not Injured, N, N
AUS, 2, 0, 0, 0, 2017, July, Sunday, 12:25 am, 050, Dry, N, Night, Hit Fixed Object, Not Injured, Y, N
AUS, 2, 0, 0, 0, 2017, July, Sunday, 03:15 am, 050, Dry, N, Night, Head On, Not Injured, N, N
AUS, 2, 0, 1, 0, 2017, July, Saturday, 01:15 pm, 080, Dry, N, Daylight, Side Swipe, Major Injury, N, Y
AUS, 2, 0, 0, 0, 2017, July, Saturday, 12:45 pm, 050, Dry, N, Daylight, Right Angle, Not Injured, N, N
AUS, 2, 0, 0, 1, 2017, July, Saturday, 12:40 pm, 060, Dry, N, Daylight, Right Angle, Minor Injury, N, N
AUS, 2, 0, 0, 0, 2017, July, Saturday, 01:00 pm, 060, Dry, N, Daylight, Right Angle, Not Injured, Y, N
AUS, 2, 0, 0, 2, 2017, July, Sunday, 09:58 am, 070, Dry, N, Daylight, Right Angle, Minor Injury, N, N
AUS, 2, 0, 0, 0, 2017, July, Sunday, 07:20 am, 080, Dry, N, Night, Hit Fixed Object, Not Injured, N, N
AUS, 2, 0, 0, 2, 2017, July, Saturday, 06:15 pm, 050, Dry, N, Night, Rear End, Minor Injury, N, N
AUS, 2, 0, 0, 1, 2017, July, Sunday, 12:50 pm, 060, Dry, N, Daylight, Rear End, Minor Injury, N, N
AUS, 2, 0, 0, 1, 2017, July, Sunday, 12:30 pm, 060, Dry, N, Daylight, Rear End, Minor Injury, N, N
AUS, 2, 0, 0, 2, 2017, July, Saturday, 01:00 pm, 060, Dry, N, Daylight, Rear End, Minor Injury, N, N
AUS, 2, 0, 0, 1, 2017, July, Sunday, 12:30 pm, 080, Dry, N, Daylight, Hit Fixed Object, Minor Injury, N, N
AUS, 2, 0, 0, 0, 2017, July, Sunday, 07:30 am, 050, Dry, N, Daylight, Hit Fixed Object, Not Injured, Y, N
AUS, 2, 0, 0, 0, 2017, July, Sunday, 02:15 pm, 080, Dry, N, Daylight, Rear End, Not Injured, N, N
AUS, 2, 0, 0, 0, 2017, July, Sunday, 02:30 pm, 060, Dry, N, Daylight, Rear End, Not Injured, N, N
AUS, 2, 0, 0, 1, 2017, July, Sunday, 03:53 pm, 070, Dry, N, Daylight, Right Angle, Minor Injury, N, N
AUS, 2, 0, 0, 0, 2017, July, Sunday, 03:00 pm, 080, Dry, N, Daylight, Right Angle, Not Injured, N, N
AUS, 2, 0, 0, 0, 2017, July, Sunday, 02:15 pm, 060, Dry, N, Daylight, Right Angle, Not Injured, N, N
AUS, 2, 0, 1, 0, 2017, July, Sunday, 02:50 pm, 080, Dry, N, Daylight, Head On, Major Injury, N, N
AUS, 3, 0, 0, 1, 2017, July, Sunday, 02:30 pm, 060, Dry, N, Daylight, Rear End, Minor Injury, N, N
AUS, 2, 0, 0, 0, 2017, July, Sunday, 03:15 pm, 060, Dry, N, Daylight, Rear End, Not Injured, N, N
AUS, 2, 0, 0, 0, 2017, July, Sunday, 02:30 pm, 050, Dry, N, Daylight, Hit Pedestrian, Not Injured, N, N
AUS, 2, 0, 0, 1, 2017, July, Sunday, 06:00 pm, 080, Dry, N, Night, Hit Fixed Object, Minor Injury, N, N
AUS, 2, 0, 0, 1, 2017, July, Monday, 04:51 am, 050, Wet, Y, Night, Hit Fixed Object, Minor Injury, Y, N
AUS, 3, 0, 0, 0, 2017, July, Saturday, 02:40 pm, 050, Dry, N, Daylight, Rear End, Not Injured, N, N
AUS, 2, 0, 0, 1, 2017, July, Sunday, 12:30 pm, 100, Dry, N, Daylight, Hit Fixed Object, Minor Injury, N, N
AUS, 2, 0, 0, 0, 2017, July, Monday, 08:30 am, 080, Wet, N, Daylight, Hit Fixed Object, Not Injured, N, N
AUS, 2, 0, 0, 1, 2017, January, Monday, 08:45 pm, 060, Dry, N, Night, Rear End, Minor Injury, N, N
AUS, 2, 0, 0, 0, 2017, July, Monday, 09:15 am, 090, Dry, N, Daylight, Right Angle, Not Injured, N, N
AUS, 2, 0, 1, 0, 2017, July, Sunday, 12:05 pm, 080, Dry, N, Daylight, Head On, Major Injury, N, N
AUS, 2, 0, 0, 1, 2017, July, Monday, 06:29 am, 080, Wet, Y, Night, Side Swipe, Minor Injury, N, N
AUS, 2, 0, 0, 0, 2017, July, Monday, 09:20 am, 050, Wet, N, Daylight, Hit Fixed Object, Not Injured, N, Y
AUS, 2, 0, 0, 0, 2017, June, Friday, 02:00 pm, 060, Dry, N, Daylight, Side Swipe, Not Injured, N, N
AUS, 4, 0, 0, 0, 2017, July, Monday, 09:12 am, 060, Dry, N, Daylight, Rear End, Not Injured, N, N
AUS, 3, 0, 0, 0, 2017, June, Thursday, 03:20 pm, 060, Dry, N, Daylight, Rear End, Not Injured, N, N
AUS, 2, 0, 0, 0, 2017, July, Monday, 10:55 am, 050, Wet, Y, Daylight, Right Angle, Not Injured, N, N
AUS, 2, 0, 0, 1, 2017, June, Friday, 07:35 am, 060, Wet, N, Daylight, Rear End, Minor Injury, N, N
AUS, 2, 0, 0, 1, 2017, July, Monday, 11:00 am, 040, Wet, Y, Daylight, Side Swipe, Minor Injury, N, N
AUS, 3, 0, 0, 0, 2017, July, Sunday, 12:23 pm, 060, Dry, N, Daylight, Hit Fixed Object, Not Injured, N, N
AUS, 2, 0, 0, 1, 2017, July, Monday, 01:10 pm, 080, Dry, N, Daylight, Hit Fixed Object, Minor Injury, N, Y
AUS, 2, 0, 0, 0, 2017, July, Saturday, 05:30 pm, 060, Dry, N, Night, Side Swipe, Not Injured, N, N
AUS, 2, 0, 1, 1, 2017, July, Monday, 06:34 am, 100, Dry, N, Night, Head On, Major Injury, N, Y
AUS, 2, 0, 1, 0, 2017, July, Sunday, 10:30 am, 060, Dry, N, Daylight, Rear End, Major Injury, N, N
AUS, 4, 0, 0, 2, 2017, July, Monday, 01:10 pm, 050, Dry, N, Daylight, Hit Fixed Object, Minor Injury, N, N
AUS, 2, 0, 0, 1, 2017, July, Sunday, 01:18 pm, 050, Dry, N, Daylight, Rear End, Minor Injury, N, N
AUS, 2, 0, 0, 0, 2017, June, Friday, 12:10 pm, 050, Dry, N, Daylight, Rear End, Not Injured, N, N
AUS, 2, 0, 0, 0, 2017, July, Monday, 02:20 pm, 060, Dry, N, Daylight, Side Swipe, Not Injured, N, N
AUS, 2, 0, 0, 1, 2017, July, Monday, 04:55 pm, 080, Wet, Y, Daylight, Hit Fixed Object, Minor Injury, N, N
AUS, 2, 0, 0, 0, 2017, July, Monday, 05:00 pm, 060, Wet, Y, Daylight, Side Swipe, Not Injured, N, N
AUS, 2, 0, 0, 0, 2017, July, Monday, 02:55 pm, 090, Dry, N, Daylight, Side Swipe, Not Injured, N, N