Nation,Total Units,Total Fatalities,Total Serious Injuries,Total Minor Injuries,Year,Month,Day,Time,Speed Limit,Moisture,Adverse Weather Conditions,DayNight,Crash Type,Crash Severity,Alcohol Related ,Drug Related
AUS, 2, 0, 0, 0, 2017, July, Monday, 05:10 pm, 050, Wet, Y, Daylight, Hit Fixed Object, Not Injured, N, N
AUS, 2, 0, 1, 0, 2017, June, Friday, 01:10 pm, 100, Dry, N, Daylight, Hit Fixed Object, Major Injury, Y, N
AUS, 2, 0, 0, 1, 2017, July, Monday, 07:15 pm, 050, Dry, N, Night, Hit Fixed Object, Minor Injury, N, N
AUS, 2, 0, 0, 0, 2017, July, Monday, 09:00 pm, 050, Wet, Y, Night, Side Swipe, Not Injured, N, N
AUS, 2, 0, 0, 0, 2017, July, Monday, 09:15 pm, 050, Wet, N, Night, Hit Fixed Object, Not Injured, N, N
AUS, 2, 0, 0, 1, 2017, July, Monday, 11:20 pm, 060, Wet, Y, Night, Hit Fixed Object, Minor Injury, N, N
AUS, 2, 0, 0, 0, 2017, July, Tuesday, 06:29 am, 060, Wet, N, Night, Right Angle, Not Injured, N, N
AUS, 2, 0, 1, 3, 2017, July, Tuesday, 06:40 am, 110, Wet, Y, Night, Hit Fixed Object, Major Injury, N, N
AUS, 2, 1, 0, 0, 2017, July, Tuesday, 08:40 am, 060, Wet, N, Daylight, Hit Pedestrian, Fatal, N, N
AUS, 2, 0, 0, 1, 2017, July, Monday, 03:00 pm, 060, Dry, N, Daylight, Rear End, Minor Injury, N, N
AUS, 2, 0, 0, 0, 2017, July, Monday, 02:10 pm, 090, Dry, N, Daylight, Hit Fixed Object, Not Injured, N, N
AUS, 2, 0, 0, 1, 2017, July, Monday, 03:10 pm, 080, Dry, N, Daylight, Rear End, Minor Injury, N, N
AUS, 2, 0, 0, 0, 2017, July, Tuesday, 11:00 am, 050, Dry, N, Daylight, Right Angle, Not Injured, N, N
AUS, 2, 0, 0, 2, 2017, June, Friday, 08:20 am, 100, Dry, N, Daylight, Right Angle, Minor Injury, N, N
AUS, 2, 0, 0, 2, 2017, July, Tuesday, 11:40 am, 080, Wet, Y, Daylight, Rear End, Minor Injury, N, N
AUS, 2, 0, 0, 0, 2017, July, Monday, 08:00 am, 050, Wet, Y, Daylight, Hit Fixed Object, Not Injured, N, N
AUS, 2, 0, 0, 1, 2017, July, Tuesday, 08:40 am, 060, Wet, Y, Daylight, Rear End, Minor Injury, N, N
AUS, 2, 0, 0, 0, 2017, July, Tuesday, 12:10 pm, 060, Wet, N, Daylight, Rear End, Not Injured, N, N
AUS, 2, 0, 0, 0, 2017, June, Monday, 11:45 am, 060, Dry, N, Daylight, Side Swipe, Not Injured, N, N
AUS, 2, 0, 0, 1, 2017, May, Thursday, 08:40 am, 060, Dry, N, Daylight, Rear End, Minor Injury, N, N
AUS, 2, 0, 0, 0, 2017, July, Tuesday, 03:28 pm, 060, Wet, Y, Daylight, Rear End, Not Injured, N, N
AUS, 2, 0, 0, 0, 2017, July, Monday, 07:15 pm, 060, Wet, Y, Night, Rear End, Not Injured, N, N
AUS, 2, 0, 0, 0, 2017, June, Friday, 07:35 am, 060, Dry, N, Daylight, Side Swipe, Not Injured, N, N
AUS, 2, 0, 0, 0, 2017, July, Tuesday, 06:00 pm, 050, Wet, Y, Night, Hit Fixed Object, Not Injured, N, N
AUS, 2, 0, 0, 0, 2017, July, Tuesday, 05:30 pm, 080, Wet, Y, Night, Rear End, Not Injured, N, N
AUS, 2, 0, 0, 0, 2017, July, Tuesday, 07:10 pm, 060, Wet, Y, Night, Right Angle, Not Injured, N, N
AUS, 3, 0, 0, 2, 2017, July, Tuesday, 06:05 pm, 050, Wet, Y, Night, Hit Pedestrian, Minor Injury, N, N
AUS, 2, 0, 0, 1, 2017, July, Tuesday, 04:35 pm, 050, Wet, N, Daylight, Side Swipe, Minor Injury, N, N
AUS, 2, 0, 0, 1, 2017, July, Tuesday, 06:20 pm, 060, Wet, Y, Night, Hit Fixed Object, Minor Injury, N, N
AUS, 3, 0, 0, 0, 2017, July, Tuesday, 05:32 pm, 060, Dry, N, Night, Right Angle, Not Injured, N, N
AUS, 2, 0, 0, 0, 2017, July, Tuesday, 05:25 pm, 060, Wet, Y, Night, Rear End, Not Injured, N, N
AUS, 2, 0, 0, 0, 2017, July, Tuesday, 07:00 pm, 100, Wet, N, Night, Hit Fixed Object, Not Injured, N, N
AUS, 2, 1, 0, 0, 2017, July, Tuesday, 07:10 pm, 050, Wet, Y, Night, Hit Pedestrian, Fatal, N, N
AUS, 2, 0, 0, 1, 2017, July, Wednesday, 06:30 am, 050, Wet, Y, Night, Hit Pedestrian, Minor Injury, N, N
AUS, 3, 0, 0, 0, 2017, July, Wednesday, 06:45 am, 080, Wet, N, Night, Rear End, Not Injured, N, N
AUS, 2, 0, 0, 1, 2017, July, Wednesday, 07:15 am, 080, Wet, N, Night, Hit Fixed Object, Minor Injury, N, N
AUS, 4, 0, 0, 0, 2017, July, Wednesday, 07:35 am, 060, Wet, N, Daylight, Rear End, Not Injured, N, N
AUS, 2, 0, 0, 1, 2017, July, Tuesday, 05:30 pm, 080, Wet, N, Night, Rear End, Minor Injury, N, N
AUS, 2, 0, 0, 1, 2017, July, Wednesday, 08:45 am, 060, Dry, N, Daylight, Rear End, Minor Injury, N, N
AUS, 2, 0, 0, 0, 2017, July, Wednesday, 10:40 am, 060, Wet, Y, Daylight, Hit Fixed Object, Not Injured, N, N
AUS, 5, 0, 1, 1, 2017, July, Wednesday, 09:25 am, 060, Dry, N, Daylight, Right Angle, Major Injury, N, Y
AUS, 2, 0, 0, 0, 2017, July, Tuesday, 06:25 pm, 110, Wet, N, Night, Right Angle, Not Injured, N, N
AUS, 4, 0, 0, 0, 2017, July, Wednesday, 08:00 am, 100, Wet, Y, Daylight, Hit Fixed Object, Not Injured, N, N
AUS, 2, 0, 0, 0, 2017, July, Wednesday, 12:40 pm, 060, Dry, N, Daylight, Right Angle, Not Injured, N, N
AUS, 2, 0, 0, 0, 2017, July, Wednesday, 12:15 pm, 110, Dry, N, Daylight, Side Swipe, Not Injured, N, N
AUS, 3, 0, 0, 1, 2017, July, Wednesday, 11:55 am, 050, Dry, N, Daylight, Rear End, Minor Injury, N, N
AUS, 2, 0, 0, 1, 2017, July, Tuesday, 01:00 pm, 060, Wet, Y, Daylight, Rear End, Minor Injury, N, N
AUS, 2, 0, 1, 0, 2017, July, Wednesday, 02:50 pm, 060, Dry, N, Daylight, Hit Pedestrian, Major Injury, N, N
AUS, 2, 0, 0, 0, 2017, July, Wednesday, 01:00 pm, 050, Dry, N, Daylight, Side Swipe, Not Injured, N, N
AUS, 2, 0, 1, 0, 2017, July, Wednesday, 04:20 pm, 060, Dry, N, Daylight, Side Swipe, Major Injury, N, N
AUS, 2, 0, 0, 0, 2017, July, Wednesday, 03:30 pm, 060, Dry, N, Daylight, Right Angle, Not Injured, N, N
AUS, 2, 0, 0, 0, 2017, July, Wednesday, 05:30 pm, 060, Dry, N, Night, Rear End, Not Injured, N, N
AUS, 2, 0, 0, 1, 2017, July, Tuesday, 05:10 pm, 060, Wet, Y, Daylight, Rear End, Minor Injury, N, N
AUS, 2, 0, 0, 0, 2017, July, Wednesday, 07:15 am, 060, Dry, N, Night, Side Swipe, Not Injured, N, N
AUS, 2, 0, 0, 0, 2017, July, Wednesday, 05:30 pm, 050, Dry, N, Night, Right Angle, Not Injured, N, N
AUS, 3, 0, 0, 0, 2017, July, Wednesday, 03:55 pm, 050, Dry, N, Daylight, Right Angle, Not Injured, N, N
AUS, 3, 0, 2, 0, 2017, July, Wednesday, 05:00 pm, 070, Dry, N, Daylight, Rear End, Major Injury, N, N
AUS, 2, 0, 0, 1, 2017, July, Wednesday, 06:30 pm, 060, Dry, N, Night, Hit Pedestrian, Minor Injury, N, N
AUS, 2, 0, 0, 1, 2017, July, Tuesday, 05:29 pm, 050, Wet, Y, Night, Hit Pedestrian, Minor Injury, N, N
AUS, 2, 0, 0, 0, 2017, July, Wednesday, 09:20 pm, 050, Dry, N, Night, Side Swipe, Not Injured, N, N
AUS, 2, 0, 0, 1, 2017, July, Thursday, 12:00 am, 100, Dry, N, Night, Hit Fixed Object, Minor Injury, Y, N
AUS, 2, 0, 0, 0, 2017, July, Thursday, 07:50 am, 080, Wet, N, Daylight, Hit Fixed Object, Not Injured, N, N
AUS, 2, 0, 1, 0, 2017, July, Tuesday, 06:45 pm, 060, Wet, Y, Night, Hit Pedestrian, Major Injury, N, N
AUS, 2, 0, 0, 0, 2017, July, Thursday, 08:38 am, 060, Dry, N, Daylight, Rear End, Not Injured, N, N
AUS, 4, 0, 0, 0, 2017, July, Wednesday, 06:30 pm, 060, Dry, N, Night, Rear End, Not Injured, N, N
AUS, 3, 0, 0, 0, 2017, July, Thursday, 07:20 am, 080, Wet, Y, Night, Rear End, Not Injured, N, N
AUS, 2, 0, 0, 0, 2017, July, Thursday, 11:17 am, 050, Dry, N, Daylight, Right Angle, Not Injured, N, N
AUS, 2, 0, 0, 1, 2017, July, Thursday, 11:45 am, 060, Dry, N, Daylight, Right Angle, Minor Injury, N, N
AUS, 2, 0, 0, 1, 2017, March, Wednesday, 09:00 am, 040, Dry, N, Daylight, Rear End, Minor Injury, N, N
AUS, 2, 0, 0, 1, 2017, July, Tuesday, 08:15 pm, 060, Wet, Y, Night, Rear End, Minor Injury, N, N
AUS, 2, 0, 0, 1, 2017, July, Wednesday, 11:00 am, 050, Wet, Y, Daylight, Right Angle, Minor Injury, N, N
AUS, 3, 0, 2, 1, 2017, July, Thursday, 02:30 pm, 060, Wet, Y, Daylight, Head On, Major Injury, N, N
AUS, 2, 0, 0, 0, 2017, July, Wednesday, 01:00 pm, 060, Dry, N, Daylight, Rear End, Not Injured, N, N
AUS, 2, 0, 0, 0, 2017, July, Thursday, 05:04 pm, 060, Dry, N, Daylight, Right Angle, Not Injured, N, N
AUS, 2, 0, 0, 0, 2017, July, Thursday, 05:30 pm, 080, Dry, N, Night, Rear End, Not Injured, N, N
AUS, 3, 0, 0, 0, 2017, July, Thursday, 06:30 am, 080, Wet, Y, Night, Hit Fixed Object, Not Injured, N, N
AUS, 2, 0, 0, 1, 2017, July, Wednesday, 04:35 pm, 060, Dry, N, Daylight, Rear End, Minor Injury, N, N
AUS, 3, 0, 0, 2, 2017, July, Thursday, 06:35 pm, 060, Dry, N, Night, Rear End, Minor Injury, N, N
AUS, 2, 0, 0, 0, 2017, July, Thursday, 08:00 pm, 060, Dry, N, Night, Rear End, Not Injured, N, N
AUS, 2, 0, 0, 0, 2017, July, Thursday, 05:15 pm, 060, Dry, N, Daylight, Right Angle, Not Injured, N, N
AUS, 2, 0, 0, 0, 2017, July, Friday, 12:58 am, 050, Dry, N, Night, Hit Fixed Object, Not Injured, N, N
AUS, 2, 0, 0, 0, 2017, July, Friday, 05:45 am, 080, Wet, Y, Night, Right Angle, Not Injured, N, N
AUS, 5, 0, 0, 1, 2017, July, Friday, 06:30 am, 060, Wet, Y, Night, Hit Fixed Object, Minor Injury, N, N
AUS, 2, 0, 0, 2, 2017, July, Friday, 07:55 am, 060, Wet, Y, Daylight, Rear End, Minor Injury, N, N
AUS, 2, 0, 0, 0, 2017, July, Friday, 08:00 am, 050, Wet, Y, Daylight, Rear End, Not Injured, N, N
AUS, 2, 0, 0, 0, 2017, July, Thursday, 09:15 am, 060, Wet, Y, Daylight, Rear End, Not Injured, N, N
AUS, 2, 0, 0, 0, 2017, June, Wednesday, 05:00 pm, 050, Dry, N, Daylight, Right Angle, Not Injured, N, N
AUS, 2, 0, 0, 0, 2017, July, Friday, 09:30 am, 050, Wet, Y, Daylight, Hit Fixed Object, Not Injured, N, N
AUS, 2, 0, 0, 1, 2017, July, Thursday, 07:34 am, 060, Dry, N, Daylight, Right Angle, Minor Injury, N, N
AUS, 2, 0, 1, 0, 2017, July, Friday, 08:40 am, 060, Wet, Y, Daylight, Rear End, Major Injury, N, N
AUS, 2, 0, 0, 0, 2017, July, Wednesday, 07:45 am, 090, Dry, N, Daylight, Side Swipe, Not Injured, N, N
AUS, 2, 0, 0, 0, 2017, July, Thursday, 05:35 pm, 050, Wet, Y, Night, Side Swipe, Not Injured, N, N
AUS, 4, 0, 0, 1, 2017, July, Friday, 11:20 am, 060, Wet, Y, Daylight, Rear End, Minor Injury, N, N
AUS, 3, 0, 0, 0, 2017, July, Friday, 12:00 pm, 050, Wet, N, Daylight, Rear End, Not Injured, N, N
AUS, 2, 0, 0, 0, 2017, July, Friday, 08:30 am, 060, Wet, N, Daylight, Right Angle, Not Injured, N, N
AUS, 2, 1, 0, 0, 2017, July, Friday, 11:20 am, 050, Wet, Y, Daylight, Hit Pedestrian, Fatal, N, N
AUS, 2, 0, 0, 0, 2017, July, Friday, 01:00 pm, 060, Wet, Y, Daylight, Side Swipe, Not Injured, N, N
AUS, 2, 0, 0, 0, 2017, July, Thursday, 11:00 am, 060, Dry, N, Daylight, Hit Pedestrian, Not Injured, N, N
AUS, 3, 0, 1, 0, 2017, July, Friday, 11:41 am, 060, Wet, N, Daylight, Hit Pedestrian, Major Injury, N, N
AUS, 2, 0, 0, 0, 2017, July, Friday, 01:40 pm, 060, Dry, N, Daylight, Rear End, Not Injured, N, N
AUS, 3, 0, 0, 2, 2017, July, Thursday, 02:40 pm, 060, Dry, N, Daylight, Side Swipe, Minor Injury, N, N
AUS, 5, 0, 2, 2, 2017, July, Friday, 10:20 am, 110, Dry, N, Daylight, Rear End, Major Injury, N, N
AUS, 2, 0, 0, 0, 2017, July, Friday, 12:30 pm, 060, Wet, Y, Daylight, Side Swipe, Not Injured, N, N
AUS, 2, 0, 0, 0, 2017, July, Friday, 02:55 pm, 050, Dry, N, Daylight, Side Swipe, Not Injured, N, N
AUS, 2, 0, 0, 0, 2017, July, Friday, 05:40 am, 060, Wet, Y, Night, Side Swipe, Not Injured, N, N
AUS, 2, 0, 0, 0, 2017, July, Thursday, 08:25 am, 060, Dry, N, Daylight, Right Angle, Not Injured, N, N
AUS, 2, 0, 0, 0, 2017, July, Friday, 04:14 pm, 060, Wet, Y, Daylight, Hit Fixed Object, Not Injured, N, Y
AUS, 2, 0, 0, 0, 2017, July, Friday, 03:00 pm, 050, Wet, Y, Daylight, Right Angle, Not Injured, N, N
AUS, 2, 0, 0, 0, 2017, July, Friday, 11:15 am, 060, Wet, N, Daylight, Side Swipe, Not Injured, N, N
AUS, 3, 0, 0, 0, 2017, July, Friday, 05:45 pm, 060, Wet, Y, Night, Rear End, Not Injured, N, N
AUS, 2, 0, 0, 1, 2017, July, Friday, 05:42 pm, 050, Wet, Y, Night, Right Angle, Minor Injury, N, N
AUS, 2, 0, 0, 0, 2017, July, Friday, 05:25 pm, 050, Wet, Y, Night, Hit Pedestrian, Not Injured, N, N
AUS, 3, 0, 1, 0, 2017, July, Friday, 06:15 pm, 050, Wet, Y, Night, Hit Pedestrian, Major Injury, N, N
AUS, 2, 0, 0, 1, 2017, July, Friday, 04:40 pm, 060, Wet, Y, Daylight, Rear End, Minor Injury, N, N
AUS, 2, 0, 0, 0, 2017, July, Friday, 05:30 pm, 050, Wet, Y, Night, Hit Fixed Object, Not Injured, Y, N
AUS, 2, 0, 0, 0, 2017, July, Friday, 05:52 pm, 060, Wet, Y, Night, Right Angle, Not Injured, N, N
AUS, 2, 0, 0, 0, 2017, July, Friday, 06:40 pm, 060, Wet, Y, Night, Right Angle, Not Injured, N, N
AUS, 2, 0, 0, 0, 2017, July, Friday, 07:30 pm, 060, Wet, Y, Night, Right Angle, Not Injured, N, N
AUS, 2, 0, 0, 0, 2017, July, Friday, 04:35 pm, 060, Wet, Y, Daylight, Head On, Not Injured, N, N
AUS, 2, 0, 1, 1, 2017, July, Friday, 06:32 pm, 060, Wet, Y, Night, Right Angle, Major Injury, N, N
AUS, 2, 0, 0, 0, 2017, July, Friday, 10:00 pm, 080, Wet, Y, Night, Hit Fixed Object, Not Injured, N, N
AUS, 2, 0, 0, 0, 2017, July, Saturday, 12:15 am, 060, Wet, Y, Night, Hit Fixed Object, Not Injured, N, N
AUS, 2, 0, 0, 0, 2017, July, Saturday, 12:05 am, 050, Wet, N, Night, Hit Fixed Object, Not Injured, N, N
AUS, 2, 0, 0, 1, 2017, July, Saturday, 01:25 am, 060, Wet, Y, Night, Rear End, Minor Injury, Y, N
AUS, 2, 0, 0, 0, 2017, July, Saturday, 04:00 am, 060, Wet, Y, Night, Hit Fixed Object, Not Injured, N, N
AUS, 2, 1, 1, 1, 2017, July, Friday, 11:20 pm, 050, Wet, N, Night, Hit Fixed Object, Fatal, Y, N
AUS, 3, 0, 0, 1, 2017, July, Friday, 04:25 pm, 060, Wet, N, Daylight, Rear End, Minor Injury, N, N
AUS, 3, 1, 0, 0, 2017, July, Saturday, 04:00 am, 050, Dry, N, Night, Hit Pedestrian, Fatal, N, N
AUS, 2, 0, 0, 0, 2017, July, Friday, 05:15 pm, 070, Dry, N, Daylight, Rear End, Not Injured, N, N
AUS, 2, 0, 0, 1, 2017, July, Friday, 04:30 pm, 050, Dry, N, Daylight, Right Angle, Minor Injury, N, N
AUS, 2, 0, 0, 0, 2017, July, Saturday, 02:15 pm, 080, Dry, N, Daylight, Rear End, Not Injured, N, N
AUS, 2, 0, 0, 0, 2017, July, Saturday, 01:50 pm, 060, Dry, N, Daylight, Rear End, Not Injured, N, N
AUS, 3, 0, 0, 0, 2017, July, Saturday, 11:56 am, 060, Dry, N, Daylight, Rear End, Not Injured, N, N
AUS, 4, 0, 0, 0, 2017, July, Friday, 04:00 pm, 060, Wet, Y, Daylight, Rear End, Not Injured, N, N
AUS, 2, 0, 0, 0, 2017, July, Friday, 11:20 pm, 060, Dry, N, Night, Right Angle, Not Injured, N, N
AUS, 3, 0, 0, 0, 2017, July, Saturday, 05:10 pm, 090, Dry, N, Daylight, Right Angle, Not Injured, N, N
AUS, 2, 0, 0, 1, 2017, July, Friday, 05:50 pm, 050, Wet, Y, Night, Right Angle, Minor Injury, N, N
AUS, 2, 0, 0, 0, 2017, July, Friday, 07:30 am, 050, Dry, N, Daylight, Hit Fixed Object, Not Injured, N, N
AUS, 2, 0, 0, 0, 2017, July, Saturday, 07:00 pm, 060, Wet, Y, Night, Right Angle, Not Injured, N, N
AUS, 2, 0, 0, 0, 2017, July, Saturday, 06:58 pm, 060, Wet, Y, Night, Hit Fixed Object, Not Injured, N, N
AUS, 2, 0, 0, 0, 2017, July, Saturday, 05:40 pm, 060, Wet, Y, Night, Rear End, Not Injured, N, N
AUS, 3, 0, 0, 1, 2017, July, Friday, 11:45 pm, 080, Dry, N, Night, Hit Fixed Object, Minor Injury, N, N
AUS, 2, 0, 0, 0, 2017, July, Saturday, 07:30 pm, 050, Dry, N, Night, Hit Fixed Object, Not Injured, N, N
AUS, 2, 0, 0, 0, 2017, July, Saturday, 10:15 pm, 050, Wet, Y, Night, Rear End, Not Injured, N, N
AUS, 2, 0, 0, 1, 2017, July, Saturday, 10:54 pm, 060, Wet, Y, Night, Right Angle, Minor Injury, N, N
AUS, 2, 0, 0, 0, 2017, July, Saturday, 11:40 pm, 050, Dry, N, Night, Hit Fixed Object, Not Injured, Y, N
AUS, 2, 0, 0, 1, 2017, July, Saturday, 12:13 pm, 050, Dry, N, Daylight, Hit Fixed Object, Minor Injury, N, N
AUS, 2, 1, 0, 0, 2017, July, Sunday, 01:45 am, 100, Wet, Y, Night, Hit Fixed Object, Fatal, Y, N
AUS, 2, 0, 0, 1, 2017, June, Thursday, 06:31 pm, 060, Wet, Y, Night, Hit Fixed Object, Minor Injury, Y, N
AUS, 2, 0, 0, 0, 2017, July, Saturday, 12:00 pm, 060, Dry, N, Daylight, Hit Fixed Object, Not Injured, N, N
AUS, 2, 0, 0, 0, 2017, July, Sunday, 09:35 am, 050, Dry, N, Daylight, Right Angle, Not Injured, N, N
AUS, 2, 0, 0, 1, 2017, July, Sunday, 11:00 am, 050, Dry, N, Daylight, Right Angle, Minor Injury, N, N
AUS, 3, 0, 0, 1, 2017, July, Saturday, 12:50 pm, 060, Dry, N, Daylight, Rear End, Minor Injury, N, N
AUS, 2, 0, 0, 0, 2017, July, Saturday, 11:00 am, 060, Dry, N, Daylight, Side Swipe, Not Injured, N, N
AUS, 2, 0, 0, 0, 2017, July, Saturday, 04:15 pm, 060, Dry, N, Daylight, Side Swipe, Not Injured, N, N
AUS, 2, 0, 0, 0, 2017, July, Sunday, 12:45 pm, 050, Dry, N, Daylight, Hit Fixed Object, Not Injured, N, N
AUS, 2, 0, 0, 1, 2017, July, Saturday, 09:30 pm, 060, Wet, Y, Night, Right Angle, Minor Injury, N, N
AUS, 2, 0, 0, 0, 2017, July, Sunday, 09:20 am, 050, Dry, N, Daylight, Right Angle, Not Injured, N, N
AUS, 2, 0, 0, 0, 2017, July, Sunday, 03:44 pm, 060, Dry, N, Daylight, Rear End, Not Injured, N, N
AUS, 2, 0, 0, 0, 2017, July, Sunday, 04:35 pm, 060, Dry, N, Daylight, Right Angle, Not Injured, N, N
AUS, 2, 0, 0, 0, 2017, July, Sunday, 04:08 pm, 060, Dry, N, Daylight, Right Angle, Not Injured, N, N
AUS, 2, 0, 0, 0, 2017, July, Saturday, 03:40 pm, 060, Wet, N, Daylight, Rear End, Not Injured, N, N
AUS, 2, 0, 0, 1, 2017, July, Sunday, 03:55 pm, 050, Dry, N, Daylight, Hit Fixed Object, Minor Injury, N, N
AUS, 2, 0, 0, 0, 2017, July, Sunday, 06:15 pm, 060, Wet, N, Night, Side Swipe, Not Injured, N, N
AUS, 2, 0, 0, 0, 2017, July, Sunday, 06:10 pm, 060, Dry, N, Night, Right Angle, Not Injured, N, N
AUS, 2, 0, 0, 0, 2017, July, Sunday, 01:30 am, 040, Wet, Y, Night, Hit Fixed Object, Not Injured, N, N
AUS, 2, 0, 0, 0, 2017, July, Saturday, 10:00 pm, 050, Wet, Y, Night, Hit Fixed Object, Not Injured, N, N
AUS, 2, 0, 1, 0, 2017, July, Sunday, 03:49 pm, 050, Dry, N, Daylight, Hit Fixed Object, Major Injury, N, Y
AUS, 2, 0, 0, 1, 2017, July, Sunday, 01:30 pm, 080, Dry, N, Daylight, Rear End, Minor Injury, N, N
AUS, 2, 0, 0, 0, 2017, July, Monday, 07:25 am, 060, Dry, N, Daylight, Right Angle, Not Injured, N, N
AUS, 2, 0, 0, 0, 2017, July, Monday, 06:40 am, 060, Dry, N, Night, Rear End, Not Injured, N, N
AUS, 2, 0, 0, 0, 2017, July, Monday, 06:00 am, 100, Wet, N, Night, Right Angle, Not Injured, N, N
AUS, 2, 0, 0, 2, 2017, July, Sunday, 07:00 pm, 060, Wet, N, Night, Hit Fixed Object, Minor Injury, N, N
AUS, 2, 0, 0, 0, 2017, July, Monday, 10:05 am, 060, Wet, N, Daylight, Hit Fixed Object, Not Injured, N, N
AUS, 2, 0, 0, 0, 2017, July, Monday, 09:30 am, 080, Wet, Y, Daylight, Hit Fixed Object, Not Injured, N, N
AUS, 2, 0, 0, 0, 2017, July, Monday, 09:50 am, 060, Dry, N, Daylight, Rear End, Not Injured, N, N
AUS, 2, 0, 0, 0, 2017, July, Monday, 07:15 am, 060, Dry, N, Night, Side Swipe, Not Injured, N, N
AUS, 2, 0, 0, 0, 2017, May, Friday, 01:30 pm, 050, Dry, N, Daylight, Hit Pedestrian, Not Injured, N, N
AUS, 2, 0, 1, 1, 2017, July, Monday, 10:40 am, 100, Dry, N, Daylight, Right Angle, Major Injury, N, N
AUS, 2, 0, 0, 1, 2017, July, Monday, 01:35 pm, 050, Dry, N, Daylight, Rear End, Minor Injury, N, N
AUS, 2, 0, 0, 0, 2017, July, Monday, 02:45 am, 090, Dry, N, Night, Hit Fixed Object, Not Injured, N, N
AUS, 2, 0, 0, 0, 2017, July, Sunday, 02:00 pm, 110, Wet, Y, Daylight, Hit Fixed Object, Not Injured, N, N
AUS, 2, 0, 0, 1, 2017, July, Sunday, 08:08 pm, 100, Dry, N, Night, Hit Fixed Object, Minor Injury, N, N
AUS, 3, 0, 0, 0, 2017, July, Monday, 04:30 pm, 060, Dry, N, Daylight, Rear End, Not Injured, N, N
AUS, 7, 0, 0, 0, 2017, July, Monday, 03:40 pm, 080, Dry, N, Daylight, Rear End, Not Injured, N, N
AUS, 2, 0, 0, 0, 2017, July, Monday, 05:10 pm, 060, Dry, N, Daylight, Hit Fixed Object, Not Injured, N, N
AUS, 2, 0, 0, 0, 2017, July, Friday, 12:15 pm, 050, Dry, N, Daylight, Hit Fixed Object, Not Injured, N, N
AUS, 2, 0, 0, 1, 2017, July, Monday, 05:00 pm, 060, Dry, N, Daylight, Right Angle, Minor Injury, N, N
AUS, 2, 0, 0, 0, 2017, July, Monday, 02:20 am, 060, Dry, N, Night, Right Angle, Not Injured, N, N
AUS, 2, 0, 0, 2, 2017, July, Monday, 02:45 pm, 060, Dry, N, Daylight, Right Angle, Minor Injury, N, N
AUS, 2, 0, 0, 1, 2017, July, Monday, 06:43 pm, 050, Dry, N, Night, Hit Pedestrian, Minor Injury, N, N
AUS, 3, 0, 0, 1, 2017, July, Monday, 03:40 pm, 060, Dry, N, Daylight, Side Swipe, Minor Injury, N, Y
AUS, 2, 0, 0, 0, 2017, July, Monday, 07:20 pm, 060, Dry, N, Night, Right Angle, Not Injured, N, N
AUS, 2, 0, 0, 1, 2017, July, Monday, 08:00 pm, 060, Dry, N, Night, Hit Pedestrian, Minor Injury, N, N
AUS, 2, 0, 0, 0, 2017, July, Monday, 08:19 pm, 050, Dry, N, Night, Side Swipe, Not Injured, N, N
AUS, 2, 0, 0, 1, 2017, July, Monday, 11:55 pm, 110, Dry, N, Night, Hit Fixed Object, Minor Injury, N, N
AUS, 2, 0, 0, 0, 2017, July, Tuesday, 08:47 am, 060, Dry, N, Daylight, Rear End, Not Injured, N, N
AUS, 2, 0, 0, 1, 2017, July, Friday, 08:00 am, 060, Dry, N, Daylight, Rear End, Minor Injury, N, N
AUS, 2, 0, 0, 1, 2017, July, Tuesday, 08:10 am, 050, Dry, N, Daylight, Right Angle, Minor Injury, N, N
AUS, 2, 0, 0, 0, 2017, July, Tuesday, 09:10 am, 060, Dry, N, Daylight, Side Swipe, Not Injured, N, N
AUS, 2, 0, 0, 0, 2017, July, Monday, 02:15 pm, 050, Dry, N, Daylight, Side Swipe, Not Injured, N, N
AUS, 2, 0, 0, 2, 2017, July, Tuesday, 09:50 am, 080, Dry, N, Daylight, Rear End, Minor Injury, N, N
AUS, 2, 0, 0, 1, 2017, July, Tuesday, 07:15 am, 050, Dry, N, Night, Side Swipe, Minor Injury, N, N
AUS, 2, 0, 0, 0, 2017, July, Tuesday, 09:00 am, 050, Dry, N, Daylight, Right Angle, Not Injured, N, N
AUS, 2, 0, 0, 0, 2017, July, Tuesday, 10:15 am, 050, Dry, N, Daylight, Rear End, Not Injured, N, N
AUS, 2, 0, 0, 0, 2017, July, Tuesday, 01:58 pm, 050, Dry, N, Daylight, Hit Pedestrian, Not Injured, N, N
AUS, 2, 0, 0, 0, 2017, July, Tuesday, 02:45 pm, 060, Dry, N, Daylight, Hit Fixed Object, Not Injured, N, N
AUS, 2, 0, 0, 0, 2017, July, Monday, 04:56 pm, 050, Dry, N, Daylight, Hit Fixed Object, Not Injured, N, N
AUS, 2, 0, 0, 0, 2017, July, Tuesday, 02:55 pm, 070, Dry, N, Daylight, Rear End, Not Injured, N, N
AUS, 2, 0, 0, 0, 2017, July, Monday, 07:00 pm, 050, Dry, N, Night, Right Angle, Not Injured, N, N
AUS, 2, 0, 0, 0, 2017, July, Tuesday, 04:50 pm, 080, Dry, N, Daylight, Rear End, Not Injured, N, N
AUS, 2, 0, 0, 0, 2017, July, Tuesday, 04:05 pm, 060, Dry, N, Daylight, Right Angle, Not Injured, N, N
AUS, 5, 0, 0, 1, 2017, July, Tuesday, 03:35 pm, 080, Dry, N, Daylight, Rear End, Minor Injury, N, N
AUS, 2, 0, 0, 1, 2017, July, Tuesday, 04:05 pm, 060, Dry, N, Daylight, Right Angle, Minor Injury, N, N
AUS, 2, 0, 0, 0, 2017, July, Tuesday, 03:34 pm, 060, Dry, N, Daylight, Side Swipe, Not Injured, N, N
AUS, 3, 0, 0, 0, 2017, July, Monday, 09:12 pm, 050, Dry, N, Night, Hit Fixed Object, Not Injured, N, N