Nation,Total Units,Total Fatalities,Total Serious Injuries,Total Minor Injuries,Year,Month,Day,Time,Speed Limit,Moisture,Adverse Weather Conditions,DayNight,Crash Type,Crash Severity,Alcohol Related ,Drug Related
AUS, 2, 0, 0, 0, 2017, July, Tuesday, 03:00 pm, 070, Dry, N, Daylight, Side Swipe, Not Injured, N, N
AUS, 2, 0, 0, 0, 2017, July, Tuesday, 07:05 pm, 040, Dry, N, Night, Side Swipe, Not Injured, N, N
AUS, 2, 0, 0, 0, 2017, July, Tuesday, 09:35 pm, 050, Dry, N, Night, Hit Fixed Object, Not Injured, N, N
AUS, 2, 0, 0, 0, 2017, July, Tuesday, 04:15 am, 080, Dry, N, Night, Hit Fixed Object, Not Injured, N, N
AUS, 2, 0, 0, 0, 2017, July, Tuesday, 05:31 pm, 050, Dry, N, Night, Right Angle, Not Injured, N, N
AUS, 2, 0, 0, 0, 2017, July, Tuesday, 09:20 am, 050, Dry, N, Daylight, Right Angle, Not Injured, N, N
AUS, 3, 0, 0, 0, 2017, July, Wednesday, 07:00 am, 060, Dry, N, Night, Side Swipe, Not Injured, N, N
AUS, 2, 0, 0, 0, 2017, July, Tuesday, 06:00 pm, 050, Dry, N, Night, Right Angle, Not Injured, N, N
AUS, 2, 0, 0, 0, 2017, July, Wednesday, 06:30 am, 090, Dry, N, Night, Right Angle, Not Injured, N, N
AUS, 2, 0, 0, 1, 2017, July, Wednesday, 07:45 am, 060, Dry, N, Daylight, Rear End, Minor Injury, N, N
AUS, 2, 0, 0, 2, 2017, July, Wednesday, 08:25 am, 050, Dry, N, Daylight, Rear End, Minor Injury, N, N
AUS, 2, 0, 0, 1, 2017, July, Wednesday, 11:00 am, 050, Dry, N, Daylight, Right Angle, Minor Injury, N, N
AUS, 2, 0, 0, 0, 2017, July, Wednesday, 01:15 pm, 060, Dry, N, Daylight, Hit Pedestrian, Not Injured, N, N
AUS, 2, 0, 0, 0, 2017, July, Wednesday, 11:37 am, 050, Dry, N, Daylight, Rear End, Not Injured, N, N
AUS, 2, 0, 0, 0, 2017, July, Wednesday, 11:30 am, 050, Dry, N, Daylight, Rear End, Not Injured, N, N
AUS, 2, 0, 0, 0, 2017, July, Tuesday, 02:30 pm, 060, Dry, N, Daylight, Side Swipe, Not Injured, N, N
AUS, 2, 0, 0, 0, 2017, July, Wednesday, 09:00 am, 070, Dry, N, Daylight, Rear End, Not Injured, N, N
AUS, 2, 0, 0, 0, 2017, July, Wednesday, 10:40 am, 060, Dry, N, Daylight, Side Swipe, Not Injured, N, N
AUS, 2, 0, 0, 1, 2017, July, Tuesday, 04:00 pm, 060, Dry, N, Daylight, Rear End, Minor Injury, N, N
AUS, 2, 0, 0, 0, 2017, July, Wednesday, 12:00 pm, 050, Dry, N, Daylight, Rear End, Not Injured, N, N
AUS, 2, 0, 0, 0, 2017, July, Wednesday, 07:30 am, 060, Dry, N, Daylight, Side Swipe, Not Injured, N, N
AUS, 2, 1, 0, 1, 2017, July, Wednesday, 01:45 pm, 080, Dry, N, Daylight, Head On, Fatal, N, N
AUS, 2, 0, 0, 0, 2017, July, Wednesday, 05:20 pm, 050, Dry, N, Night, Rear End, Not Injured, N, N
AUS, 2, 0, 0, 0, 2017, July, Wednesday, 05:30 pm, 080, Dry, N, Night, Right Angle, Not Injured, N, N
AUS, 3, 0, 0, 1, 2017, July, Wednesday, 05:12 pm, 060, Dry, N, Daylight, Rear End, Minor Injury, N, N
AUS, 2, 0, 0, 0, 2017, July, Wednesday, 04:00 pm, 050, Dry, N, Daylight, Right Angle, Not Injured, N, N
AUS, 2, 0, 0, 1, 2017, July, Wednesday, 02:35 pm, 080, Dry, N, Daylight, Head On, Minor Injury, N, N
AUS, 2, 0, 0, 0, 2017, July, Wednesday, 06:20 pm, 100, Dry, N, Night, Rear End, Not Injured, N, N
AUS, 2, 0, 0, 0, 2017, July, Wednesday, 07:00 pm, 050, Dry, N, Night, Side Swipe, Not Injured, N, N
AUS, 2, 0, 0, 1, 2017, July, Wednesday, 09:09 pm, 050, Dry, N, Night, Right Angle, Minor Injury, N, N
AUS, 3, 0, 0, 0, 2017, July, Thursday, 02:30 am, 060, Wet, N, Night, Rear End, Not Injured, N, N
AUS, 2, 0, 0, 0, 2017, July, Wednesday, 03:00 am, 040, Dry, N, Night, Hit Fixed Object, Not Injured, N, N
AUS, 3, 0, 0, 1, 2017, July, Wednesday, 12:55 pm, 070, Dry, N, Daylight, Hit Fixed Object, Minor Injury, N, N
AUS, 5, 0, 0, 0, 2017, July, Thursday, 08:22 am, 080, Wet, Y, Daylight, Right Angle, Not Injured, N, N
AUS, 2, 0, 0, 0, 2017, July, Thursday, 09:30 am, 060, Dry, N, Daylight, Side Swipe, Not Injured, N, N
AUS, 3, 0, 0, 0, 2017, July, Thursday, 11:15 am, 080, Dry, N, Daylight, Rear End, Not Injured, N, N
AUS, 2, 0, 0, 0, 2017, July, Thursday, 10:30 am, 060, Dry, N, Daylight, Hit Fixed Object, Not Injured, N, N
AUS, 2, 0, 0, 1, 2017, July, Tuesday, 02:36 pm, 060, Dry, N, Daylight, Rear End, Minor Injury, N, N
AUS, 2, 0, 0, 0, 2017, July, Thursday, 01:30 pm, 060, Dry, N, Daylight, Right Angle, Not Injured, N, N
AUS, 2, 0, 0, 0, 2017, July, Thursday, 04:30 am, 100, Wet, Y, Night, Hit Fixed Object, Not Injured, N, N
AUS, 2, 0, 0, 0, 2017, July, Thursday, 07:50 am, 080, Wet, Y, Daylight, Side Swipe, Not Injured, N, N
AUS, 2, 0, 0, 1, 2017, July, Thursday, 01:05 pm, 110, Dry, N, Daylight, Hit Fixed Object, Minor Injury, N, N
AUS, 2, 0, 0, 1, 2017, July, Thursday, 03:00 pm, 050, Dry, N, Daylight, Hit Fixed Object, Minor Injury, N, N
AUS, 3, 0, 0, 1, 2017, July, Thursday, 02:00 pm, 050, Dry, N, Daylight, Right Angle, Minor Injury, N, N
AUS, 2, 0, 0, 0, 2017, July, Thursday, 12:30 pm, 050, Dry, N, Daylight, Side Swipe, Not Injured, N, N
AUS, 2, 0, 0, 0, 2017, July, Thursday, 02:45 pm, 080, Dry, N, Daylight, Head On, Not Injured, N, N
AUS, 2, 0, 0, 1, 2017, July, Thursday, 12:04 pm, 050, Dry, N, Daylight, Hit Fixed Object, Minor Injury, N, N
AUS, 3, 0, 0, 0, 2017, July, Thursday, 02:58 pm, 060, Dry, N, Daylight, Rear End, Not Injured, N, N
AUS, 2, 0, 0, 0, 2017, July, Thursday, 03:40 pm, 060, Dry, N, Daylight, Right Angle, Not Injured, N, N
AUS, 3, 0, 0, 3, 2017, July, Thursday, 01:45 pm, 080, Dry, N, Daylight, Right Angle, Minor Injury, N, N
AUS, 3, 0, 0, 1, 2017, July, Thursday, 04:35 pm, 060, Dry, N, Daylight, Hit Fixed Object, Minor Injury, N, N
AUS, 2, 0, 0, 0, 2017, July, Thursday, 02:50 pm, 050, Dry, N, Daylight, Right Angle, Not Injured, N, N
AUS, 2, 0, 0, 1, 2017, July, Thursday, 02:40 pm, 060, Dry, N, Daylight, Rear End, Minor Injury, N, N
AUS, 3, 0, 0, 0, 2017, July, Thursday, 04:20 pm, 060, Dry, N, Daylight, Rear End, Not Injured, N, N
AUS, 2, 0, 0, 0, 2017, July, Thursday, 05:20 pm, 080, Dry, N, Daylight, Rear End, Not Injured, N, N
AUS, 2, 0, 0, 4, 2017, July, Thursday, 04:35 pm, 060, Dry, N, Daylight, Right Angle, Minor Injury, N, N
AUS, 2, 0, 0, 0, 2017, July, Thursday, 06:20 pm, 060, Dry, N, Night, Right Angle, Not Injured, N, N
AUS, 2, 0, 0, 0, 2017, July, Wednesday, 04:05 pm, 100, Dry, N, Daylight, Rear End, Not Injured, N, N
AUS, 2, 0, 0, 1, 2017, July, Thursday, 05:04 pm, 060, Dry, N, Daylight, Right Angle, Minor Injury, N, N
AUS, 3, 0, 0, 0, 2017, July, Thursday, 05:45 pm, 060, Dry, N, Night, Rear End, Not Injured, N, N
AUS, 2, 0, 0, 0, 2017, July, Thursday, 07:52 pm, 100, Wet, Y, Night, Hit Fixed Object, Not Injured, N, N
AUS, 2, 0, 0, 0, 2017, July, Thursday, 06:00 pm, 080, Dry, N, Night, Hit Fixed Object, Not Injured, N, N
AUS, 2, 0, 0, 4, 2017, July, Thursday, 06:15 pm, 080, Dry, N, Night, Head On, Minor Injury, N, Y
AUS, 2, 0, 0, 0, 2017, July, Friday, 12:35 am, 080, Dry, N, Night, Right Angle, Not Injured, N, N
AUS, 2, 0, 0, 0, 2017, July, Thursday, 06:35 am, 080, Dry, N, Night, Right Angle, Not Injured, N, N
AUS, 2, 0, 0, 0, 2017, July, Thursday, 11:00 am, 080, Dry, N, Daylight, Right Angle, Not Injured, N, N
AUS, 2, 0, 0, 0, 2017, July, Tuesday, 08:39 pm, 080, Dry, N, Night, Hit Fixed Object, Not Injured, N, N
AUS, 2, 0, 0, 0, 2017, July, Friday, 05:55 am, 060, Dry, N, Night, Right Angle, Not Injured, N, N
AUS, 2, 0, 0, 0, 2017, July, Wednesday, 06:30 pm, 060, Wet, N, Night, Rear End, Not Injured, N, N
AUS, 2, 0, 0, 1, 2017, July, Friday, 08:15 am, 060, Wet, N, Daylight, Right Angle, Minor Injury, N, N
AUS, 2, 0, 0, 0, 2017, July, Thursday, 01:05 pm, 100, Dry, N, Daylight, Hit Fixed Object, Not Injured, N, N
AUS, 2, 0, 0, 0, 2017, July, Friday, 08:30 am, 060, Dry, N, Daylight, Right Angle, Not Injured, N, N
AUS, 3, 0, 0, 0, 2017, July, Friday, 09:30 am, 100, Wet, Y, Daylight, Rear End, Not Injured, N, N
AUS, 2, 0, 0, 0, 2017, July, Thursday, 11:54 pm, 050, Dry, N, Night, Hit Fixed Object, Not Injured, Y, N
AUS, 2, 0, 0, 0, 2017, July, Wednesday, 05:35 pm, 050, Wet, Y, Night, Rear End, Not Injured, N, N
AUS, 2, 0, 0, 0, 2017, July, Friday, 03:00 pm, 050, Dry, N, Daylight, Hit Fixed Object, Not Injured, N, N
AUS, 2, 0, 0, 0, 2017, July, Friday, 02:22 pm, 060, Wet, Y, Daylight, Side Swipe, Not Injured, N, N
AUS, 2, 0, 0, 0, 2017, July, Friday, 03:30 pm, 110, Dry, N, Daylight, Side Swipe, Not Injured, N, N
AUS, 2, 0, 0, 0, 2017, July, Friday, 04:00 pm, 050, Dry, N, Daylight, Side Swipe, Not Injured, N, N
AUS, 5, 0, 0, 1, 2017, July, Friday, 04:00 pm, 060, Dry, N, Daylight, Rear End, Minor Injury, N, N
AUS, 2, 0, 0, 1, 2017, July, Friday, 12:30 pm, 080, Wet, N, Daylight, Hit Fixed Object, Minor Injury, N, N
AUS, 2, 0, 0, 1, 2017, July, Friday, 03:44 pm, 050, Dry, N, Daylight, Right Angle, Minor Injury, N, N
AUS, 2, 0, 0, 0, 2017, July, Friday, 11:50 am, 060, Wet, Y, Daylight, Right Angle, Not Injured, N, N
AUS, 2, 0, 0, 0, 2017, July, Friday, 04:15 pm, 060, Dry, N, Daylight, Right Angle, Not Injured, N, N
AUS, 3, 0, 0, 0, 2017, July, Friday, 06:20 pm, 080, Wet, Y, Night, Rear End, Not Injured, N, N
AUS, 2, 0, 0, 1, 2017, July, Friday, 05:15 pm, 060, Wet, Y, Daylight, Rear End, Minor Injury, N, N
AUS, 3, 0, 0, 0, 2017, July, Friday, 02:40 pm, 050, Dry, N, Daylight, Hit Fixed Object, Not Injured, N, N
AUS, 2, 0, 0, 0, 2017, July, Friday, 06:20 pm, 090, Wet, Y, Night, Right Angle, Not Injured, N, N
AUS, 2, 0, 0, 0, 2017, July, Friday, 05:40 pm, 090, Wet, Y, Night, Side Swipe, Not Injured, N, N
AUS, 2, 0, 0, 0, 2017, July, Friday, 08:25 pm, 050, Wet, Y, Night, Hit Fixed Object, Not Injured, N, N
AUS, 5, 0, 0, 0, 2017, July, Friday, 07:50 pm, 050, Dry, N, Night, Hit Fixed Object, Not Injured, Y, N
AUS, 2, 0, 0, 0, 2017, July, Friday, 04:55 pm, 060, Dry, N, Daylight, Right Angle, Not Injured, N, N
AUS, 2, 0, 0, 1, 2017, July, Friday, 07:45 pm, 070, Wet, N, Night, Right Angle, Minor Injury, N, N
AUS, 2, 0, 0, 0, 2017, July, Friday, 03:40 pm, 100, Wet, Y, Daylight, Right Angle, Not Injured, N, N
AUS, 2, 0, 0, 0, 2017, July, Saturday, 03:20 am, 050, Dry, N, Night, Side Swipe, Not Injured, N, N
AUS, 2, 0, 0, 0, 2017, July, Saturday, 03:50 am, 090, Wet, Y, Night, Hit Fixed Object, Not Injured, N, N
AUS, 2, 0, 0, 1, 2017, July, Saturday, 06:16 am, 050, Wet, N, Night, Hit Fixed Object, Minor Injury, N, N
AUS, 2, 0, 0, 1, 2017, July, Friday, 03:00 pm, 050, Dry, N, Daylight, Right Angle, Minor Injury, N, N
AUS, 2, 0, 0, 0, 2017, July, Friday, 11:30 pm, 080, Wet, N, Night, Hit Fixed Object, Not Injured, N, N
AUS, 2, 0, 0, 0, 2017, July, Saturday, 12:30 pm, 060, Dry, N, Daylight, Rear End, Not Injured, N, N
AUS, 3, 0, 0, 0, 2017, July, Friday, 05:30 pm, 100, Dry, N, Night, Hit Fixed Object, Not Injured, N, N
AUS, 2, 0, 0, 1, 2017, July, Saturday, 11:25 am, 080, Dry, N, Daylight, Hit Fixed Object, Minor Injury, N, N
AUS, 2, 0, 0, 1, 2017, July, Saturday, 12:40 pm, 060, Dry, N, Daylight, Right Angle, Minor Injury, N, N
AUS, 2, 0, 0, 0, 2017, July, Friday, 10:00 pm, 110, Wet, Y, Night, Hit Fixed Object, Not Injured, N, N
AUS, 2, 0, 0, 1, 2017, July, Friday, 03:15 pm, 060, Dry, N, Daylight, Right Angle, Minor Injury, N, N
AUS, 2, 0, 0, 0, 2017, July, Friday, 11:45 am, 060, Wet, N, Daylight, Rear End, Not Injured, N, N
AUS, 2, 0, 0, 1, 2017, July, Saturday, 02:05 pm, 110, Dry, N, Daylight, Side Swipe, Minor Injury, N, N
AUS, 3, 0, 1, 0, 2017, July, Saturday, 02:40 pm, 050, Dry, N, Daylight, Right Angle, Major Injury, N, N
AUS, 2, 0, 0, 0, 2017, July, Saturday, 02:45 pm, 080, Dry, N, Daylight, Right Angle, Not Injured, N, N
AUS, 2, 0, 0, 0, 2017, July, Saturday, 01:50 pm, 050, Dry, N, Daylight, Hit Fixed Object, Not Injured, N, N
AUS, 2, 0, 0, 1, 2017, July, Friday, 10:30 pm, 060, Dry, N, Night, Rear End, Minor Injury, N, N
AUS, 2, 0, 0, 0, 2017, July, Friday, 09:15 pm, 060, Dry, N, Night, Hit Fixed Object, Not Injured, N, N
AUS, 2, 0, 0, 0, 2017, July, Friday, 07:20 pm, 060, Wet, Y, Night, Hit Fixed Object, Not Injured, N, N
AUS, 3, 0, 0, 1, 2017, July, Saturday, 06:50 pm, 060, Dry, N, Night, Rear End, Minor Injury, N, N
AUS, 2, 0, 0, 1, 2017, July, Saturday, 02:24 pm, 050, Dry, N, Daylight, Right Angle, Minor Injury, N, N
AUS, 2, 0, 0, 1, 2017, July, Saturday, 05:53 pm, 080, Dry, N, Night, Rear End, Minor Injury, N, N
AUS, 2, 0, 0, 0, 2017, July, Saturday, 08:25 pm, 070, Dry, N, Night, Right Angle, Not Injured, N, N
AUS, 3, 0, 0, 1, 2017, July, Saturday, 11:20 am, 060, Dry, N, Daylight, Rear End, Minor Injury, N, N
AUS, 2, 0, 0, 0, 2017, July, Tuesday, 03:15 pm, 060, Dry, N, Daylight, Rear End, Not Injured, N, N
AUS, 4, 0, 0, 0, 2017, July, Saturday, 02:20 pm, 060, Dry, N, Daylight, Side Swipe, Not Injured, N, N
AUS, 2, 0, 0, 1, 2017, July, Sunday, 05:00 am, 110, Dry, N, Night, Hit Fixed Object, Minor Injury, Y, N
AUS, 2, 0, 0, 2, 2017, July, Sunday, 10:49 am, 060, Dry, N, Daylight, Right Angle, Minor Injury, N, N
AUS, 2, 0, 0, 0, 2017, July, Saturday, 11:20 am, 050, Dry, N, Daylight, Side Swipe, Not Injured, N, N
AUS, 2, 0, 0, 0, 2017, July, Sunday, 01:30 pm, 060, Dry, N, Daylight, Hit Fixed Object, Not Injured, N, N
AUS, 3, 0, 0, 0, 2017, July, Friday, 06:00 pm, 080, Wet, Y, Night, Rear End, Not Injured, N, N
AUS, 2, 0, 0, 0, 2017, July, Saturday, 10:15 pm, 050, Dry, N, Night, Hit Pedestrian, Not Injured, N, N
AUS, 2, 0, 0, 0, 2017, July, Sunday, 12:55 pm, 060, Dry, N, Daylight, Right Angle, Not Injured, N, N
AUS, 2, 0, 0, 0, 2017, July, Sunday, 12:45 pm, 080, Wet, N, Daylight, Rear End, Not Injured, N, N
AUS, 2, 0, 0, 1, 2017, July, Saturday, 11:30 pm, 060, Wet, N, Night, Rear End, Minor Injury, N, N
AUS, 2, 0, 0, 0, 2017, July, Sunday, 05:00 pm, 060, Wet, Y, Daylight, Right Angle, Not Injured, N, N
AUS, 2, 0, 0, 1, 2017, July, Sunday, 05:10 pm, 080, Dry, N, Daylight, Hit Fixed Object, Minor Injury, N, N
AUS, 2, 0, 0, 0, 2017, July, Sunday, 04:15 pm, 060, Wet, Y, Daylight, Right Angle, Not Injured, N, N
AUS, 2, 0, 0, 1, 2017, July, Sunday, 01:02 pm, 060, Wet, Y, Daylight, Rear End, Minor Injury, N, N
AUS, 3, 0, 0, 0, 2017, July, Sunday, 06:34 pm, 050, Wet, Y, Night, Hit Fixed Object, Not Injured, Y, N
AUS, 2, 0, 0, 0, 2017, July, Sunday, 09:30 pm, 100, Wet, N, Night, Hit Fixed Object, Not Injured, N, N
AUS, 2, 0, 0, 1, 2017, July, Sunday, 09:15 pm, 060, Wet, Y, Night, Right Angle, Minor Injury, N, N
AUS, 2, 0, 0, 0, 2017, July, Sunday, 09:25 pm, 060, Wet, Y, Night, Right Angle, Not Injured, N, N
AUS, 2, 0, 0, 0, 2017, July, Sunday, 09:00 pm, 060, Wet, Y, Night, Right Angle, Not Injured, N, N
AUS, 2, 0, 0, 0, 2017, July, Monday, 12:45 am, 100, Wet, Y, Night, Hit Fixed Object, Not Injured, N, N
AUS, 2, 0, 0, 0, 2017, July, Monday, 05:30 am, 060, Wet, Y, Night, Right Angle, Not Injured, N, N
AUS, 2, 0, 0, 1, 2017, July, Monday, 09:00 am, 100, Dry, N, Daylight, Right Angle, Minor Injury, N, N
AUS, 3, 0, 0, 1, 2017, July, Friday, 11:40 am, 080, Wet, N, Daylight, Hit Fixed Object, Minor Injury, N, Y
AUS, 2, 0, 0, 1, 2017, July, Monday, 06:20 am, 050, Wet, Y, Night, Right Angle, Minor Injury, N, N
AUS, 3, 0, 0, 0, 2017, July, Monday, 11:25 am, 060, Wet, Y, Daylight, Hit Fixed Object, Not Injured, N, N
AUS, 2, 0, 1, 0, 2017, July, Friday, 09:30 pm, 060, Dry, N, Night, Hit Pedestrian, Major Injury, N, N
AUS, 2, 0, 0, 0, 2017, July, Monday, 12:30 pm, 060, Wet, Y, Daylight, Rear End, Not Injured, N, N
AUS, 2, 0, 0, 1, 2017, July, Monday, 07:00 am, 060, Wet, Y, Night, Rear End, Minor Injury, N, N
AUS, 2, 0, 0, 0, 2017, July, Sunday, 07:45 pm, 060, Wet, Y, Night, Hit Fixed Object, Not Injured, Y, N
AUS, 2, 0, 0, 0, 2017, July, Sunday, 02:00 am, 100, Dry, N, Night, Hit Fixed Object, Not Injured, N, N
AUS, 2, 0, 0, 0, 2017, July, Monday, 11:02 am, 100, Wet, Y, Daylight, Hit Fixed Object, Not Injured, N, N
AUS, 2, 0, 0, 0, 2017, July, Monday, 02:40 pm, 050, Wet, N, Daylight, Side Swipe, Not Injured, N, N
AUS, 2, 0, 0, 0, 2017, July, Monday, 06:50 am, 060, Wet, N, Night, Rear End, Not Injured, N, N
AUS, 2, 0, 0, 0, 2017, July, Monday, 01:00 pm, 070, Wet, Y, Daylight, Rear End, Not Injured, N, N
AUS, 2, 0, 0, 0, 2017, July, Monday, 11:30 am, 110, Wet, Y, Daylight, Side Swipe, Not Injured, N, N
AUS, 2, 0, 0, 0, 2017, July, Monday, 12:00 pm, 070, Dry, N, Daylight, Side Swipe, Not Injured, N, N
AUS, 2, 0, 0, 0, 2017, July, Monday, 04:15 pm, 060, Dry, N, Daylight, Rear End, Not Injured, N, N
AUS, 2, 0, 0, 1, 2017, July, Friday, 12:30 pm, 070, Dry, N, Daylight, Rear End, Minor Injury, N, N
AUS, 2, 0, 0, 1, 2017, July, Monday, 07:30 pm, 100, Wet, Y, Night, Hit Fixed Object, Minor Injury, N, N
AUS, 3, 0, 0, 2, 2017, July, Monday, 06:05 pm, 050, Wet, N, Night, Rear End, Minor Injury, N, N
AUS, 2, 0, 0, 0, 2017, July, Monday, 10:45 pm, 050, Dry, N, Night, Right Angle, Not Injured, N, N
AUS, 2, 0, 0, 0, 2017, July, Tuesday, 05:30 am, 050, Wet, Y, Night, Hit Fixed Object, Not Injured, N, N
AUS, 2, 0, 0, 0, 2017, July, Monday, 04:20 pm, 060, Wet, Y, Daylight, Rear End, Not Injured, N, N
AUS, 3, 0, 0, 0, 2017, July, Tuesday, 06:45 am, 090, Wet, N, Night, Rear End, Not Injured, N, N
AUS, 2, 0, 0, 0, 2017, July, Tuesday, 08:45 am, 050, Wet, N, Daylight, Right Angle, Not Injured, N, N
AUS, 3, 0, 0, 0, 2017, July, Tuesday, 08:55 am, 060, Wet, Y, Daylight, Rear End, Not Injured, N, N
AUS, 2, 0, 0, 0, 2017, July, Tuesday, 09:00 am, 060, Wet, N, Daylight, Rear End, Not Injured, N, N
AUS, 2, 0, 0, 0, 2017, July, Monday, 08:50 am, 060, Wet, N, Daylight, Rear End, Not Injured, N, N
AUS, 3, 0, 0, 2, 2017, July, Tuesday, 11:18 am, 050, Wet, Y, Daylight, Hit Pedestrian, Minor Injury, N, N
AUS, 2, 0, 0, 0, 2017, July, Tuesday, 12:15 pm, 060, Wet, Y, Daylight, Right Angle, Not Injured, N, N
AUS, 2, 0, 0, 0, 2017, July, Tuesday, 12:15 pm, 080, Wet, Y, Daylight, Hit Fixed Object, Not Injured, N, N
AUS, 2, 0, 0, 2, 2017, July, Tuesday, 01:25 pm, 110, Wet, Y, Daylight, Rear End, Minor Injury, N, N
AUS, 2, 0, 0, 0, 2017, July, Tuesday, 02:16 pm, 050, Wet, N, Daylight, Right Angle, Not Injured, N, N
AUS, 2, 0, 0, 0, 2017, July, Monday, 10:45 pm, 080, Wet, Y, Night, Hit Fixed Object, Not Injured, N, N
AUS, 2, 0, 0, 0, 2017, July, Monday, 06:50 pm, 050, Wet, Y, Night, Hit Fixed Object, Not Injured, N, N
AUS, 2, 0, 0, 0, 2017, July, Tuesday, 02:10 pm, 060, Wet, Y, Daylight, Hit Fixed Object, Not Injured, N, N
AUS, 2, 0, 0, 0, 2017, July, Tuesday, 04:00 pm, 050, Wet, N, Daylight, Side Swipe, Not Injured, N, N
AUS, 2, 0, 0, 0, 2017, July, Friday, 05:00 pm, 060, Dry, N, Daylight, Rear End, Not Injured, N, N
AUS, 2, 0, 0, 0, 2017, July, Tuesday, 05:15 pm, 060, Wet, Y, Daylight, Hit Fixed Object, Not Injured, Y, N
AUS, 2, 0, 0, 0, 2017, July, Wednesday, 07:35 am, 060, Dry, N, Daylight, Rear End, Not Injured, N, N
AUS, 2, 0, 0, 0, 2017, July, Wednesday, 06:40 am, 060, Wet, N, Night, Head On, Not Injured, N, N
AUS, 2, 0, 0, 0, 2017, July, Wednesday, 07:00 am, 050, Dry, N, Night, Rear End, Not Injured, N, N
AUS, 2, 0, 0, 0, 2017, July, Wednesday, 09:35 am, 050, Dry, N, Daylight, Right Angle, Not Injured, N, N
AUS, 2, 0, 0, 0, 2017, July, Wednesday, 07:10 am, 060, Dry, N, Night, Side Swipe, Not Injured, N, N
AUS, 2, 0, 0, 1, 2017, July, Monday, 11:00 am, 060, Dry, N, Daylight, Rear End, Minor Injury, N, N
AUS, 3, 0, 0, 0, 2017, July, Wednesday, 10:05 am, 080, Wet, Y, Daylight, Right Angle, Not Injured, N, N
AUS, 2, 0, 0, 1, 2017, July, Tuesday, 11:15 am, 060, Wet, Y, Daylight, Rear End, Minor Injury, N, N
AUS, 3, 0, 0, 0, 2017, July, Wednesday, 10:35 am, 060, Dry, N, Daylight, Rear End, Not Injured, N, N
AUS, 3, 0, 0, 1, 2017, July, Wednesday, 11:15 am, 080, Dry, N, Daylight, Rear End, Minor Injury, N, N
AUS, 2, 0, 0, 1, 2017, July, Tuesday, 10:53 am, 060, Dry, N, Daylight, Right Angle, Minor Injury, N, N
AUS, 2, 0, 0, 0, 2017, July, Wednesday, 09:20 am, 060, Wet, N, Daylight, Side Swipe, Not Injured, N, N
AUS, 2, 0, 0, 0, 2017, July, Wednesday, 01:55 pm, 060, Dry, N, Daylight, Side Swipe, Not Injured, N, N
AUS, 3, 0, 0, 0, 2017, July, Wednesday, 10:10 am, 060, Dry, N, Daylight, Rear End, Not Injured, N, N
AUS, 2, 0, 0, 0, 2017, July, Wednesday, 01:40 pm, 060, Dry, N, Daylight, Right Angle, Not Injured, N, N
AUS, 3, 0, 0, 0, 2017, July, Monday, 01:45 pm, 060, Dry, N, Daylight, Rear End, Not Injured, N, N
AUS, 2, 0, 0, 0, 2017, July, Wednesday, 05:48 pm, 080, Dry, N, Night, Rear End, Not Injured, N, N
AUS, 2, 0, 1, 1, 2017, July, Wednesday, 04:15 pm, 080, Dry, N, Daylight, Right Angle, Major Injury, N, N
AUS, 2, 0, 0, 0, 2017, July, Wednesday, 04:00 pm, 070, Dry, N, Daylight, Right Angle, Not Injured, N, N
AUS, 2, 0, 0, 0, 2017, July, Wednesday, 04:30 pm, 080, Dry, N, Daylight, Hit Fixed Object, Not Injured, Y, N
AUS, 2, 0, 0, 0, 2017, July, Wednesday, 04:26 pm, 060, Dry, N, Daylight, Rear End, Not Injured, N, N
AUS, 2, 0, 0, 1, 2017, July, Wednesday, 06:10 pm, 060, Dry, N, Night, Rear End, Minor Injury, N, N
AUS, 2, 0, 0, 0, 2017, July, Wednesday, 08:50 pm, 020, Wet, N, Night, Hit Fixed Object, Not Injured, N, N
AUS, 2, 0, 0, 1, 2017, July, Wednesday, 04:25 pm, 060, Dry, N, Daylight, Right Angle, Minor Injury, N, N
AUS, 3, 0, 0, 1, 2017, July, Wednesday, 08:22 pm, 050, Dry, N, Night, Hit Fixed Object, Minor Injury, N, N
AUS, 2, 0, 0, 1, 2017, July, Thursday, 06:45 am, 070, Dry, N, Night, Right Angle, Minor Injury, N, N
AUS, 2, 0, 0, 1, 2017, July, Thursday, 07:05 am, 050, Dry, N, Night, Rear End, Minor Injury, N, N
AUS, 2, 0, 0, 3, 2017, July, Thursday, 09:50 am, 060, Dry, N, Daylight, Rear End, Minor Injury, N, N
AUS, 2, 0, 1, 0, 2017, July, Thursday, 08:05 am, 060, Dry, N, Daylight, Rear End, Major Injury, N, N
AUS, 2, 0, 0, 0, 2017, July, Thursday, 10:30 am, 060, Dry, N, Daylight, Right Angle, Not Injured, N, N
AUS, 2, 0, 0, 0, 2017, July, Thursday, 04:20 am, 100, Wet, N, Night, Hit Fixed Object, Not Injured, N, N
AUS, 2, 0, 0, 0, 2017, July, Thursday, 08:28 am, 040, Dry, N, Daylight, Side Swipe, Not Injured, N, N
AUS, 2, 0, 1, 1, 2017, July, Thursday, 10:50 am, 110, Dry, N, Daylight, Side Swipe, Major Injury, N, N
AUS, 2, 0, 0, 0, 2017, July, Thursday, 12:25 pm, 050, Dry, N, Daylight, Hit Fixed Object, Not Injured, N, N
AUS, 2, 0, 0, 0, 2017, July, Wednesday, 10:15 am, 060, Wet, Y, Daylight, Side Swipe, Not Injured, N, N
AUS, 2, 0, 0, 0, 2017, July, Thursday, 10:25 am, 060, Dry, N, Daylight, Rear End, Not Injured, N, N
AUS, 2, 0, 0, 0, 2017, July, Thursday, 03:42 pm, 060, Dry, N, Daylight, Right Angle, Not Injured, N, N
AUS, 2, 1, 0, 0, 2017, July, Thursday, 02:32 pm, 080, Dry, N, Daylight, Side Swipe, Fatal, N, N