Nation,Total Units,Total Fatalities,Total Serious Injuries,Total Minor Injuries,Year,Month,Day,Time,Speed Limit,Moisture,Adverse Weather Conditions,DayNight,Crash Type,Crash Severity,Alcohol Related ,Drug Related
AUS, 2, 0, 0, 0, 2017, August, Saturday, 10:00 pm, 060, Wet, Y, Night, Right Angle, Not Injured, N, N
AUS, 2, 0, 0, 1, 2017, August, Saturday, 10:10 pm, 050, Wet, Y, Night, Side Swipe, Minor Injury, N, N
AUS, 2, 0, 0, 0, 2017, August, Sunday, 01:00 am, 060, Wet, Y, Night, Hit Fixed Object, Not Injured, N, N
AUS, 2, 0, 0, 1, 2017, August, Saturday, 01:00 pm, 100, Dry, N, Daylight, Head On, Minor Injury, N, N
AUS, 4, 0, 0, 1, 2017, August, Saturday, 12:32 pm, 060, Dry, N, Daylight, Rear End, Minor Injury, N, N
AUS, 2, 0, 0, 1, 2017, August, Sunday, 07:25 am, 100, Wet, Y, Daylight, Hit Fixed Object, Minor Injury, N, N
AUS, 2, 0, 0, 0, 2017, August, Sunday, 08:30 am, 060, Wet, Y, Daylight, Hit Fixed Object, Not Injured, N, N
AUS, 2, 0, 0, 1, 2017, August, Sunday, 11:45 am, 060, Dry, N, Daylight, Rear End, Minor Injury, N, N
AUS, 2, 0, 0, 1, 2017, August, Sunday, 10:10 am, 080, Wet, Y, Daylight, Hit Fixed Object, Minor Injury, N, Y
AUS, 2, 0, 0, 0, 2017, August, Sunday, 10:00 am, 110, Wet, Y, Daylight, Hit Fixed Object, Not Injured, N, N
AUS, 2, 0, 0, 0, 2017, August, Saturday, 10:35 pm, 080, Wet, Y, Night, Hit Fixed Object, Not Injured, N, N
AUS, 3, 0, 0, 0, 2017, August, Saturday, 08:20 pm, 100, Wet, Y, Night, Hit Fixed Object, Not Injured, N, N
AUS, 2, 0, 0, 0, 2017, August, Saturday, 08:42 pm, 050, Wet, Y, Night, Hit Fixed Object, Not Injured, N, N
AUS, 2, 0, 0, 0, 2017, August, Saturday, 08:15 pm, 060, Wet, Y, Night, Side Swipe, Not Injured, N, N
AUS, 2, 0, 0, 0, 2017, August, Sunday, 03:10 pm, 080, Wet, Y, Daylight, Rear End, Not Injured, Y, N
AUS, 2, 0, 0, 1, 2017, August, Sunday, 04:00 pm, 100, Wet, Y, Daylight, Hit Fixed Object, Minor Injury, N, Y
AUS, 2, 0, 0, 0, 2017, August, Sunday, 07:30 pm, 090, Wet, Y, Night, Hit Fixed Object, Not Injured, N, N
AUS, 2, 0, 0, 0, 2017, August, Sunday, 09:20 pm, 050, Dry, N, Night, Head On, Not Injured, N, N
AUS, 2, 0, 0, 1, 2017, August, Sunday, 07:40 pm, 050, Dry, N, Night, Right Angle, Minor Injury, N, N
AUS, 2, 0, 0, 0, 2017, August, Sunday, 05:20 am, 050, Wet, N, Night, Hit Fixed Object, Not Injured, N, N
AUS, 2, 0, 0, 1, 2017, August, Monday, 01:00 am, 110, Wet, N, Night, Hit Fixed Object, Minor Injury, N, N
AUS, 3, 0, 0, 0, 2017, August, Sunday, 07:40 am, 050, Wet, Y, Daylight, Hit Fixed Object, Not Injured, N, N
AUS, 3, 0, 0, 0, 2017, August, Monday, 07:45 am, 060, Dry, N, Daylight, Rear End, Not Injured, N, N
AUS, 2, 0, 0, 0, 2017, August, Monday, 08:00 am, 060, Wet, N, Daylight, Right Angle, Not Injured, N, N
AUS, 2, 0, 0, 0, 2017, August, Monday, 08:50 am, 060, Wet, N, Daylight, Rear End, Not Injured, N, N
AUS, 3, 0, 0, 1, 2017, August, Monday, 08:20 am, 040, Dry, N, Daylight, Right Angle, Minor Injury, N, N
AUS, 3, 0, 0, 0, 2017, August, Monday, 09:00 am, 050, Dry, N, Daylight, Side Swipe, Not Injured, N, N
AUS, 2, 0, 0, 0, 2017, August, Monday, 09:10 am, 050, Wet, N, Daylight, Right Angle, Not Injured, N, N
AUS, 2, 0, 0, 0, 2017, August, Sunday, 10:00 am, 050, Dry, N, Daylight, Side Swipe, Not Injured, N, N
AUS, 2, 0, 0, 0, 2017, August, Friday, 07:30 pm, 100, Wet, Y, Night, Hit Fixed Object, Not Injured, N, N
AUS, 2, 0, 0, 2, 2017, August, Monday, 11:05 am, 080, Dry, N, Daylight, Right Angle, Minor Injury, N, N
AUS, 2, 0, 0, 1, 2017, August, Monday, 11:08 am, 060, Dry, N, Daylight, Rear End, Minor Injury, N, N
AUS, 2, 0, 0, 0, 2017, August, Monday, 10:00 am, 090, Dry, N, Daylight, Hit Fixed Object, Not Injured, N, N
AUS, 2, 0, 0, 1, 2017, August, Monday, 12:00 pm, 050, Dry, N, Daylight, Hit Fixed Object, Minor Injury, N, N
AUS, 2, 0, 0, 0, 2017, August, Monday, 11:15 am, 060, Dry, N, Daylight, Side Swipe, Not Injured, N, N
AUS, 2, 0, 0, 2, 2017, August, Monday, 09:35 am, 100, Wet, Y, Daylight, Rear End, Minor Injury, N, N
AUS, 2, 0, 0, 0, 2017, August, Saturday, 06:30 pm, 110, Wet, Y, Night, Hit Fixed Object, Not Injured, N, N
AUS, 2, 0, 0, 0, 2017, August, Monday, 08:30 am, 060, Dry, N, Daylight, Rear End, Not Injured, N, N
AUS, 2, 0, 0, 1, 2017, August, Saturday, 07:49 am, 050, Dry, N, Daylight, Right Angle, Minor Injury, N, N
AUS, 2, 0, 0, 1, 2017, August, Monday, 10:10 am, 100, Wet, Y, Daylight, Hit Fixed Object, Minor Injury, N, N
AUS, 2, 0, 0, 0, 2017, August, Monday, 10:30 am, 060, Dry, N, Daylight, Rear End, Not Injured, N, N
AUS, 2, 0, 0, 0, 2017, August, Monday, 01:30 pm, 060, Dry, N, Daylight, Right Angle, Not Injured, N, N
AUS, 2, 0, 0, 0, 2017, August, Monday, 02:15 pm, 060, Dry, N, Daylight, Hit Fixed Object, Not Injured, N, N
AUS, 2, 0, 0, 0, 2017, August, Monday, 06:50 am, 100, Dry, N, Night, Rear End, Not Injured, N, N
AUS, 3, 0, 0, 1, 2017, August, Monday, 03:28 pm, 060, Dry, N, Daylight, Rear End, Minor Injury, N, N
AUS, 2, 0, 0, 1, 2017, August, Monday, 03:37 pm, 050, Dry, N, Daylight, Hit Pedestrian, Minor Injury, N, N
AUS, 2, 0, 0, 0, 2017, August, Monday, 04:04 pm, 060, Dry, N, Daylight, Rear End, Not Injured, N, N
AUS, 2, 0, 0, 0, 2017, August, Monday, 03:50 pm, 050, Dry, N, Daylight, Right Angle, Not Injured, N, N
AUS, 2, 0, 0, 0, 2017, August, Monday, 04:45 pm, 050, Dry, N, Daylight, Side Swipe, Not Injured, N, N
AUS, 2, 0, 0, 0, 2017, August, Wednesday, 12:25 pm, 100, Dry, N, Daylight, Side Swipe, Not Injured, N, N
AUS, 2, 0, 0, 0, 2017, August, Monday, 02:30 pm, 080, Dry, N, Daylight, Hit Fixed Object, Not Injured, N, N
AUS, 2, 0, 0, 1, 2017, August, Monday, 06:02 pm, 050, Dry, N, Night, Rear End, Minor Injury, N, N
AUS, 2, 0, 0, 0, 2017, August, Monday, 04:49 pm, 050, Dry, N, Daylight, Right Angle, Not Injured, N, N
AUS, 2, 0, 0, 1, 2017, August, Monday, 04:00 pm, 080, Wet, N, Daylight, Right Angle, Minor Injury, N, N
AUS, 2, 0, 0, 0, 2017, August, Friday, 12:20 pm, 050, Wet, Y, Daylight, Right Angle, Not Injured, N, N
AUS, 2, 0, 0, 0, 2017, August, Monday, 04:50 pm, 050, Dry, N, Daylight, Hit Pedestrian, Not Injured, N, N
AUS, 2, 0, 0, 0, 2017, August, Monday, 05:30 pm, 050, Dry, N, Daylight, Hit Fixed Object, Not Injured, N, N
AUS, 2, 0, 1, 0, 2017, August, Sunday, 08:15 am, 100, Wet, Y, Daylight, Head On, Major Injury, N, N
AUS, 2, 0, 0, 0, 2017, August, Monday, 04:10 pm, 060, Dry, N, Daylight, Right Angle, Not Injured, N, N
AUS, 2, 0, 0, 4, 2017, August, Monday, 03:30 pm, 060, Dry, N, Daylight, Head On, Minor Injury, N, N
AUS, 2, 0, 0, 0, 2017, August, Monday, 06:55 pm, 100, Wet, N, Night, Hit Fixed Object, Not Injured, N, N
AUS, 3, 0, 0, 0, 2017, August, Tuesday, 06:15 am, 060, Wet, Y, Night, Rear End, Not Injured, N, N
AUS, 2, 0, 0, 0, 2017, August, Tuesday, 09:45 am, 060, Dry, N, Daylight, Side Swipe, Not Injured, N, N
AUS, 3, 0, 0, 3, 2017, August, Tuesday, 08:50 am, 060, Wet, Y, Daylight, Right Angle, Minor Injury, N, N
AUS, 2, 0, 0, 0, 2017, August, Tuesday, 10:45 am, 070, Dry, N, Daylight, Side Swipe, Not Injured, N, N
AUS, 2, 0, 0, 1, 2017, August, Tuesday, 11:15 am, 060, Dry, N, Daylight, Hit Pedestrian, Minor Injury, N, N
AUS, 2, 0, 0, 1, 2017, August, Tuesday, 09:45 am, 060, Dry, N, Daylight, Side Swipe, Minor Injury, N, N
AUS, 2, 0, 0, 1, 2017, August, Monday, 03:00 pm, 100, Dry, N, Daylight, Hit Fixed Object, Minor Injury, N, N
AUS, 2, 0, 0, 0, 2017, August, Saturday, 06:30 pm, 050, Dry, N, Night, Right Angle, Not Injured, N, N
AUS, 2, 0, 0, 0, 2017, August, Tuesday, 08:30 am, 050, Dry, N, Daylight, Side Swipe, Not Injured, N, N
AUS, 2, 0, 0, 0, 2017, August, Monday, 12:30 pm, 090, Dry, N, Daylight, Side Swipe, Not Injured, N, N
AUS, 2, 0, 0, 0, 2017, August, Monday, 01:05 pm, 060, Dry, N, Daylight, Right Angle, Not Injured, N, N
AUS, 2, 0, 0, 0, 2017, August, Tuesday, 12:30 pm, 080, Dry, N, Daylight, Rear End, Not Injured, N, N
AUS, 2, 0, 0, 0, 2017, August, Tuesday, 02:50 pm, 060, Dry, N, Daylight, Side Swipe, Not Injured, N, N
AUS, 2, 0, 0, 1, 2017, August, Tuesday, 03:30 pm, 100, Dry, N, Daylight, Rear End, Minor Injury, N, N
AUS, 3, 0, 2, 2, 2017, August, Tuesday, 11:15 am, 060, Dry, N, Daylight, Right Angle, Major Injury, N, N
AUS, 2, 0, 0, 1, 2017, August, Tuesday, 03:30 pm, 060, Dry, N, Daylight, Rear End, Minor Injury, N, N
AUS, 2, 0, 0, 1, 2017, June, Thursday, 06:20 am, 050, Dry, N, Night, Right Angle, Minor Injury, N, N
AUS, 2, 0, 0, 0, 2017, August, Tuesday, 05:00 pm, 060, Dry, N, Daylight, Hit Fixed Object, Not Injured, N, N
AUS, 2, 0, 0, 0, 2017, August, Tuesday, 05:25 pm, 050, Dry, N, Daylight, Right Angle, Not Injured, N, N
AUS, 2, 0, 0, 0, 2017, August, Tuesday, 05:40 pm, 050, Dry, N, Night, Right Angle, Not Injured, N, N
AUS, 2, 0, 0, 0, 2017, August, Tuesday, 04:20 pm, 060, Dry, N, Daylight, Side Swipe, Not Injured, N, N
AUS, 2, 0, 0, 0, 2017, August, Tuesday, 05:40 pm, 060, Dry, N, Night, Rear End, Not Injured, N, N
AUS, 2, 0, 0, 0, 2017, August, Tuesday, 07:25 pm, 060, Dry, N, Night, Right Angle, Not Injured, N, N
AUS, 2, 0, 0, 0, 2017, August, Tuesday, 07:25 pm, 060, Dry, N, Night, Right Angle, Not Injured, N, N
AUS, 2, 0, 0, 0, 2017, August, Friday, 08:25 pm, 050, Dry, N, Night, Hit Fixed Object, Not Injured, N, N
AUS, 2, 0, 0, 1, 2017, August, Tuesday, 02:50 pm, 070, Dry, N, Daylight, Rear End, Minor Injury, N, N
AUS, 2, 0, 0, 1, 2017, August, Wednesday, 05:30 am, 080, Dry, N, Night, Side Swipe, Minor Injury, N, N
AUS, 2, 0, 0, 0, 2017, August, Tuesday, 10:20 am, 050, Dry, N, Daylight, Right Angle, Not Injured, N, N
AUS, 2, 0, 0, 0, 2017, August, Wednesday, 08:05 am, 050, Dry, N, Daylight, Hit Fixed Object, Not Injured, N, N
AUS, 2, 0, 0, 0, 2017, August, Tuesday, 02:50 pm, 060, Dry, N, Daylight, Rear End, Not Injured, N, N
AUS, 2, 0, 0, 0, 2017, August, Wednesday, 06:10 am, 060, Dry, N, Night, Rear End, Not Injured, N, N
AUS, 2, 0, 0, 0, 2017, August, Monday, 09:40 am, 060, Wet, Y, Daylight, Hit Fixed Object, Not Injured, N, N
AUS, 2, 0, 0, 0, 2017, August, Wednesday, 09:45 am, 060, Dry, N, Daylight, Right Angle, Not Injured, N, N
AUS, 3, 0, 0, 0, 2017, August, Wednesday, 08:35 am, 080, Dry, N, Daylight, Right Angle, Not Injured, N, N
AUS, 2, 0, 0, 0, 2017, August, Wednesday, 08:45 am, 050, Dry, N, Daylight, Right Angle, Not Injured, N, N
AUS, 2, 0, 0, 0, 2017, August, Wednesday, 07:35 am, 050, Dry, N, Daylight, Side Swipe, Not Injured, N, N
AUS, 2, 0, 0, 0, 2017, August, Wednesday, 09:30 am, 050, Dry, N, Daylight, Hit Fixed Object, Not Injured, N, N
AUS, 2, 0, 0, 0, 2017, August, Wednesday, 11:20 am, 050, Dry, N, Daylight, Rear End, Not Injured, N, N
AUS, 2, 0, 0, 0, 2017, August, Wednesday, 06:45 am, 060, Dry, N, Night, Side Swipe, Not Injured, N, N
AUS, 2, 0, 0, 1, 2017, August, Wednesday, 10:30 am, 060, Dry, N, Daylight, Hit Pedestrian, Minor Injury, N, N
AUS, 2, 0, 0, 2, 2017, August, Wednesday, 02:05 pm, 050, Dry, N, Daylight, Right Angle, Minor Injury, N, N
AUS, 2, 0, 0, 0, 2017, August, Tuesday, 04:42 pm, 060, Dry, N, Daylight, Side Swipe, Not Injured, N, N
AUS, 2, 0, 0, 0, 2017, August, Wednesday, 02:55 pm, 050, Dry, N, Daylight, Right Angle, Not Injured, N, N
AUS, 3, 0, 0, 0, 2017, August, Wednesday, 03:45 pm, 050, Dry, N, Daylight, Rear End, Not Injured, N, N
AUS, 2, 0, 0, 1, 2017, August, Wednesday, 02:55 pm, 080, Dry, N, Daylight, Hit Fixed Object, Minor Injury, N, N
AUS, 2, 0, 0, 0, 2017, August, Sunday, 10:30 am, 060, Wet, Y, Daylight, Hit Fixed Object, Not Injured, N, N
AUS, 2, 0, 0, 0, 2017, August, Wednesday, 08:00 am, 060, Dry, N, Daylight, Rear End, Not Injured, N, N
AUS, 2, 0, 0, 0, 2017, August, Wednesday, 04:37 pm, 060, Dry, N, Daylight, Rear End, Not Injured, N, N
AUS, 2, 0, 0, 0, 2017, August, Wednesday, 12:30 pm, 060, Dry, N, Daylight, Rear End, Not Injured, N, N
AUS, 2, 0, 0, 2, 2017, August, Wednesday, 03:35 pm, 060, Dry, N, Daylight, Right Angle, Minor Injury, N, N
AUS, 2, 0, 0, 0, 2017, August, Wednesday, 05:45 pm, 060, Dry, N, Night, Right Angle, Not Injured, N, N
AUS, 2, 0, 0, 0, 2017, August, Wednesday, 04:26 pm, 050, Dry, N, Daylight, Right Angle, Not Injured, N, N
AUS, 2, 0, 0, 0, 2017, August, Thursday, 09:08 am, 060, Dry, N, Daylight, Side Swipe, Not Injured, N, N
AUS, 2, 0, 0, 0, 2017, August, Thursday, 08:20 am, 080, Dry, N, Daylight, Rear End, Not Injured, N, N
AUS, 2, 0, 0, 1, 2017, August, Wednesday, 11:45 am, 060, Dry, N, Daylight, Rear End, Minor Injury, N, N
AUS, 2, 0, 0, 0, 2017, August, Thursday, 08:25 am, 050, Dry, N, Daylight, Side Swipe, Not Injured, N, N
AUS, 2, 0, 0, 1, 2017, August, Thursday, 08:35 am, 050, Dry, N, Daylight, Hit Pedestrian, Minor Injury, N, N
AUS, 2, 0, 0, 1, 2017, August, Wednesday, 06:42 pm, 050, Dry, N, Night, Side Swipe, Minor Injury, N, N
AUS, 2, 0, 0, 0, 2017, August, Wednesday, 10:15 pm, 060, Dry, N, Night, Rear End, Not Injured, N, N
AUS, 2, 0, 0, 0, 2017, August, Thursday, 09:15 am, 050, Dry, N, Daylight, Right Angle, Not Injured, N, N
AUS, 2, 0, 0, 0, 2017, August, Thursday, 11:30 am, 060, Dry, N, Daylight, Side Swipe, Not Injured, N, N
AUS, 2, 0, 0, 1, 2017, August, Wednesday, 06:00 pm, 060, Dry, N, Night, Right Angle, Minor Injury, N, N
AUS, 2, 0, 0, 2, 2017, August, Thursday, 12:35 pm, 060, Dry, N, Daylight, Right Angle, Minor Injury, N, Y
AUS, 2, 0, 0, 1, 2017, July, Monday, 06:00 pm, 060, Dry, N, Night, Rear End, Minor Injury, N, N
AUS, 2, 0, 0, 0, 2017, August, Thursday, 08:40 am, 060, Dry, N, Daylight, Rear End, Not Injured, N, N
AUS, 2, 0, 0, 0, 2017, August, Thursday, 07:50 am, 110, Dry, N, Daylight, Hit Fixed Object, Not Injured, N, N
AUS, 4, 0, 0, 0, 2017, August, Wednesday, 08:28 pm, 060, Dry, N, Night, Rear End, Not Injured, N, N
AUS, 3, 0, 0, 0, 2017, August, Thursday, 03:30 pm, 060, Dry, N, Daylight, Rear End, Not Injured, N, N
AUS, 2, 0, 0, 0, 2017, August, Thursday, 03:30 pm, 080, Dry, N, Daylight, Right Angle, Not Injured, N, N
AUS, 2, 0, 0, 0, 2017, August, Wednesday, 02:40 pm, 060, Dry, N, Daylight, Right Angle, Not Injured, N, N
AUS, 2, 0, 0, 1, 2017, August, Thursday, 01:04 pm, 050, Dry, N, Daylight, Right Angle, Minor Injury, N, N
AUS, 2, 0, 0, 0, 2017, August, Monday, 04:30 pm, 050, Dry, N, Daylight, Rear End, Not Injured, N, N
AUS, 3, 0, 0, 0, 2017, August, Thursday, 03:30 pm, 060, Dry, N, Daylight, Rear End, Not Injured, N, N
AUS, 2, 0, 0, 0, 2017, August, Wednesday, 10:30 am, 060, Dry, N, Daylight, Rear End, Not Injured, N, N
AUS, 2, 0, 0, 0, 2017, August, Thursday, 05:50 pm, 050, Wet, Y, Night, Right Angle, Not Injured, N, N
AUS, 2, 0, 0, 2, 2017, August, Wednesday, 06:00 pm, 060, Dry, N, Night, Right Angle, Minor Injury, N, N
AUS, 3, 0, 0, 1, 2017, August, Wednesday, 07:00 pm, 060, Dry, N, Night, Rear End, Minor Injury, N, N
AUS, 3, 0, 0, 0, 2017, August, Thursday, 05:18 pm, 060, Dry, N, Daylight, Rear End, Not Injured, N, N
AUS, 2, 0, 0, 0, 2017, August, Thursday, 03:25 pm, 060, Dry, N, Daylight, Rear End, Not Injured, N, N
AUS, 2, 0, 0, 1, 2017, August, Thursday, 03:50 pm, 060, Dry, N, Daylight, Side Swipe, Minor Injury, N, N
AUS, 2, 0, 0, 0, 2017, August, Monday, 07:00 am, 080, Wet, N, Night, Hit Fixed Object, Not Injured, N, N
AUS, 2, 0, 0, 1, 2017, August, Thursday, 08:35 pm, 050, Dry, N, Night, Right Angle, Minor Injury, N, N
AUS, 2, 0, 0, 0, 2017, August, Thursday, 09:50 pm, 080, Dry, N, Night, Rear End, Not Injured, N, N
AUS, 2, 0, 0, 0, 2017, August, Friday, 05:30 am, 060, Dry, N, Night, Hit Fixed Object, Not Injured, N, N
AUS, 2, 0, 0, 0, 2017, August, Friday, 07:15 am, 060, Dry, N, Daylight, Side Swipe, Not Injured, N, N
AUS, 2, 0, 1, 0, 2017, August, Friday, 07:00 am, 060, Dry, N, Night, Head On, Major Injury, N, Y
AUS, 2, 0, 0, 0, 2017, August, Thursday, 01:00 pm, 060, Dry, N, Daylight, Side Swipe, Not Injured, N, N
AUS, 2, 0, 0, 0, 2017, August, Friday, 08:20 am, 060, Dry, N, Daylight, Side Swipe, Not Injured, N, N
AUS, 3, 0, 0, 0, 2017, August, Friday, 06:15 am, 060, Dry, N, Night, Rear End, Not Injured, N, N
AUS, 2, 0, 0, 0, 2017, August, Thursday, 10:30 pm, 080, Wet, Y, Night, Hit Fixed Object, Not Injured, N, N
AUS, 2, 0, 0, 2, 2017, August, Friday, 09:40 am, 060, Dry, N, Daylight, Right Angle, Minor Injury, N, N
AUS, 2, 0, 0, 1, 2017, August, Friday, 09:05 am, 060, Dry, N, Daylight, Hit Pedestrian, Minor Injury, N, N
AUS, 3, 0, 0, 0, 2017, August, Friday, 08:40 am, 060, Dry, N, Daylight, Rear End, Not Injured, N, N
AUS, 2, 0, 0, 0, 2017, August, Friday, 07:30 am, 060, Dry, N, Daylight, Right Angle, Not Injured, N, N
AUS, 2, 0, 0, 2, 2017, August, Thursday, 09:00 pm, 050, Dry, N, Night, Right Angle, Minor Injury, N, N
AUS, 2, 0, 0, 0, 2017, August, Friday, 08:25 am, 060, Dry, N, Daylight, Side Swipe, Not Injured, N, N
AUS, 3, 0, 0, 1, 2017, August, Wednesday, 06:55 pm, 050, Dry, N, Night, Head On, Minor Injury, Y, N
AUS, 2, 0, 0, 0, 2017, August, Friday, 12:05 pm, 060, Dry, N, Daylight, Rear End, Not Injured, N, N
AUS, 3, 0, 0, 0, 2017, August, Friday, 09:30 am, 060, Dry, N, Daylight, Rear End, Not Injured, N, N
AUS, 2, 0, 0, 1, 2017, August, Friday, 10:25 am, 060, Dry, N, Daylight, Rear End, Minor Injury, N, N
AUS, 2, 0, 0, 0, 2017, August, Friday, 02:00 pm, 060, Dry, N, Daylight, Right Angle, Not Injured, N, N
AUS, 2, 0, 0, 0, 2017, August, Friday, 08:50 am, 060, Dry, N, Daylight, Side Swipe, Not Injured, N, N
AUS, 3, 0, 0, 0, 2017, August, Friday, 03:07 pm, 060, Dry, N, Daylight, Right Angle, Not Injured, N, N
AUS, 4, 0, 0, 0, 2017, August, Thursday, 07:10 pm, 060, Dry, N, Night, Rear End, Not Injured, N, N
AUS, 2, 0, 0, 1, 2017, August, Friday, 11:15 am, 050, Dry, N, Daylight, Right Angle, Minor Injury, N, N
AUS, 2, 0, 1, 1, 2017, August, Friday, 03:10 pm, 080, Dry, N, Daylight, Hit Fixed Object, Major Injury, N, N
AUS, 2, 0, 0, 0, 2017, August, Thursday, 01:20 pm, 060, Dry, N, Daylight, Side Swipe, Not Injured, N, N
AUS, 2, 0, 0, 1, 2017, August, Thursday, 03:00 pm, 050, Dry, N, Daylight, Right Angle, Minor Injury, N, N
AUS, 2, 0, 0, 1, 2017, August, Friday, 05:00 pm, 050, Dry, N, Daylight, Right Angle, Minor Injury, N, N
AUS, 3, 0, 0, 1, 2017, August, Friday, 05:20 pm, 060, Dry, N, Daylight, Rear End, Minor Injury, N, N
AUS, 2, 0, 0, 0, 2017, August, Friday, 06:00 pm, 060, Dry, N, Night, Right Angle, Not Injured, N, N
AUS, 2, 0, 0, 1, 2017, August, Friday, 06:20 pm, 090, Dry, N, Night, Right Angle, Minor Injury, N, N
AUS, 2, 0, 0, 0, 2017, August, Friday, 05:15 pm, 050, Dry, N, Daylight, Right Angle, Not Injured, N, N
AUS, 2, 0, 0, 0, 2017, August, Friday, 08:53 pm, 050, Dry, N, Night, Hit Fixed Object, Not Injured, Y, N
AUS, 3, 0, 0, 0, 2017, August, Friday, 06:55 pm, 100, Dry, N, Night, Hit Fixed Object, Not Injured, N, Y
AUS, 2, 0, 0, 0, 2017, August, Saturday, 06:20 am, 080, Wet, N, Night, Hit Fixed Object, Not Injured, Y, N
AUS, 7, 0, 0, 1, 2017, August, Saturday, 08:40 am, 060, Dry, N, Daylight, Side Swipe, Minor Injury, N, N
AUS, 2, 0, 0, 0, 2017, August, Saturday, 09:33 am, 050, Dry, N, Daylight, Hit Fixed Object, Not Injured, N, N
AUS, 2, 0, 0, 1, 2017, August, Friday, 03:50 pm, 060, Dry, N, Daylight, Rear End, Minor Injury, N, N
AUS, 2, 0, 0, 0, 2017, August, Saturday, 08:15 am, 060, Dry, N, Daylight, Hit Fixed Object, Not Injured, N, N
AUS, 4, 0, 0, 1, 2017, August, Saturday, 08:00 am, 060, Dry, N, Daylight, Rear End, Minor Injury, N, N
AUS, 3, 0, 0, 1, 2017, August, Saturday, 11:55 am, 060, Dry, N, Daylight, Rear End, Minor Injury, N, N
AUS, 2, 0, 0, 1, 2017, August, Thursday, 12:49 pm, 050, Dry, N, Daylight, Rear End, Minor Injury, N, N
AUS, 2, 0, 0, 2, 2017, August, Saturday, 01:43 am, 070, Dry, N, Night, Rear End, Minor Injury, N, N
AUS, 2, 0, 0, 0, 2017, August, Saturday, 12:30 am, 050, Dry, N, Night, Hit Fixed Object, Not Injured, N, N
AUS, 2, 0, 0, 2, 2017, August, Saturday, 07:15 am, 100, Dry, N, Daylight, Head On, Minor Injury, N, N
AUS, 4, 0, 0, 0, 2017, August, Friday, 08:25 pm, 060, Dry, N, Night, Rear End, Not Injured, N, N
AUS, 2, 0, 0, 0, 2017, August, Saturday, 11:35 am, 060, Dry, N, Daylight, Hit Fixed Object, Not Injured, N, N
AUS, 2, 0, 0, 0, 2017, August, Saturday, 10:29 am, 050, Dry, N, Daylight, Right Angle, Not Injured, N, N
AUS, 2, 0, 0, 0, 2017, August, Saturday, 01:25 pm, 060, Dry, N, Daylight, Side Swipe, Not Injured, N, N
AUS, 2, 2, 0, 0, 2017, August, Saturday, 04:10 am, 100, Dry, N, Night, Hit Fixed Object, Fatal, Y, N
AUS, 2, 0, 0, 0, 2017, August, Friday, 05:15 pm, 060, Dry, N, Daylight, Right Angle, Not Injured, N, N
AUS, 2, 0, 0, 4, 2017, August, Saturday, 04:00 pm, 060, Dry, N, Daylight, Side Swipe, Minor Injury, N, N
AUS, 2, 0, 0, 0, 2017, August, Friday, 10:05 pm, 110, Dry, N, Night, Hit Fixed Object, Not Injured, N, N
AUS, 2, 0, 0, 1, 2017, August, Saturday, 11:30 pm, 080, Dry, N, Night, Hit Fixed Object, Minor Injury, N, N
AUS, 2, 0, 0, 0, 2017, August, Sunday, 02:15 am, 050, Dry, N, Night, Hit Fixed Object, Not Injured, N, N
AUS, 2, 0, 0, 0, 2017, August, Sunday, 07:35 am, 060, Dry, N, Daylight, Right Angle, Not Injured, N, N
AUS, 2, 0, 0, 0, 2017, August, Sunday, 08:20 am, 050, Dry, N, Daylight, Right Angle, Not Injured, N, N
AUS, 2, 0, 0, 0, 2017, August, Sunday, 09:44 am, 060, Dry, N, Daylight, Hit Fixed Object, Not Injured, N, N
AUS, 2, 0, 0, 0, 2017, August, Saturday, 11:45 pm, 050, Dry, N, Night, Rear End, Not Injured, N, N
AUS, 2, 0, 0, 0, 2017, August, Sunday, 10:43 am, 080, Dry, N, Daylight, Rear End, Not Injured, N, N
AUS, 2, 0, 0, 0, 2017, August, Saturday, 06:30 pm, 100, Wet, N, Night, Hit Fixed Object, Not Injured, N, N
AUS, 3, 0, 0, 0, 2017, August, Sunday, 12:25 pm, 060, Dry, N, Daylight, Rear End, Not Injured, N, N
AUS, 2, 0, 0, 0, 2017, August, Friday, 05:00 pm, 110, Dry, N, Daylight, Hit Fixed Object, Not Injured, N, N
AUS, 3, 1, 0, 0, 2017, August, Sunday, 01:05 pm, 080, Dry, N, Daylight, Hit Fixed Object, Fatal, N, N
AUS, 2, 0, 0, 0, 2017, August, Saturday, 06:00 pm, 060, Dry, N, Night, Head On, Not Injured, N, N
AUS, 2, 0, 0, 0, 2017, August, Saturday, 03:15 pm, 060, Dry, N, Daylight, Side Swipe, Not Injured, N, N
AUS, 3, 0, 0, 1, 2017, August, Saturday, 08:25 pm, 050, Dry, N, Night, Hit Fixed Object, Minor Injury, Y, N
AUS, 2, 0, 0, 2, 2017, August, Sunday, 05:05 pm, 080, Dry, N, Daylight, Rear End, Minor Injury, N, N
AUS, 2, 0, 0, 0, 2017, August, Sunday, 07:30 pm, 060, Dry, N, Night, Right Angle, Not Injured, N, N
AUS, 2, 0, 0, 0, 2017, August, Saturday, 07:30 pm, 050, Dry, N, Night, Hit Pedestrian, Not Injured, N, N