Nation,Total Units,Total Fatalities,Total Serious Injuries,Total Minor Injuries,Year,Month,Day,Time,Speed Limit,Moisture,Adverse Weather Conditions,DayNight,Crash Type,Crash Severity,Alcohol Related ,Drug Related
AUS, 2, 0, 0, 0, 2017, August, Sunday, 02:25 pm, 050, Dry, N, Daylight, Head On, Not Injured, N, N
AUS, 2, 0, 0, 0, 2017, August, Sunday, 06:22 pm, 050, Dry, N, Night, Right Angle, Not Injured, N, N
AUS, 2, 0, 0, 0, 2017, August, Sunday, 07:20 pm, 110, Dry, N, Night, Hit Fixed Object, Not Injured, N, N
AUS, 2, 0, 0, 1, 2017, August, Sunday, 10:00 am, 080, Dry, N, Daylight, Head On, Minor Injury, N, N
AUS, 2, 0, 0, 0, 2017, August, Sunday, 01:00 pm, 060, Dry, N, Daylight, Rear End, Not Injured, N, N
AUS, 2, 0, 0, 1, 2017, August, Sunday, 01:00 pm, 050, Dry, N, Daylight, Right Angle, Minor Injury, N, N
AUS, 2, 0, 0, 1, 2017, August, Sunday, 12:15 pm, 060, Dry, N, Daylight, Rear End, Minor Injury, N, N
AUS, 3, 0, 0, 0, 2017, August, Sunday, 01:03 pm, 060, Dry, N, Daylight, Rear End, Not Injured, N, N
AUS, 2, 0, 0, 1, 2017, August, Monday, 08:30 am, 060, Dry, N, Daylight, Right Angle, Minor Injury, N, N
AUS, 2, 0, 0, 1, 2017, August, Sunday, 02:00 pm, 050, Dry, N, Daylight, Right Angle, Minor Injury, N, N
AUS, 2, 0, 0, 1, 2017, August, Monday, 01:37 pm, 090, Dry, N, Daylight, Rear End, Minor Injury, N, N
AUS, 2, 0, 0, 1, 2017, August, Monday, 08:25 am, 060, Dry, N, Daylight, Rear End, Minor Injury, N, N
AUS, 2, 0, 1, 1, 2017, August, Saturday, 05:45 pm, 050, Dry, N, Night, Hit Fixed Object, Major Injury, Y, Y
AUS, 2, 0, 0, 1, 2017, August, Monday, 08:35 am, 060, Dry, N, Daylight, Rear End, Minor Injury, N, N
AUS, 2, 0, 0, 0, 2017, August, Saturday, 11:30 am, 080, Dry, N, Daylight, Right Angle, Not Injured, N, N
AUS, 2, 0, 0, 1, 2017, August, Sunday, 03:30 pm, 060, Dry, N, Daylight, Rear End, Minor Injury, N, N
AUS, 2, 0, 0, 0, 2017, August, Sunday, 07:00 pm, 050, Dry, N, Night, Side Swipe, Not Injured, N, N
AUS, 2, 0, 0, 0, 2017, August, Monday, 03:23 pm, 060, Dry, N, Daylight, Side Swipe, Not Injured, N, N
AUS, 2, 0, 0, 0, 2017, August, Friday, 10:00 am, 060, Dry, N, Daylight, Rear End, Not Injured, N, N
AUS, 3, 0, 0, 0, 2017, August, Monday, 03:30 pm, 060, Dry, N, Daylight, Rear End, Not Injured, N, N
AUS, 3, 0, 0, 0, 2017, August, Tuesday, 05:05 pm, 060, Wet, Y, Daylight, Rear End, Not Injured, N, N
AUS, 2, 0, 0, 0, 2017, August, Monday, 05:12 pm, 090, Dry, N, Daylight, Side Swipe, Not Injured, N, N
AUS, 2, 0, 0, 1, 2017, August, Monday, 05:45 pm, 060, Dry, N, Night, Right Angle, Minor Injury, N, N
AUS, 2, 0, 0, 0, 2017, August, Monday, 01:15 pm, 110, Dry, N, Daylight, Hit Fixed Object, Not Injured, N, N
AUS, 4, 0, 0, 0, 2017, August, Monday, 06:10 pm, 050, Dry, N, Night, Rear End, Not Injured, N, N
AUS, 2, 0, 0, 0, 2017, August, Monday, 06:53 pm, 060, Dry, N, Night, Side Swipe, Not Injured, N, N
AUS, 4, 0, 0, 0, 2017, August, Monday, 05:10 pm, 060, Dry, N, Daylight, Rear End, Not Injured, N, N
AUS, 2, 0, 0, 1, 2017, August, Monday, 08:50 pm, 060, Dry, N, Night, Hit Pedestrian, Minor Injury, N, N
AUS, 2, 1, 1, 0, 2017, August, Monday, 07:46 pm, 060, Wet, Y, Night, Right Angle, Fatal, N, N
AUS, 2, 0, 0, 0, 2017, August, Tuesday, 02:50 am, 050, Wet, Y, Night, Hit Fixed Object, Not Injured, N, N
AUS, 2, 0, 0, 2, 2017, August, Tuesday, 05:00 am, 060, Wet, Y, Night, Hit Fixed Object, Minor Injury, N, Y
AUS, 2, 0, 0, 0, 2017, August, Monday, 09:02 pm, 070, Dry, N, Night, Side Swipe, Not Injured, N, N
AUS, 2, 0, 0, 0, 2017, August, Tuesday, 06:45 am, 060, Wet, Y, Night, Side Swipe, Not Injured, N, N
AUS, 2, 0, 0, 0, 2017, August, Monday, 02:10 pm, 060, Dry, N, Daylight, Rear End, Not Injured, N, N
AUS, 2, 0, 0, 0, 2017, August, Tuesday, 08:15 am, 080, Wet, Y, Daylight, Rear End, Not Injured, N, N
AUS, 3, 0, 0, 1, 2017, August, Friday, 11:30 am, 060, Dry, N, Daylight, Rear End, Minor Injury, N, N
AUS, 3, 0, 0, 1, 2017, August, Tuesday, 08:20 am, 060, Wet, Y, Daylight, Rear End, Minor Injury, N, N
AUS, 3, 0, 0, 0, 2017, August, Saturday, 09:15 am, 050, Dry, N, Daylight, Side Swipe, Not Injured, N, N
AUS, 3, 0, 0, 2, 2017, August, Tuesday, 09:05 am, 060, Wet, Y, Daylight, Rear End, Minor Injury, N, N
AUS, 2, 0, 0, 0, 2017, August, Monday, 05:20 pm, 060, Dry, N, Daylight, Side Swipe, Not Injured, N, N
AUS, 2, 0, 0, 0, 2017, August, Saturday, 03:15 pm, 060, Dry, N, Daylight, Right Angle, Not Injured, N, N
AUS, 2, 0, 0, 0, 2017, August, Tuesday, 09:55 am, 080, Wet, Y, Daylight, Right Angle, Not Injured, N, N
AUS, 3, 0, 0, 0, 2017, August, Tuesday, 08:30 am, 060, Wet, Y, Daylight, Rear End, Not Injured, N, N
AUS, 2, 0, 0, 1, 2017, August, Monday, 06:15 pm, 060, Wet, Y, Night, Side Swipe, Minor Injury, N, N
AUS, 2, 0, 0, 1, 2017, August, Tuesday, 11:07 am, 060, Wet, Y, Daylight, Hit Fixed Object, Minor Injury, N, N
AUS, 2, 0, 0, 0, 2017, August, Tuesday, 11:30 am, 060, Wet, N, Daylight, Side Swipe, Not Injured, N, N
AUS, 3, 0, 0, 2, 2017, August, Tuesday, 11:55 am, 060, Wet, Y, Daylight, Rear End, Minor Injury, N, N
AUS, 2, 0, 0, 1, 2017, March, Thursday, 11:30 am, 060, Dry, N, Daylight, Rear End, Minor Injury, N, N
AUS, 2, 0, 0, 0, 2017, August, Tuesday, 09:10 am, 060, Wet, N, Daylight, Side Swipe, Not Injured, N, N
AUS, 2, 0, 0, 0, 2017, August, Tuesday, 02:20 pm, 060, Wet, Y, Daylight, Right Angle, Not Injured, N, N
AUS, 2, 0, 0, 0, 2017, August, Tuesday, 03:15 pm, 050, Wet, Y, Daylight, Rear End, Not Injured, N, N
AUS, 2, 0, 0, 0, 2017, August, Tuesday, 04:16 pm, 050, Wet, N, Daylight, Side Swipe, Not Injured, N, N
AUS, 2, 0, 0, 0, 2017, August, Tuesday, 04:25 pm, 060, Wet, Y, Daylight, Hit Fixed Object, Not Injured, N, N
AUS, 2, 0, 0, 2, 2017, August, Tuesday, 03:00 pm, 060, Wet, Y, Daylight, Right Angle, Minor Injury, N, N
AUS, 2, 0, 0, 0, 2017, August, Tuesday, 02:00 pm, 080, Wet, Y, Daylight, Head On, Not Injured, N, N
AUS, 2, 0, 0, 0, 2017, August, Tuesday, 11:50 am, 040, Wet, Y, Daylight, Right Angle, Not Injured, N, N
AUS, 2, 0, 0, 0, 2017, August, Tuesday, 03:45 pm, 060, Wet, Y, Daylight, Side Swipe, Not Injured, N, N
AUS, 2, 0, 1, 0, 2017, August, Tuesday, 01:00 pm, 050, Wet, Y, Daylight, Hit Pedestrian, Major Injury, N, N
AUS, 2, 0, 0, 2, 2017, August, Tuesday, 11:10 am, 080, Wet, Y, Daylight, Rear End, Minor Injury, N, N
AUS, 2, 0, 0, 0, 2017, August, Tuesday, 06:40 pm, 050, Wet, N, Night, Rear End, Not Injured, N, N
AUS, 2, 0, 0, 0, 2017, August, Tuesday, 05:45 pm, 060, Wet, N, Night, Rear End, Not Injured, N, N
AUS, 2, 0, 0, 0, 2017, August, Tuesday, 06:23 pm, 100, Wet, Y, Night, Rear End, Not Injured, N, N
AUS, 2, 0, 0, 1, 2017, August, Tuesday, 09:30 am, 050, Wet, Y, Daylight, Side Swipe, Minor Injury, N, N
AUS, 3, 0, 0, 0, 2017, August, Tuesday, 05:50 pm, 080, Wet, Y, Night, Rear End, Not Injured, N, N
AUS, 2, 0, 0, 1, 2017, August, Sunday, 11:00 am, 110, Dry, N, Daylight, Hit Fixed Object, Minor Injury, N, N
AUS, 2, 0, 1, 1, 2017, August, Tuesday, 10:10 pm, 060, Dry, N, Night, Side Swipe, Major Injury, N, N
AUS, 2, 0, 0, 1, 2017, August, Tuesday, 07:00 pm, 100, Dry, N, Night, Hit Fixed Object, Minor Injury, N, N
AUS, 2, 0, 0, 1, 2017, August, Wednesday, 12:00 am, 060, Dry, N, Night, Hit Fixed Object, Minor Injury, Y, N
AUS, 2, 0, 0, 0, 2017, August, Wednesday, 03:52 am, 050, Dry, N, Night, Hit Fixed Object, Not Injured, N, N
AUS, 2, 0, 0, 0, 2017, August, Thursday, 08:30 am, 060, Dry, N, Daylight, Rear End, Not Injured, N, N
AUS, 2, 0, 0, 1, 2017, August, Wednesday, 06:40 am, 090, Wet, N, Night, Hit Fixed Object, Minor Injury, N, N
AUS, 2, 0, 0, 0, 2017, August, Wednesday, 08:15 am, 050, Wet, Y, Daylight, Right Angle, Not Injured, N, N
AUS, 2, 0, 0, 2, 2017, July, Sunday, 08:25 am, 060, Dry, N, Daylight, Rear End, Minor Injury, N, N
AUS, 2, 0, 0, 0, 2017, August, Tuesday, 10:45 pm, 060, Wet, Y, Night, Hit Fixed Object, Not Injured, N, N
AUS, 2, 0, 0, 1, 2017, August, Tuesday, 12:05 pm, 060, Wet, Y, Daylight, Right Angle, Minor Injury, N, N
AUS, 3, 0, 0, 1, 2017, August, Tuesday, 04:15 pm, 060, Wet, Y, Daylight, Rear End, Minor Injury, N, N
AUS, 2, 0, 0, 1, 2017, August, Wednesday, 10:40 am, 060, Wet, N, Daylight, Rear End, Minor Injury, N, N
AUS, 2, 0, 0, 0, 2017, August, Tuesday, 04:00 pm, 090, Wet, Y, Daylight, Side Swipe, Not Injured, N, N
AUS, 2, 0, 0, 2, 2017, August, Wednesday, 10:50 am, 060, Dry, N, Daylight, Right Angle, Minor Injury, N, N
AUS, 2, 0, 0, 0, 2017, August, Wednesday, 12:15 pm, 050, Dry, N, Daylight, Hit Fixed Object, Not Injured, N, N
AUS, 2, 0, 0, 0, 2017, August, Wednesday, 01:15 pm, 050, Dry, N, Daylight, Right Angle, Not Injured, N, N
AUS, 2, 0, 0, 1, 2017, January, Thursday, 12:30 pm, 050, Dry, N, Daylight, Right Angle, Minor Injury, N, N
AUS, 2, 0, 0, 0, 2017, August, Wednesday, 02:15 pm, 050, Dry, N, Daylight, Hit Fixed Object, Not Injured, N, N
AUS, 2, 0, 0, 0, 2017, August, Tuesday, 10:00 pm, 050, Wet, Y, Night, Hit Fixed Object, Not Injured, N, N
AUS, 2, 0, 0, 0, 2017, August, Wednesday, 02:00 pm, 060, Dry, N, Daylight, Right Angle, Not Injured, N, N
AUS, 3, 0, 0, 1, 2017, August, Wednesday, 05:30 pm, 060, Wet, Y, Daylight, Rear End, Minor Injury, N, N
AUS, 2, 0, 1, 1, 2017, August, Tuesday, 01:20 pm, 110, Wet, Y, Daylight, Head On, Major Injury, N, N
AUS, 3, 0, 0, 1, 2017, August, Wednesday, 06:25 pm, 060, Wet, Y, Night, Rear End, Minor Injury, N, N
AUS, 3, 0, 0, 0, 2017, August, Wednesday, 08:30 am, 060, Dry, N, Daylight, Rear End, Not Injured, N, N
AUS, 2, 0, 0, 0, 2017, August, Tuesday, 02:20 pm, 090, Wet, Y, Daylight, Rear End, Not Injured, N, N
AUS, 3, 0, 0, 0, 2017, August, Wednesday, 01:30 pm, 080, Dry, N, Daylight, Hit Fixed Object, Not Injured, N, N
AUS, 2, 0, 0, 2, 2017, August, Thursday, 08:22 am, 060, Dry, N, Daylight, Right Angle, Minor Injury, N, N
AUS, 2, 0, 0, 1, 2017, August, Wednesday, 10:15 pm, 060, Wet, Y, Night, Side Swipe, Minor Injury, N, N
AUS, 2, 0, 0, 0, 2017, August, Thursday, 08:33 am, 050, Dry, N, Daylight, Right Angle, Not Injured, N, N
AUS, 2, 0, 0, 0, 2017, August, Thursday, 11:00 am, 060, Dry, N, Daylight, Rear End, Not Injured, N, N
AUS, 2, 0, 0, 0, 2017, August, Thursday, 08:07 am, 040, Dry, N, Daylight, Hit Fixed Object, Not Injured, N, N
AUS, 2, 0, 0, 1, 2017, August, Thursday, 09:20 am, 070, Wet, Y, Daylight, Right Angle, Minor Injury, N, N
AUS, 2, 0, 0, 1, 2017, August, Wednesday, 07:05 pm, 060, Dry, N, Night, Rear End, Minor Injury, N, N
AUS, 2, 0, 0, 0, 2017, August, Thursday, 10:00 am, 040, Dry, N, Daylight, Right Angle, Not Injured, N, N
AUS, 2, 0, 0, 0, 2017, August, Thursday, 06:00 am, 060, Dry, N, Night, Right Angle, Not Injured, N, N
AUS, 2, 0, 0, 0, 2017, August, Wednesday, 06:50 pm, 060, Wet, N, Night, Right Angle, Not Injured, N, N
AUS, 2, 0, 0, 0, 2017, August, Wednesday, 03:00 pm, 060, Dry, N, Daylight, Side Swipe, Not Injured, N, N
AUS, 2, 0, 0, 0, 2017, August, Thursday, 09:00 am, 090, Wet, Y, Daylight, Hit Fixed Object, Not Injured, N, N
AUS, 2, 0, 0, 0, 2017, August, Thursday, 07:00 am, 060, Dry, N, Daylight, Rear End, Not Injured, N, N
AUS, 2, 0, 0, 0, 2017, August, Wednesday, 10:30 pm, 050, Wet, Y, Night, Hit Fixed Object, Not Injured, N, N
AUS, 2, 0, 0, 1, 2017, August, Thursday, 02:38 pm, 060, Dry, N, Daylight, Right Angle, Minor Injury, N, N
AUS, 2, 0, 0, 0, 2017, August, Thursday, 08:15 am, 050, Dry, N, Daylight, Side Swipe, Not Injured, N, N
AUS, 2, 0, 0, 0, 2017, August, Thursday, 02:30 pm, 080, Dry, N, Daylight, Rear End, Not Injured, N, N
AUS, 2, 0, 0, 1, 2017, August, Thursday, 03:55 pm, 050, Dry, N, Daylight, Right Angle, Minor Injury, N, N
AUS, 3, 0, 0, 1, 2017, August, Thursday, 03:20 pm, 060, Dry, N, Daylight, Rear End, Minor Injury, N, N
AUS, 2, 0, 0, 0, 2017, August, Thursday, 04:30 pm, 060, Wet, Y, Daylight, Right Angle, Not Injured, N, N
AUS, 2, 0, 0, 0, 2017, August, Thursday, 04:15 pm, 060, Dry, N, Daylight, Side Swipe, Not Injured, N, N
AUS, 2, 0, 0, 0, 2017, August, Wednesday, 02:00 pm, 060, Dry, N, Daylight, Rear End, Not Injured, N, N
AUS, 2, 0, 0, 0, 2017, August, Thursday, 01:25 pm, 040, Dry, N, Daylight, Side Swipe, Not Injured, N, N
AUS, 2, 0, 0, 1, 2017, August, Thursday, 04:10 pm, 050, Wet, Y, Daylight, Hit Pedestrian, Minor Injury, N, N
AUS, 3, 0, 0, 0, 2017, August, Thursday, 03:25 pm, 060, Dry, N, Daylight, Rear End, Not Injured, N, N
AUS, 2, 0, 0, 0, 2017, August, Thursday, 02:08 pm, 060, Dry, N, Daylight, Right Angle, Not Injured, N, N
AUS, 2, 0, 0, 1, 2017, August, Thursday, 02:30 pm, 060, Wet, Y, Daylight, Rear End, Minor Injury, N, N
AUS, 2, 0, 0, 0, 2017, August, Thursday, 08:20 pm, 060, Wet, N, Night, Right Angle, Not Injured, N, N
AUS, 3, 0, 0, 1, 2017, August, Thursday, 04:25 pm, 060, Dry, N, Daylight, Rear End, Minor Injury, N, N
AUS, 2, 0, 0, 0, 2017, August, Friday, 03:22 am, 080, Dry, N, Night, Hit Fixed Object, Not Injured, N, N
AUS, 2, 0, 0, 0, 2017, August, Friday, 03:40 am, 050, Dry, N, Night, Hit Fixed Object, Not Injured, N, N
AUS, 2, 0, 0, 0, 2017, August, Thursday, 03:10 pm, 060, Wet, N, Daylight, Right Angle, Not Injured, N, N
AUS, 3, 0, 0, 0, 2017, August, Friday, 09:35 am, 050, Dry, N, Daylight, Rear End, Not Injured, N, N
AUS, 2, 0, 0, 0, 2017, August, Friday, 05:45 am, 050, Wet, N, Night, Hit Fixed Object, Not Injured, N, N
AUS, 4, 0, 0, 0, 2017, August, Thursday, 09:11 am, 060, Dry, N, Daylight, Rear End, Not Injured, N, N
AUS, 2, 0, 0, 1, 2017, August, Friday, 09:09 am, 100, Wet, Y, Daylight, Hit Fixed Object, Minor Injury, N, N
AUS, 2, 0, 0, 1, 2017, August, Friday, 09:50 am, 050, Dry, N, Daylight, Right Angle, Minor Injury, N, N
AUS, 2, 0, 0, 1, 2017, August, Friday, 08:45 am, 050, Dry, N, Daylight, Side Swipe, Minor Injury, N, N
AUS, 2, 0, 0, 0, 2017, August, Friday, 12:57 pm, 060, Dry, N, Daylight, Right Angle, Not Injured, N, N
AUS, 2, 0, 0, 0, 2017, August, Friday, 12:45 pm, 050, Wet, N, Daylight, Right Angle, Not Injured, N, N
AUS, 3, 0, 0, 0, 2017, August, Friday, 01:15 pm, 080, Dry, N, Daylight, Side Swipe, Not Injured, N, N
AUS, 3, 0, 0, 1, 2017, August, Thursday, 05:20 pm, 060, Dry, N, Daylight, Rear End, Minor Injury, N, N
AUS, 3, 0, 0, 1, 2017, August, Friday, 03:15 pm, 060, Dry, N, Daylight, Rear End, Minor Injury, N, N
AUS, 2, 0, 0, 0, 2017, August, Thursday, 03:00 pm, 050, Dry, N, Daylight, Rear End, Not Injured, N, N
AUS, 2, 0, 0, 0, 2017, August, Friday, 04:00 pm, 060, Dry, N, Daylight, Rear End, Not Injured, N, N
AUS, 2, 0, 0, 0, 2017, August, Friday, 04:04 pm, 060, Wet, Y, Daylight, Side Swipe, Not Injured, N, N
AUS, 3, 0, 0, 1, 2017, August, Friday, 04:30 pm, 060, Wet, Y, Daylight, Rear End, Minor Injury, N, N
AUS, 2, 0, 0, 0, 2017, August, Friday, 05:10 pm, 050, Wet, Y, Daylight, Rear End, Not Injured, N, N
AUS, 2, 0, 0, 0, 2017, August, Friday, 08:35 am, 060, Dry, N, Daylight, Side Swipe, Not Injured, N, N
AUS, 3, 0, 0, 0, 2017, August, Friday, 06:45 pm, 060, Wet, N, Night, Rear End, Not Injured, N, N
AUS, 2, 1, 0, 0, 2017, August, Friday, 03:30 pm, 060, Dry, N, Daylight, Right Angle, Fatal, Y, N
AUS, 2, 0, 0, 1, 2017, August, Friday, 06:50 pm, 110, Dry, N, Night, Hit Fixed Object, Minor Injury, N, N
AUS, 2, 0, 0, 0, 2017, August, Friday, 07:50 pm, 060, Wet, N, Night, Rear End, Not Injured, N, N
AUS, 4, 0, 0, 1, 2017, August, Friday, 06:20 pm, 110, Wet, N, Night, Right Angle, Minor Injury, N, N
AUS, 3, 0, 0, 0, 2017, August, Friday, 08:00 pm, 060, Wet, Y, Night, Rear End, Not Injured, N, N
AUS, 2, 0, 1, 0, 2017, August, Friday, 06:00 pm, 100, Dry, N, Night, Hit Fixed Object, Major Injury, N, N
AUS, 2, 0, 0, 3, 2017, August, Friday, 10:15 pm, 080, Wet, N, Night, Hit Fixed Object, Minor Injury, N, N
AUS, 2, 0, 0, 0, 2017, August, Saturday, 02:30 am, 060, Dry, N, Night, Hit Fixed Object, Not Injured, N, N
AUS, 2, 0, 0, 0, 2017, August, Saturday, 01:49 am, 060, Dry, N, Night, Hit Fixed Object, Not Injured, N, N
AUS, 3, 0, 0, 1, 2017, August, Saturday, 12:45 am, 050, Dry, N, Night, Hit Fixed Object, Minor Injury, Y, Y
AUS, 2, 0, 0, 0, 2017, August, Saturday, 07:50 am, 050, Dry, N, Daylight, Hit Fixed Object, Not Injured, N, N
AUS, 2, 0, 0, 0, 2017, August, Saturday, 07:30 am, 050, Dry, N, Daylight, Hit Fixed Object, Not Injured, N, N
AUS, 2, 0, 0, 0, 2017, August, Friday, 05:45 pm, 080, Wet, Y, Daylight, Hit Fixed Object, Not Injured, N, N
AUS, 2, 0, 0, 0, 2017, August, Saturday, 09:30 am, 060, Dry, N, Daylight, Right Angle, Not Injured, N, N
AUS, 3, 0, 0, 0, 2017, August, Saturday, 10:00 am, 060, Dry, N, Daylight, Right Angle, Not Injured, N, N
AUS, 2, 0, 0, 0, 2017, August, Saturday, 10:25 am, 050, Dry, N, Daylight, Rear End, Not Injured, N, N
AUS, 2, 0, 0, 0, 2017, August, Saturday, 06:58 am, 060, Dry, N, Daylight, Right Angle, Not Injured, N, N
AUS, 3, 0, 0, 0, 2017, August, Saturday, 10:00 am, 080, Dry, N, Daylight, Rear End, Not Injured, N, N
AUS, 2, 0, 0, 0, 2017, August, Friday, 04:05 pm, 060, Wet, Y, Daylight, Side Swipe, Not Injured, N, N
AUS, 2, 0, 0, 1, 2017, August, Thursday, 03:20 pm, 050, Dry, N, Daylight, Hit Pedestrian, Minor Injury, N, N
AUS, 3, 0, 0, 1, 2017, August, Saturday, 01:14 pm, 080, Dry, N, Daylight, Rear End, Minor Injury, N, N
AUS, 2, 0, 0, 1, 2017, August, Friday, 03:15 pm, 060, Dry, N, Daylight, Rear End, Minor Injury, N, N
AUS, 2, 0, 0, 0, 2017, August, Friday, 06:15 pm, 050, Dry, N, Night, Right Angle, Not Injured, Y, N
AUS, 2, 0, 1, 2, 2017, August, Saturday, 02:45 pm, 100, Dry, N, Daylight, Hit Fixed Object, Major Injury, N, N
AUS, 2, 0, 0, 1, 2017, August, Friday, 08:25 pm, 060, Dry, N, Night, Right Angle, Minor Injury, Y, N
AUS, 2, 0, 0, 0, 2017, August, Friday, 07:15 pm, 050, Dry, N, Night, Side Swipe, Not Injured, N, N
AUS, 2, 0, 0, 0, 2017, August, Saturday, 09:00 am, 060, Dry, N, Daylight, Right Angle, Not Injured, N, N
AUS, 3, 0, 0, 0, 2017, August, Saturday, 03:00 pm, 060, Dry, N, Daylight, Rear End, Not Injured, N, N
AUS, 2, 0, 0, 0, 2017, August, Saturday, 04:55 pm, 050, Dry, N, Daylight, Right Angle, Not Injured, N, N
AUS, 3, 0, 0, 0, 2017, August, Saturday, 03:45 pm, 060, Dry, N, Daylight, Rear End, Not Injured, N, N
AUS, 2, 0, 0, 0, 2017, August, Saturday, 12:00 pm, 060, Dry, N, Daylight, Side Swipe, Not Injured, N, N
AUS, 2, 0, 0, 0, 2017, August, Saturday, 04:15 pm, 050, Dry, N, Daylight, Side Swipe, Not Injured, N, N
AUS, 2, 0, 0, 0, 2017, August, Saturday, 06:50 pm, 080, Dry, N, Night, Hit Fixed Object, Not Injured, N, N
AUS, 3, 0, 0, 0, 2017, August, Saturday, 06:30 pm, 060, Dry, N, Night, Rear End, Not Injured, N, N
AUS, 2, 0, 0, 1, 2017, August, Saturday, 09:05 pm, 070, Dry, N, Night, Hit Fixed Object, Minor Injury, N, N
AUS, 2, 0, 0, 0, 2017, August, Sunday, 02:07 am, 060, Dry, N, Night, Hit Fixed Object, Not Injured, N, N
AUS, 2, 0, 2, 0, 2017, August, Saturday, 04:00 pm, 110, Dry, N, Daylight, Right Angle, Major Injury, N, N
AUS, 2, 0, 0, 0, 2017, August, Sunday, 08:00 am, 040, Dry, N, Daylight, Hit Fixed Object, Not Injured, N, N
AUS, 2, 1, 0, 1, 2017, August, Sunday, 06:30 am, 080, Dry, N, Night, Right Angle, Fatal, N, N
AUS, 2, 0, 0, 0, 2017, August, Saturday, 02:30 pm, 050, Dry, N, Daylight, Right Angle, Not Injured, N, N
AUS, 2, 0, 1, 0, 2017, August, Sunday, 09:40 am, 080, Dry, N, Daylight, Hit Fixed Object, Major Injury, N, Y
AUS, 2, 0, 0, 2, 2017, August, Sunday, 11:35 am, 060, Dry, N, Daylight, Rear End, Minor Injury, N, N
AUS, 2, 0, 0, 0, 2017, August, Sunday, 10:30 am, 060, Dry, N, Daylight, Right Angle, Not Injured, N, N
AUS, 2, 0, 0, 0, 2017, August, Sunday, 11:35 am, 090, Dry, N, Daylight, Rear End, Not Injured, N, N
AUS, 2, 0, 0, 0, 2017, August, Sunday, 01:50 pm, 060, Dry, N, Daylight, Right Angle, Not Injured, N, N
AUS, 2, 0, 0, 0, 2017, August, Sunday, 02:20 pm, 080, Dry, N, Daylight, Hit Fixed Object, Not Injured, N, N
AUS, 2, 0, 0, 0, 2017, August, Sunday, 01:50 pm, 080, Dry, N, Daylight, Rear End, Not Injured, N, N
AUS, 2, 0, 0, 0, 2017, August, Saturday, 09:30 pm, 080, Dry, N, Night, Hit Fixed Object, Not Injured, N, N
AUS, 2, 0, 0, 0, 2017, August, Saturday, 09:10 pm, 100, Dry, N, Night, Hit Fixed Object, Not Injured, N, N
AUS, 2, 0, 0, 0, 2017, August, Sunday, 04:20 pm, 050, Wet, Y, Daylight, Hit Fixed Object, Not Injured, N, N
AUS, 2, 0, 0, 1, 2017, August, Sunday, 05:19 pm, 060, Wet, Y, Daylight, Right Angle, Minor Injury, N, N
AUS, 2, 0, 0, 0, 2017, August, Sunday, 05:35 pm, 060, Wet, Y, Daylight, Right Angle, Not Injured, N, N
AUS, 3, 0, 0, 0, 2017, August, Sunday, 06:35 pm, 060, Wet, Y, Night, Right Angle, Not Injured, N, N
AUS, 2, 0, 0, 0, 2017, August, Sunday, 06:50 pm, 060, Wet, Y, Night, Hit Fixed Object, Not Injured, N, N
AUS, 3, 0, 0, 0, 2017, August, Sunday, 06:25 pm, 050, Wet, Y, Night, Hit Fixed Object, Not Injured, N, N
AUS, 2, 0, 0, 0, 2017, August, Sunday, 06:00 pm, 110, Dry, N, Night, Hit Fixed Object, Not Injured, N, N
AUS, 2, 0, 0, 0, 2017, August, Sunday, 03:30 pm, 100, Dry, N, Daylight, Head On, Not Injured, N, N
AUS, 2, 0, 0, 0, 2017, August, Sunday, 06:00 pm, 060, Wet, Y, Night, Rear End, Not Injured, N, N
AUS, 2, 0, 0, 1, 2017, August, Sunday, 07:32 pm, 060, Wet, Y, Night, Hit Fixed Object, Minor Injury, N, N
AUS, 2, 0, 0, 0, 2017, August, Sunday, 06:25 pm, 080, Wet, Y, Night, Hit Fixed Object, Not Injured, N, N
AUS, 2, 0, 1, 2, 2017, August, Sunday, 06:40 pm, 110, Wet, Y, Night, Head On, Major Injury, N, N
AUS, 2, 0, 0, 0, 2017, August, Sunday, 07:00 pm, 050, Wet, Y, Night, Hit Fixed Object, Not Injured, N, N
AUS, 3, 0, 0, 0, 2017, August, Saturday, 12:30 pm, 080, Dry, N, Daylight, Rear End, Not Injured, N, N
AUS, 6, 0, 0, 1, 2017, August, Monday, 08:00 am, 060, Wet, Y, Daylight, Rear End, Minor Injury, N, N
AUS, 2, 0, 0, 0, 2017, August, Friday, 07:20 pm, 080, Wet, N, Night, Hit Fixed Object, Not Injured, N, N
AUS, 2, 0, 1, 0, 2017, August, Saturday, 12:45 pm, 080, Dry, N, Daylight, Rear End, Major Injury, N, N
AUS, 2, 0, 0, 0, 2017, August, Monday, 08:30 am, 050, Wet, Y, Daylight, Right Angle, Not Injured, N, N
AUS, 2, 0, 0, 0, 2017, August, Sunday, 04:25 pm, 060, Wet, Y, Daylight, Rear End, Not Injured, N, N
AUS, 2, 0, 0, 1, 2017, August, Sunday, 04:30 pm, 050, Wet, Y, Daylight, Rear End, Minor Injury, N, N
AUS, 2, 0, 0, 0, 2017, August, Monday, 08:50 am, 060, Dry, N, Daylight, Rear End, Not Injured, N, N
AUS, 3, 0, 0, 1, 2017, August, Monday, 09:00 am, 050, Wet, Y, Daylight, Rear End, Minor Injury, N, N