Nation,Total Units,Total Fatalities,Total Serious Injuries,Total Minor Injuries,Year,Month,Day,Time,Speed Limit,Moisture,Adverse Weather Conditions,DayNight,Crash Type,Crash Severity,Alcohol Related ,Drug Related
AUS, 2, 0, 0, 1, 2017, August, Tuesday, 08:30 am, 050, Dry, N, Daylight, Right Angle, Minor Injury, N, N
AUS, 3, 0, 0, 1, 2017, August, Tuesday, 08:40 am, 060, Dry, N, Daylight, Rear End, Minor Injury, N, N
AUS, 2, 0, 1, 1, 2017, August, Tuesday, 09:15 am, 100, Dry, N, Daylight, Hit Fixed Object, Major Injury, N, N
AUS, 3, 0, 0, 0, 2017, October, Friday, 03:00 pm, 060, Dry, N, Daylight, Rear End, Not Injured, N, N
AUS, 2, 0, 0, 0, 2017, August, Tuesday, 12:00 pm, 060, Dry, N, Daylight, Right Angle, Not Injured, N, N
AUS, 2, 0, 0, 0, 2017, August, Tuesday, 01:00 pm, 050, Dry, N, Daylight, Side Swipe, Not Injured, N, N
AUS, 2, 0, 0, 1, 2017, August, Tuesday, 01:30 pm, 060, Dry, N, Daylight, Rear End, Minor Injury, N, N
AUS, 2, 0, 0, 0, 2017, August, Tuesday, 08:39 am, 050, Dry, N, Daylight, Right Angle, Not Injured, N, N
AUS, 2, 0, 0, 0, 2017, August, Tuesday, 01:30 am, 060, Dry, N, Night, Right Angle, Not Injured, N, N
AUS, 2, 0, 0, 0, 2017, August, Tuesday, 12:50 pm, 060, Dry, N, Daylight, Side Swipe, Not Injured, N, N
AUS, 2, 0, 0, 0, 2017, August, Tuesday, 02:38 pm, 050, Dry, N, Daylight, Hit Fixed Object, Not Injured, N, N
AUS, 3, 0, 0, 0, 2017, August, Tuesday, 03:36 pm, 060, Dry, N, Daylight, Rear End, Not Injured, N, N
AUS, 3, 0, 0, 0, 2017, August, Tuesday, 03:43 pm, 060, Dry, N, Daylight, Rear End, Not Injured, N, N
AUS, 2, 0, 0, 0, 2017, August, Tuesday, 01:00 pm, 060, Dry, N, Daylight, Side Swipe, Not Injured, N, N
AUS, 3, 0, 0, 0, 2017, August, Monday, 02:00 pm, 060, Dry, N, Daylight, Rear End, Not Injured, N, N
AUS, 2, 0, 0, 0, 2017, August, Tuesday, 07:30 am, 060, Dry, N, Daylight, Side Swipe, Not Injured, N, N
AUS, 2, 0, 0, 0, 2017, August, Tuesday, 04:25 pm, 050, Dry, N, Daylight, Rear End, Not Injured, N, N
AUS, 2, 0, 0, 1, 2017, August, Saturday, 05:40 pm, 050, Dry, N, Daylight, Rear End, Minor Injury, N, N
AUS, 4, 0, 1, 0, 2017, August, Tuesday, 04:35 pm, 060, Dry, N, Daylight, Side Swipe, Major Injury, Y, Y
AUS, 2, 0, 0, 0, 2017, August, Tuesday, 04:15 pm, 060, Dry, N, Daylight, Hit Fixed Object, Not Injured, N, N
AUS, 2, 0, 0, 0, 2017, August, Sunday, 08:00 am, 050, Dry, N, Daylight, Hit Fixed Object, Not Injured, N, N
AUS, 2, 0, 0, 0, 2017, August, Tuesday, 04:45 pm, 060, Dry, N, Daylight, Right Angle, Not Injured, N, N
AUS, 2, 0, 0, 1, 2017, August, Tuesday, 04:50 pm, 050, Dry, N, Daylight, Rear End, Minor Injury, N, N
AUS, 2, 0, 0, 0, 2017, August, Tuesday, 05:03 pm, 060, Dry, N, Daylight, Right Angle, Not Injured, N, N
AUS, 2, 0, 0, 1, 2017, August, Tuesday, 04:05 pm, 060, Dry, N, Daylight, Side Swipe, Minor Injury, N, N
AUS, 3, 0, 0, 1, 2017, August, Tuesday, 03:50 pm, 090, Dry, N, Daylight, Rear End, Minor Injury, N, N
AUS, 2, 0, 0, 0, 2017, August, Tuesday, 10:10 pm, 060, Dry, N, Night, Hit Fixed Object, Not Injured, N, N
AUS, 3, 1, 0, 1, 2017, August, Tuesday, 06:45 pm, 100, Dry, N, Night, Hit Fixed Object, Fatal, Y, Y
AUS, 2, 0, 0, 0, 2017, August, Wednesday, 06:30 am, 060, Dry, N, Night, Right Angle, Not Injured, N, N
AUS, 2, 0, 0, 0, 2017, August, Wednesday, 06:53 am, 090, Dry, N, Daylight, Rear End, Not Injured, N, N
AUS, 2, 0, 0, 1, 2017, August, Tuesday, 12:30 pm, 060, Dry, N, Daylight, Right Angle, Minor Injury, N, N
AUS, 3, 0, 0, 0, 2017, August, Wednesday, 09:10 am, 080, Dry, N, Daylight, Rear End, Not Injured, N, N
AUS, 2, 0, 0, 0, 2017, August, Wednesday, 08:10 am, 050, Dry, N, Daylight, Side Swipe, Not Injured, N, N
AUS, 2, 0, 0, 0, 2017, August, Wednesday, 07:45 am, 110, Dry, N, Daylight, Rear End, Not Injured, N, N
AUS, 3, 0, 0, 0, 2017, August, Wednesday, 07:35 am, 060, Dry, N, Daylight, Rear End, Not Injured, N, N
AUS, 2, 0, 0, 0, 2017, August, Wednesday, 08:06 am, 090, Dry, N, Daylight, Rear End, Not Injured, N, N
AUS, 2, 0, 0, 0, 2017, August, Wednesday, 09:30 am, 050, Dry, N, Daylight, Rear End, Not Injured, N, N
AUS, 2, 0, 0, 0, 2017, August, Sunday, 09:50 am, 080, Dry, N, Daylight, Hit Fixed Object, Not Injured, N, N
AUS, 2, 0, 0, 1, 2017, August, Wednesday, 08:15 am, 060, Dry, N, Daylight, Rear End, Minor Injury, N, N
AUS, 2, 0, 0, 0, 2017, August, Friday, 01:20 pm, 080, Dry, N, Daylight, Hit Fixed Object, Not Injured, N, N
AUS, 2, 0, 0, 1, 2017, August, Wednesday, 10:00 am, 060, Dry, N, Daylight, Hit Fixed Object, Minor Injury, N, N
AUS, 2, 0, 0, 1, 2017, August, Wednesday, 10:00 am, 050, Dry, N, Daylight, Right Angle, Minor Injury, N, N
AUS, 2, 0, 0, 2, 2017, August, Wednesday, 11:24 am, 060, Dry, N, Daylight, Right Angle, Minor Injury, N, N
AUS, 2, 0, 0, 0, 2017, August, Wednesday, 11:29 am, 060, Dry, N, Daylight, Hit Fixed Object, Not Injured, N, N
AUS, 2, 0, 0, 1, 2017, August, Tuesday, 08:30 am, 060, Dry, N, Daylight, Rear End, Minor Injury, N, N
AUS, 2, 0, 0, 1, 2017, August, Wednesday, 10:15 am, 050, Dry, N, Daylight, Rear End, Minor Injury, N, N
AUS, 2, 0, 0, 0, 2017, August, Wednesday, 07:40 am, 050, Dry, N, Daylight, Right Angle, Not Injured, N, N
AUS, 2, 0, 0, 0, 2017, August, Wednesday, 12:20 pm, 080, Dry, N, Daylight, Rear End, Not Injured, N, N
AUS, 2, 0, 0, 0, 2017, August, Wednesday, 08:30 am, 060, Dry, N, Daylight, Rear End, Not Injured, N, N
AUS, 2, 0, 0, 0, 2017, August, Wednesday, 11:15 am, 100, Dry, N, Daylight, Rear End, Not Injured, N, N
AUS, 4, 0, 0, 0, 2017, August, Wednesday, 11:50 am, 060, Dry, N, Daylight, Hit Fixed Object, Not Injured, N, N
AUS, 2, 0, 0, 0, 2017, August, Wednesday, 01:35 pm, 060, Dry, N, Daylight, Rear End, Not Injured, N, N
AUS, 2, 0, 0, 1, 2017, August, Friday, 08:20 am, 060, Dry, N, Daylight, Right Angle, Minor Injury, N, N
AUS, 2, 0, 0, 2, 2017, August, Wednesday, 11:09 am, 070, Dry, N, Daylight, Rear End, Minor Injury, N, N
AUS, 3, 0, 0, 0, 2017, August, Wednesday, 10:54 am, 100, Dry, N, Daylight, Side Swipe, Not Injured, N, N
AUS, 2, 0, 0, 0, 2017, August, Wednesday, 08:40 am, 050, Dry, N, Daylight, Rear End, Not Injured, N, N
AUS, 3, 0, 0, 0, 2017, August, Wednesday, 12:51 pm, 050, Dry, N, Daylight, Side Swipe, Not Injured, N, N
AUS, 2, 0, 0, 0, 2017, August, Wednesday, 05:30 pm, 100, Dry, N, Daylight, Hit Fixed Object, Not Injured, N, N
AUS, 2, 0, 0, 0, 2017, August, Wednesday, 02:12 pm, 080, Dry, N, Daylight, Hit Fixed Object, Not Injured, N, N
AUS, 3, 0, 0, 0, 2017, August, Wednesday, 03:30 pm, 050, Dry, N, Daylight, Hit Fixed Object, Not Injured, N, N
AUS, 2, 0, 0, 0, 2017, August, Wednesday, 01:30 am, 060, Wet, N, Night, Head On, Not Injured, N, N
AUS, 2, 0, 0, 0, 2017, August, Wednesday, 06:05 pm, 060, Dry, N, Night, Side Swipe, Not Injured, N, N
AUS, 3, 0, 0, 0, 2017, August, Wednesday, 07:18 pm, 060, Dry, N, Night, Rear End, Not Injured, N, N
AUS, 2, 0, 0, 1, 2017, August, Wednesday, 06:15 pm, 060, Dry, N, Night, Hit Pedestrian, Minor Injury, N, N
AUS, 2, 0, 0, 0, 2017, August, Wednesday, 02:15 pm, 100, Dry, N, Daylight, Hit Fixed Object, Not Injured, N, N
AUS, 2, 0, 0, 0, 2017, August, Wednesday, 02:25 pm, 100, Dry, N, Daylight, Hit Fixed Object, Not Injured, N, N
AUS, 2, 0, 0, 0, 2017, August, Thursday, 08:37 am, 060, Dry, N, Daylight, Right Angle, Not Injured, N, N
AUS, 2, 0, 0, 0, 2017, August, Wednesday, 04:15 pm, 080, Dry, N, Daylight, Right Angle, Not Injured, N, N
AUS, 2, 0, 0, 0, 2017, August, Thursday, 09:23 am, 080, Dry, N, Daylight, Hit Fixed Object, Not Injured, N, N
AUS, 2, 0, 0, 1, 2017, August, Thursday, 08:50 am, 050, Dry, N, Daylight, Hit Pedestrian, Minor Injury, N, N
AUS, 2, 0, 0, 0, 2017, August, Thursday, 07:00 am, 060, Dry, N, Daylight, Right Angle, Not Injured, N, N
AUS, 2, 0, 0, 0, 2017, August, Thursday, 07:20 am, 050, Dry, N, Daylight, Hit Fixed Object, Not Injured, N, N
AUS, 2, 0, 0, 1, 2017, August, Wednesday, 03:15 pm, 050, Dry, N, Daylight, Right Angle, Minor Injury, N, N
AUS, 2, 0, 0, 0, 2017, August, Wednesday, 10:00 pm, 060, Dry, N, Night, Rear End, Not Injured, N, N
AUS, 2, 0, 0, 0, 2017, August, Thursday, 09:10 am, 060, Dry, N, Daylight, Hit Fixed Object, Not Injured, N, N
AUS, 2, 0, 0, 1, 2017, August, Wednesday, 04:40 pm, 060, Dry, N, Daylight, Rear End, Minor Injury, N, N
AUS, 2, 0, 0, 1, 2017, August, Thursday, 10:00 am, 060, Dry, N, Daylight, Rear End, Minor Injury, N, N
AUS, 2, 0, 0, 0, 2017, August, Thursday, 08:10 am, 060, Dry, N, Daylight, Right Angle, Not Injured, N, N
AUS, 2, 0, 0, 0, 2017, August, Thursday, 08:15 am, 050, Dry, N, Daylight, Side Swipe, Not Injured, N, N
AUS, 2, 0, 0, 0, 2017, August, Wednesday, 07:30 am, 110, Dry, N, Daylight, Side Swipe, Not Injured, N, N
AUS, 2, 0, 0, 0, 2017, August, Thursday, 12:00 pm, 080, Dry, N, Daylight, Rear End, Not Injured, N, N
AUS, 2, 0, 0, 0, 2017, August, Thursday, 11:30 am, 070, Dry, N, Daylight, Side Swipe, Not Injured, N, N
AUS, 2, 0, 0, 0, 2017, August, Thursday, 11:35 am, 060, Dry, N, Daylight, Hit Fixed Object, Not Injured, N, N
AUS, 2, 0, 0, 0, 2017, August, Wednesday, 05:00 pm, 060, Dry, N, Daylight, Rear End, Not Injured, N, N
AUS, 2, 0, 0, 0, 2017, August, Thursday, 11:00 am, 060, Dry, N, Daylight, Side Swipe, Not Injured, N, N
AUS, 2, 0, 0, 1, 2017, August, Wednesday, 07:30 pm, 060, Dry, N, Night, Right Angle, Minor Injury, N, N
AUS, 2, 0, 0, 0, 2017, August, Thursday, 10:30 am, 080, Dry, N, Daylight, Right Angle, Not Injured, N, N
AUS, 2, 0, 0, 1, 2017, August, Thursday, 06:40 am, 060, Dry, N, Night, Right Angle, Minor Injury, N, N
AUS, 2, 0, 0, 1, 2017, August, Wednesday, 04:03 pm, 050, Dry, N, Daylight, Right Angle, Minor Injury, N, N
AUS, 2, 0, 0, 0, 2017, August, Thursday, 05:20 pm, 060, Dry, N, Daylight, Side Swipe, Not Injured, N, N
AUS, 2, 0, 0, 0, 2017, August, Thursday, 04:00 pm, 100, Dry, N, Daylight, Hit Fixed Object, Not Injured, N, N
AUS, 2, 0, 0, 1, 2017, August, Thursday, 05:05 pm, 060, Dry, N, Daylight, Rear End, Minor Injury, N, N
AUS, 2, 0, 0, 0, 2017, August, Thursday, 06:00 pm, 090, Dry, N, Night, Rear End, Not Injured, N, N
AUS, 2, 0, 0, 0, 2017, August, Thursday, 03:10 pm, 080, Dry, N, Daylight, Hit Fixed Object, Not Injured, N, N
AUS, 2, 0, 0, 1, 2017, August, Thursday, 04:15 pm, 060, Dry, N, Daylight, Rear End, Minor Injury, N, N
AUS, 2, 0, 0, 0, 2017, August, Thursday, 06:57 pm, 090, Dry, N, Night, Rear End, Not Injured, N, N
AUS, 2, 0, 0, 0, 2017, August, Thursday, 04:45 pm, 060, Dry, N, Daylight, Rear End, Not Injured, N, N
AUS, 2, 0, 0, 0, 2017, August, Thursday, 06:30 pm, 050, Dry, N, Night, Right Angle, Not Injured, N, N
AUS, 2, 0, 0, 2, 2017, August, Wednesday, 08:30 pm, 090, Dry, N, Night, Rear End, Minor Injury, N, N
AUS, 2, 0, 0, 1, 2017, August, Thursday, 04:55 pm, 060, Dry, N, Daylight, Rear End, Minor Injury, N, N
AUS, 2, 0, 0, 0, 2017, August, Thursday, 04:40 pm, 060, Dry, N, Daylight, Side Swipe, Not Injured, N, N
AUS, 2, 0, 0, 0, 2017, August, Thursday, 01:15 pm, 060, Dry, N, Daylight, Hit Fixed Object, Not Injured, N, N
AUS, 2, 0, 0, 0, 2017, August, Thursday, 07:45 pm, 060, Dry, N, Night, Right Angle, Not Injured, N, N
AUS, 2, 0, 0, 1, 2017, August, Thursday, 06:15 pm, 100, Dry, N, Night, Hit Fixed Object, Minor Injury, N, Y
AUS, 2, 0, 0, 0, 2017, August, Wednesday, 07:07 pm, 050, Dry, N, Night, Hit Fixed Object, Not Injured, N, N
AUS, 3, 1, 0, 0, 2017, August, Thursday, 06:55 pm, 010, Dry, N, Night, Hit Fixed Object, Fatal, N, N
AUS, 4, 0, 0, 0, 2017, August, Thursday, 10:20 pm, 100, Dry, N, Night, Rear End, Not Injured, N, N
AUS, 2, 0, 0, 2, 2017, September, Friday, 02:30 am, 050, Dry, N, Night, Hit Fixed Object, Minor Injury, N, N
AUS, 2, 0, 0, 0, 2017, August, Thursday, 12:50 pm, 050, Dry, N, Daylight, Hit Fixed Object, Not Injured, N, N
AUS, 2, 0, 0, 1, 2017, August, Thursday, 01:45 pm, 060, Dry, N, Daylight, Right Angle, Minor Injury, N, N
AUS, 2, 0, 0, 1, 2017, September, Friday, 08:16 am, 060, Dry, N, Daylight, Rear End, Minor Injury, N, N
AUS, 3, 0, 0, 1, 2017, August, Thursday, 02:45 pm, 060, Dry, N, Daylight, Rear End, Minor Injury, N, N
AUS, 2, 0, 0, 0, 2017, September, Friday, 08:10 am, 060, Dry, N, Daylight, Right Angle, Not Injured, N, N
AUS, 3, 0, 0, 0, 2017, August, Thursday, 06:20 pm, 060, Dry, N, Night, Rear End, Not Injured, N, N
AUS, 3, 0, 0, 1, 2017, September, Friday, 10:15 am, 060, Dry, N, Daylight, Hit Fixed Object, Minor Injury, N, N
AUS, 2, 0, 0, 0, 2017, August, Thursday, 04:30 pm, 050, Dry, N, Daylight, Rear End, Not Injured, N, N
AUS, 2, 0, 0, 0, 2017, September, Friday, 10:15 am, 050, Dry, N, Daylight, Right Angle, Not Injured, N, N
AUS, 2, 0, 0, 0, 2017, September, Friday, 11:00 am, 060, Dry, N, Daylight, Rear End, Not Injured, N, N
AUS, 2, 0, 0, 0, 2017, August, Thursday, 04:00 pm, 060, Dry, N, Daylight, Right Angle, Not Injured, N, N
AUS, 2, 0, 0, 0, 2017, September, Friday, 08:45 am, 060, Dry, N, Daylight, Rear End, Not Injured, N, N
AUS, 2, 0, 0, 1, 2017, September, Friday, 11:20 am, 050, Dry, N, Daylight, Right Angle, Minor Injury, N, N
AUS, 2, 0, 0, 1, 2017, September, Friday, 11:55 am, 080, Dry, N, Daylight, Rear End, Minor Injury, N, N
AUS, 2, 0, 0, 0, 2017, September, Friday, 01:00 pm, 060, Dry, N, Daylight, Rear End, Not Injured, N, N
AUS, 2, 0, 0, 0, 2017, September, Friday, 01:10 pm, 060, Dry, N, Daylight, Side Swipe, Not Injured, N, N
AUS, 2, 0, 0, 1, 2017, September, Friday, 12:30 pm, 060, Dry, N, Daylight, Side Swipe, Minor Injury, N, N
AUS, 2, 0, 0, 1, 2017, September, Friday, 01:50 pm, 060, Dry, N, Daylight, Rear End, Minor Injury, N, N
AUS, 3, 0, 0, 0, 2017, September, Friday, 03:50 pm, 060, Wet, Y, Daylight, Side Swipe, Not Injured, N, N
AUS, 2, 0, 0, 1, 2017, September, Friday, 01:55 pm, 070, Dry, N, Daylight, Rear End, Minor Injury, N, N
AUS, 2, 0, 0, 0, 2017, August, Wednesday, 04:30 am, 110, Dry, N, Night, Hit Fixed Object, Not Injured, N, N
AUS, 3, 0, 0, 0, 2017, September, Friday, 04:11 pm, 060, Dry, N, Daylight, Rear End, Not Injured, N, N
AUS, 2, 0, 0, 0, 2017, September, Friday, 04:25 pm, 060, Dry, N, Daylight, Rear End, Not Injured, N, N
AUS, 2, 0, 2, 0, 2017, September, Friday, 02:10 pm, 100, Dry, N, Daylight, Head On, Major Injury, N, N
AUS, 2, 0, 0, 0, 2017, September, Friday, 04:23 pm, 050, Dry, N, Daylight, Right Angle, Not Injured, N, N
AUS, 2, 0, 0, 1, 2017, September, Friday, 10:30 am, 050, Dry, N, Daylight, Rear End, Minor Injury, N, N
AUS, 2, 0, 0, 1, 2017, September, Friday, 06:14 pm, 060, Dry, N, Night, Right Angle, Minor Injury, N, N
AUS, 2, 0, 0, 0, 2017, August, Thursday, 03:20 pm, 060, Dry, N, Daylight, Right Angle, Not Injured, N, N
AUS, 3, 0, 0, 0, 2017, August, Wednesday, 03:30 pm, 060, Dry, N, Daylight, Rear End, Not Injured, N, N
AUS, 3, 0, 0, 0, 2017, August, Wednesday, 06:31 pm, 060, Dry, N, Night, Rear End, Not Injured, N, N
AUS, 2, 0, 0, 1, 2017, September, Friday, 07:20 pm, 050, Dry, N, Night, Hit Pedestrian, Minor Injury, N, N
AUS, 4, 0, 0, 2, 2017, August, Thursday, 05:40 pm, 060, Dry, N, Daylight, Rear End, Minor Injury, N, N
AUS, 2, 0, 0, 1, 2017, September, Friday, 07:40 pm, 050, Dry, N, Night, Hit Pedestrian, Minor Injury, N, N
AUS, 2, 0, 0, 2, 2017, September, Saturday, 03:05 am, 070, Wet, Y, Night, Hit Fixed Object, Minor Injury, Y, N
AUS, 3, 0, 0, 0, 2017, September, Saturday, 10:00 am, 060, Wet, N, Daylight, Rear End, Not Injured, N, N
AUS, 6, 0, 0, 1, 2017, September, Saturday, 09:50 am, 050, Dry, N, Daylight, Right Angle, Minor Injury, N, N
AUS, 3, 0, 0, 0, 2017, September, Saturday, 09:50 am, 060, Dry, N, Daylight, Rear End, Not Injured, N, N
AUS, 2, 0, 0, 0, 2017, September, Friday, 07:30 pm, 050, Dry, N, Night, Hit Fixed Object, Not Injured, N, N
AUS, 2, 0, 0, 1, 2017, September, Friday, 11:30 am, 060, Dry, N, Daylight, Rear End, Minor Injury, N, N
AUS, 2, 0, 0, 0, 2017, September, Saturday, 09:45 am, 070, Wet, N, Daylight, Side Swipe, Not Injured, N, N
AUS, 2, 0, 0, 0, 2017, September, Friday, 03:00 pm, 060, Dry, N, Daylight, Right Angle, Not Injured, N, N
AUS, 4, 0, 0, 0, 2017, September, Saturday, 09:50 am, 060, Wet, N, Daylight, Rear End, Not Injured, N, N
AUS, 2, 0, 0, 0, 2017, September, Saturday, 12:20 pm, 060, Dry, N, Daylight, Rear End, Not Injured, N, N
AUS, 3, 0, 0, 0, 2017, September, Saturday, 11:30 am, 060, Dry, N, Daylight, Rear End, Not Injured, N, N
AUS, 3, 0, 0, 1, 2017, September, Saturday, 11:55 am, 060, Dry, N, Daylight, Rear End, Minor Injury, N, N
AUS, 2, 0, 0, 0, 2017, September, Saturday, 12:00 pm, 050, Dry, N, Daylight, Right Angle, Not Injured, N, N
AUS, 2, 0, 0, 0, 2017, September, Saturday, 01:00 pm, 050, Dry, N, Daylight, Hit Fixed Object, Not Injured, N, N
AUS, 4, 0, 0, 1, 2017, September, Friday, 07:25 pm, 060, Dry, N, Night, Side Swipe, Minor Injury, N, N
AUS, 2, 0, 0, 0, 2017, September, Friday, 02:05 pm, 110, Dry, N, Daylight, Side Swipe, Not Injured, N, N
AUS, 2, 0, 0, 0, 2017, September, Friday, 10:34 pm, 060, Dry, N, Night, Side Swipe, Not Injured, N, N
AUS, 2, 0, 0, 0, 2017, September, Saturday, 03:08 pm, 060, Dry, N, Daylight, Right Angle, Not Injured, N, N
AUS, 2, 0, 0, 0, 2017, September, Saturday, 02:09 pm, 050, Dry, N, Daylight, Side Swipe, Not Injured, N, N
AUS, 2, 0, 1, 0, 2017, September, Saturday, 11:30 am, 100, Dry, N, Daylight, Hit Fixed Object, Major Injury, N, N
AUS, 2, 0, 0, 0, 2017, September, Saturday, 04:57 pm, 050, Dry, N, Daylight, Right Angle, Not Injured, N, N
AUS, 2, 0, 0, 0, 2017, September, Saturday, 10:30 am, 060, Dry, N, Daylight, Side Swipe, Not Injured, N, N
AUS, 3, 0, 0, 1, 2017, September, Saturday, 03:40 pm, 050, Dry, N, Daylight, Side Swipe, Minor Injury, N, N
AUS, 2, 0, 0, 0, 2017, September, Friday, 03:12 pm, 060, Dry, N, Daylight, Right Angle, Not Injured, N, N
AUS, 2, 1, 0, 0, 2017, September, Saturday, 05:30 pm, 080, Dry, N, Daylight, Right Angle, Fatal, N, N
AUS, 2, 0, 0, 1, 2017, September, Saturday, 11:00 pm, 060, Wet, Y, Night, Hit Pedestrian, Minor Injury, N, N
AUS, 2, 0, 0, 0, 2017, September, Saturday, 10:55 pm, 050, Dry, N, Night, Hit Fixed Object, Not Injured, Y, N
AUS, 2, 0, 0, 0, 2017, September, Sunday, 12:30 am, 060, Wet, Y, Night, Hit Fixed Object, Not Injured, N, N
AUS, 2, 0, 1, 0, 2017, September, Sunday, 12:40 am, 060, Wet, Y, Night, Hit Pedestrian, Major Injury, N, N
AUS, 4, 0, 0, 0, 2017, August, Saturday, 11:54 am, 060, Dry, N, Daylight, Side Swipe, Not Injured, N, N
AUS, 2, 0, 0, 0, 2017, September, Sunday, 07:30 am, 050, Dry, N, Daylight, Hit Fixed Object, Not Injured, N, N
AUS, 2, 0, 0, 1, 2017, September, Sunday, 11:08 am, 110, Wet, Y, Daylight, Hit Fixed Object, Minor Injury, N, N
AUS, 2, 0, 0, 1, 2017, September, Sunday, 07:30 am, 080, Wet, Y, Daylight, Hit Fixed Object, Minor Injury, N, N
AUS, 3, 0, 0, 0, 2017, September, Sunday, 11:30 am, 060, Wet, N, Daylight, Hit Fixed Object, Not Injured, N, N
AUS, 2, 0, 0, 0, 2017, September, Saturday, 09:00 pm, 060, Wet, Y, Night, Right Angle, Not Injured, N, N
AUS, 2, 0, 0, 1, 2017, September, Sunday, 04:45 pm, 060, Dry, N, Daylight, Rear End, Minor Injury, N, N
AUS, 3, 0, 0, 1, 2017, September, Sunday, 09:00 pm, 050, Wet, Y, Night, Rear End, Minor Injury, N, N
AUS, 2, 0, 0, 0, 2017, September, Sunday, 04:20 pm, 080, Dry, N, Daylight, Hit Fixed Object, Not Injured, N, N
AUS, 2, 0, 0, 0, 2017, September, Friday, 07:50 pm, 050, Dry, N, Night, Right Angle, Not Injured, N, N
AUS, 2, 0, 0, 0, 2017, September, Monday, 12:30 am, 100, Wet, Y, Night, Hit Fixed Object, Not Injured, N, N
AUS, 2, 0, 0, 0, 2017, September, Sunday, 06:10 pm, 080, Dry, N, Night, Hit Fixed Object, Not Injured, N, N
AUS, 2, 0, 0, 1, 2017, September, Sunday, 07:30 pm, 060, Dry, N, Night, Head On, Minor Injury, N, N
AUS, 2, 0, 0, 0, 2017, September, Sunday, 07:00 pm, 050, Dry, N, Night, Right Angle, Not Injured, N, N
AUS, 3, 0, 0, 1, 2017, September, Monday, 07:50 am, 060, Wet, Y, Daylight, Rear End, Minor Injury, N, N
AUS, 2, 0, 0, 0, 2017, September, Monday, 09:35 am, 050, Wet, N, Daylight, Right Angle, Not Injured, N, N
AUS, 4, 0, 0, 1, 2017, September, Monday, 09:00 am, 060, Wet, Y, Daylight, Side Swipe, Minor Injury, N, N
AUS, 2, 0, 0, 0, 2017, September, Sunday, 05:50 pm, 060, Dry, N, Daylight, Right Angle, Not Injured, N, N
AUS, 2, 0, 0, 0, 2017, September, Friday, 12:48 pm, 050, Dry, N, Daylight, Hit Pedestrian, Not Injured, N, N
AUS, 2, 0, 0, 0, 2017, September, Monday, 08:20 am, 080, Dry, N, Daylight, Side Swipe, Not Injured, N, N
AUS, 2, 0, 0, 0, 2017, September, Monday, 12:10 pm, 050, Wet, N, Daylight, Hit Pedestrian, Not Injured, N, N
AUS, 2, 0, 0, 0, 2017, September, Monday, 01:15 pm, 050, Dry, N, Daylight, Rear End, Not Injured, N, N
AUS, 3, 0, 0, 2, 2017, September, Monday, 11:30 am, 060, Dry, N, Daylight, Right Angle, Minor Injury, N, Y
AUS, 2, 0, 0, 0, 2017, September, Monday, 02:15 pm, 060, Dry, N, Daylight, Rear End, Not Injured, N, N
AUS, 3, 0, 0, 0, 2017, September, Monday, 11:45 am, 060, Dry, N, Daylight, Rear End, Not Injured, N, N
AUS, 2, 0, 0, 1, 2017, September, Monday, 02:24 pm, 080, Wet, Y, Daylight, Hit Fixed Object, Minor Injury, N, N
AUS, 2, 0, 0, 0, 2017, September, Monday, 01:55 pm, 060, Wet, N, Daylight, Rear End, Not Injured, N, N
AUS, 2, 0, 0, 1, 2017, September, Sunday, 02:00 pm, 060, Dry, N, Daylight, Right Angle, Minor Injury, N, N
AUS, 2, 0, 0, 1, 2017, September, Sunday, 05:10 pm, 060, Dry, N, Daylight, Rear End, Minor Injury, N, N
AUS, 2, 0, 0, 0, 2017, September, Monday, 04:51 pm, 060, Dry, N, Daylight, Right Angle, Not Injured, N, N
AUS, 3, 0, 0, 0, 2017, September, Monday, 03:30 pm, 060, Dry, N, Daylight, Rear End, Not Injured, N, N
AUS, 2, 0, 0, 0, 2017, September, Monday, 10:00 am, 060, Wet, Y, Daylight, Rear End, Not Injured, N, N
AUS, 2, 0, 0, 1, 2017, September, Monday, 06:51 pm, 050, Wet, Y, Night, Hit Pedestrian, Minor Injury, N, N
AUS, 2, 0, 0, 0, 2017, September, Monday, 05:10 pm, 050, Wet, N, Daylight, Right Angle, Not Injured, N, N
AUS, 2, 0, 0, 0, 2017, September, Monday, 03:00 pm, 060, Wet, N, Daylight, Rear End, Not Injured, N, N
AUS, 2, 0, 0, 1, 2017, September, Monday, 04:30 pm, 050, Dry, N, Daylight, Head On, Minor Injury, N, Y
AUS, 2, 0, 0, 1, 2017, September, Monday, 06:05 pm, 050, Wet, Y, Night, Side Swipe, Minor Injury, N, N
AUS, 2, 0, 0, 0, 2017, September, Monday, 05:30 am, 060, Wet, Y, Night, Side Swipe, Not Injured, N, N