Nation,Total Units,Total Fatalities,Total Serious Injuries,Total Minor Injuries,Year,Month,Day,Time,Speed Limit,Moisture,Adverse Weather Conditions,DayNight,Crash Type,Crash Severity,Alcohol Related ,Drug Related
AUS, 2, 0, 0, 1, 2017, September, Wednesday, 05:30 pm, 060, Dry, N, Daylight, Hit Pedestrian, Minor Injury, N, N
AUS, 2, 0, 0, 0, 2017, September, Tuesday, 02:40 pm, 050, Dry, N, Daylight, Head On, Not Injured, N, N
AUS, 2, 0, 0, 0, 2017, September, Tuesday, 03:20 pm, 060, Dry, N, Daylight, Rear End, Not Injured, N, N
AUS, 2, 0, 0, 0, 2017, September, Tuesday, 03:50 pm, 050, Dry, N, Daylight, Rear End, Not Injured, N, N
AUS, 2, 0, 0, 0, 2017, September, Tuesday, 02:15 pm, 050, Dry, N, Daylight, Side Swipe, Not Injured, N, N
AUS, 2, 0, 0, 1, 2017, September, Tuesday, 04:50 pm, 060, Dry, N, Daylight, Rear End, Minor Injury, N, N
AUS, 2, 0, 0, 0, 2017, September, Tuesday, 03:35 pm, 050, Dry, N, Daylight, Side Swipe, Not Injured, N, N
AUS, 2, 0, 0, 0, 2017, September, Monday, 01:10 pm, 060, Dry, N, Daylight, Rear End, Not Injured, N, N
AUS, 2, 0, 0, 0, 2017, September, Tuesday, 04:30 pm, 090, Dry, N, Daylight, Rear End, Not Injured, N, N
AUS, 2, 0, 0, 0, 2017, September, Monday, 06:20 pm, 050, Dry, N, Night, Hit Pedestrian, Not Injured, N, N
AUS, 2, 0, 0, 1, 2017, September, Tuesday, 05:35 pm, 060, Dry, N, Daylight, Right Angle, Minor Injury, N, N
AUS, 3, 0, 0, 0, 2017, September, Tuesday, 05:15 pm, 050, Dry, N, Daylight, Right Angle, Not Injured, N, N
AUS, 2, 0, 0, 1, 2017, September, Tuesday, 05:27 pm, 080, Dry, N, Daylight, Rear End, Minor Injury, N, N
AUS, 2, 0, 0, 1, 2017, August, Monday, 05:00 pm, 070, Dry, N, Daylight, Rear End, Minor Injury, N, N
AUS, 3, 0, 0, 0, 2017, September, Tuesday, 07:50 pm, 050, Dry, N, Night, Hit Fixed Object, Not Injured, N, N
AUS, 3, 0, 0, 1, 2017, September, Tuesday, 04:05 pm, 050, Dry, N, Daylight, Hit Fixed Object, Minor Injury, Y, Y
AUS, 2, 0, 0, 0, 2017, September, Tuesday, 08:30 pm, 060, Wet, Y, Night, Hit Fixed Object, Not Injured, N, N
AUS, 2, 0, 0, 0, 2017, September, Tuesday, 11:10 pm, 060, Dry, N, Night, Hit Fixed Object, Not Injured, N, N
AUS, 2, 0, 0, 1, 2017, September, Tuesday, 06:30 am, 050, Dry, N, Daylight, Hit Pedestrian, Minor Injury, N, N
AUS, 2, 0, 0, 0, 2017, September, Tuesday, 11:25 pm, 060, Dry, N, Night, Hit Fixed Object, Not Injured, N, N
AUS, 2, 0, 0, 0, 2017, September, Wednesday, 12:01 am, 050, Wet, Y, Night, Rear End, Not Injured, N, N
AUS, 2, 0, 0, 0, 2017, September, Wednesday, 04:55 am, 110, Wet, N, Night, Hit Fixed Object, Not Injured, N, N
AUS, 2, 0, 0, 1, 2017, September, Wednesday, 07:58 am, 060, Dry, N, Daylight, Right Angle, Minor Injury, N, N
AUS, 2, 0, 0, 0, 2017, September, Wednesday, 07:55 am, 100, Wet, Y, Daylight, Right Angle, Not Injured, N, N
AUS, 2, 0, 0, 0, 2017, September, Wednesday, 09:01 am, 060, Dry, N, Daylight, Rear End, Not Injured, N, N
AUS, 2, 0, 0, 0, 2017, September, Wednesday, 09:09 am, 060, Dry, N, Daylight, Side Swipe, Not Injured, N, N
AUS, 3, 0, 0, 1, 2017, September, Wednesday, 08:50 am, 060, Dry, N, Daylight, Hit Fixed Object, Minor Injury, N, N
AUS, 2, 0, 0, 0, 2017, September, Tuesday, 11:30 pm, 060, Wet, Y, Night, Hit Fixed Object, Not Injured, N, N
AUS, 2, 1, 0, 0, 2017, September, Wednesday, 07:40 am, 100, Dry, N, Daylight, Hit Fixed Object, Fatal, N, N
AUS, 2, 0, 0, 0, 2017, September, Tuesday, 12:50 pm, 060, Dry, N, Daylight, Side Swipe, Not Injured, N, N
AUS, 3, 0, 1, 0, 2017, September, Wednesday, 08:00 am, 050, Wet, Y, Daylight, Rear End, Major Injury, N, N
AUS, 2, 0, 0, 1, 2017, September, Wednesday, 09:09 am, 060, Wet, Y, Daylight, Rear End, Minor Injury, N, N
AUS, 2, 0, 0, 0, 2017, September, Wednesday, 09:15 am, 060, Wet, N, Daylight, Rear End, Not Injured, N, N
AUS, 2, 0, 0, 0, 2017, September, Wednesday, 09:00 am, 060, Dry, N, Daylight, Side Swipe, Not Injured, N, N
AUS, 2, 0, 0, 0, 2017, September, Tuesday, 04:45 pm, 040, Dry, N, Daylight, Right Angle, Not Injured, N, N
AUS, 2, 0, 0, 0, 2017, September, Wednesday, 08:45 am, 050, Wet, Y, Daylight, Rear End, Not Injured, N, N
AUS, 2, 0, 0, 1, 2017, September, Wednesday, 07:50 am, 060, Wet, Y, Daylight, Right Angle, Minor Injury, N, N
AUS, 2, 0, 0, 0, 2017, September, Wednesday, 01:20 pm, 060, Dry, N, Daylight, Right Angle, Not Injured, N, N
AUS, 2, 0, 0, 1, 2017, September, Tuesday, 04:45 pm, 060, Dry, N, Daylight, Rear End, Minor Injury, N, N
AUS, 2, 0, 0, 1, 2017, September, Wednesday, 09:40 am, 060, Dry, N, Daylight, Rear End, Minor Injury, N, N
AUS, 2, 0, 0, 1, 2017, September, Wednesday, 09:15 am, 060, Wet, N, Daylight, Rear End, Minor Injury, N, N
AUS, 2, 0, 0, 0, 2017, September, Wednesday, 08:18 am, 060, Dry, N, Daylight, Side Swipe, Not Injured, N, N
AUS, 2, 0, 0, 1, 2017, September, Tuesday, 08:25 pm, 050, Dry, N, Night, Head On, Minor Injury, N, N
AUS, 2, 0, 0, 0, 2017, September, Wednesday, 03:30 pm, 080, Dry, N, Daylight, Hit Fixed Object, Not Injured, N, N
AUS, 2, 0, 0, 0, 2017, September, Wednesday, 03:15 pm, 060, Dry, N, Daylight, Right Angle, Not Injured, N, N
AUS, 2, 0, 0, 0, 2017, September, Wednesday, 03:37 pm, 080, Wet, Y, Daylight, Rear End, Not Injured, N, N
AUS, 3, 0, 0, 1, 2017, September, Wednesday, 03:00 pm, 080, Wet, Y, Daylight, Hit Fixed Object, Minor Injury, N, N
AUS, 2, 0, 0, 1, 2017, September, Wednesday, 05:25 pm, 060, Wet, Y, Daylight, Hit Pedestrian, Minor Injury, N, N
AUS, 2, 0, 0, 2, 2017, September, Wednesday, 05:30 pm, 080, Dry, N, Daylight, Right Angle, Minor Injury, N, N
AUS, 2, 0, 0, 0, 2017, September, Wednesday, 03:20 pm, 060, Wet, Y, Daylight, Right Angle, Not Injured, N, N
AUS, 3, 0, 0, 0, 2017, September, Tuesday, 09:13 pm, 050, Dry, N, Night, Rear End, Not Injured, N, N
AUS, 3, 0, 0, 2, 2017, September, Wednesday, 05:40 pm, 080, Dry, N, Daylight, Rear End, Minor Injury, N, Y
AUS, 3, 0, 0, 0, 2017, September, Wednesday, 04:50 pm, 060, Wet, N, Daylight, Hit Fixed Object, Not Injured, N, N
AUS, 2, 0, 0, 0, 2017, September, Wednesday, 09:20 am, 080, Wet, Y, Daylight, Right Angle, Not Injured, N, N
AUS, 2, 0, 0, 0, 2017, September, Wednesday, 05:20 pm, 050, Dry, N, Daylight, Rear End, Not Injured, N, N
AUS, 2, 0, 0, 0, 2017, September, Wednesday, 04:55 pm, 080, Wet, N, Daylight, Right Angle, Not Injured, N, N
AUS, 2, 0, 0, 0, 2017, September, Thursday, 07:00 am, 060, Wet, Y, Daylight, Right Angle, Not Injured, N, N
AUS, 2, 0, 0, 0, 2017, September, Thursday, 05:37 am, 050, Dry, N, Night, Side Swipe, Not Injured, N, N
AUS, 2, 0, 0, 0, 2017, September, Thursday, 08:20 am, 050, Wet, Y, Daylight, Right Angle, Not Injured, N, N
AUS, 2, 0, 0, 1, 2017, September, Wednesday, 05:35 pm, 050, Wet, Y, Daylight, Rear End, Minor Injury, N, N
AUS, 3, 0, 0, 0, 2017, September, Thursday, 07:55 am, 060, Wet, Y, Daylight, Rear End, Not Injured, N, N
AUS, 2, 0, 0, 0, 2017, September, Thursday, 09:45 am, 060, Dry, N, Daylight, Right Angle, Not Injured, N, N
AUS, 2, 0, 0, 0, 2017, September, Thursday, 07:55 am, 050, Dry, N, Daylight, Right Angle, Not Injured, N, N
AUS, 2, 0, 0, 1, 2017, September, Wednesday, 04:10 pm, 050, Dry, N, Daylight, Right Angle, Minor Injury, N, N
AUS, 2, 0, 0, 1, 2017, September, Wednesday, 10:40 am, 060, Dry, N, Daylight, Right Angle, Minor Injury, N, N
AUS, 2, 0, 0, 0, 2017, September, Thursday, 10:15 am, 060, Dry, N, Daylight, Right Angle, Not Injured, N, N
AUS, 2, 0, 0, 0, 2017, September, Thursday, 09:50 am, 050, Dry, N, Daylight, Right Angle, Not Injured, N, N
AUS, 2, 0, 0, 1, 2017, September, Thursday, 06:40 am, 060, Wet, Y, Daylight, Rear End, Minor Injury, N, N
AUS, 2, 0, 0, 0, 2017, September, Thursday, 12:15 pm, 060, Dry, N, Daylight, Right Angle, Not Injured, N, N
AUS, 2, 0, 0, 0, 2017, September, Thursday, 01:00 pm, 060, Dry, N, Daylight, Right Angle, Not Injured, N, N
AUS, 2, 0, 0, 0, 2017, September, Wednesday, 06:25 am, 050, Dry, N, Daylight, Side Swipe, Not Injured, N, N
AUS, 2, 0, 0, 2, 2017, September, Wednesday, 03:40 pm, 050, Wet, Y, Daylight, Rear End, Minor Injury, N, N
AUS, 2, 0, 0, 0, 2017, September, Thursday, 03:55 pm, 060, Wet, Y, Daylight, Hit Fixed Object, Not Injured, N, N
AUS, 2, 0, 1, 0, 2017, September, Thursday, 03:50 pm, 050, Dry, N, Daylight, Right Angle, Major Injury, N, N
AUS, 2, 0, 0, 0, 2017, September, Thursday, 04:10 pm, 050, Dry, N, Daylight, Rear End, Not Injured, N, N
AUS, 2, 0, 0, 1, 2017, September, Thursday, 02:15 pm, 060, Dry, N, Daylight, Hit Fixed Object, Minor Injury, N, N
AUS, 2, 0, 0, 1, 2017, September, Thursday, 05:00 pm, 060, Dry, N, Daylight, Rear End, Minor Injury, N, N
AUS, 2, 0, 0, 1, 2017, September, Thursday, 05:27 pm, 060, Dry, N, Daylight, Rear End, Minor Injury, N, N
AUS, 3, 0, 0, 0, 2017, September, Thursday, 04:40 pm, 060, Dry, N, Daylight, Rear End, Not Injured, N, N
AUS, 2, 0, 0, 0, 2017, September, Wednesday, 10:50 am, 050, Wet, Y, Daylight, Right Angle, Not Injured, N, N
AUS, 2, 0, 0, 0, 2017, September, Thursday, 11:20 am, 060, Dry, N, Daylight, Rear End, Not Injured, N, N
AUS, 2, 0, 0, 0, 2017, September, Thursday, 05:30 pm, 060, Dry, N, Daylight, Right Angle, Not Injured, N, N
AUS, 2, 0, 0, 2, 2017, September, Thursday, 04:40 pm, 060, Dry, N, Daylight, Rear End, Minor Injury, N, N
AUS, 2, 0, 0, 1, 2017, September, Thursday, 03:50 pm, 060, Wet, Y, Daylight, Rear End, Minor Injury, N, N
AUS, 2, 0, 0, 0, 2017, September, Wednesday, 12:00 pm, 060, Dry, N, Daylight, Rear End, Not Injured, N, N
AUS, 2, 0, 0, 0, 2017, September, Thursday, 08:00 pm, 110, Dry, N, Night, Rear End, Not Injured, N, N
AUS, 2, 0, 0, 0, 2017, September, Thursday, 10:11 pm, 080, Wet, Y, Night, Hit Fixed Object, Not Injured, N, N
AUS, 2, 0, 0, 0, 2017, September, Thursday, 09:48 pm, 110, Dry, N, Night, Hit Fixed Object, Not Injured, N, N
AUS, 2, 0, 0, 0, 2017, September, Thursday, 08:00 pm, 050, Dry, N, Night, Hit Fixed Object, Not Injured, Y, N
AUS, 3, 0, 0, 0, 2017, September, Friday, 05:48 am, 080, Dry, N, Night, Rear End, Not Injured, N, N
AUS, 2, 0, 0, 0, 2017, September, Friday, 06:25 am, 060, Dry, N, Daylight, Right Angle, Not Injured, N, N
AUS, 2, 0, 0, 1, 2017, September, Wednesday, 02:00 pm, 080, Wet, Y, Daylight, Hit Fixed Object, Minor Injury, N, N
AUS, 2, 0, 0, 0, 2017, September, Thursday, 07:50 pm, 060, Dry, N, Night, Rear End, Not Injured, N, N
AUS, 2, 0, 0, 0, 2017, September, Friday, 08:10 am, 050, Dry, N, Daylight, Side Swipe, Not Injured, N, N
AUS, 2, 0, 0, 0, 2017, September, Friday, 09:30 am, 060, Dry, N, Daylight, Rear End, Not Injured, N, N
AUS, 2, 0, 0, 0, 2017, September, Thursday, 05:30 pm, 050, Dry, N, Daylight, Rear End, Not Injured, N, N
AUS, 2, 0, 0, 0, 2017, September, Thursday, 11:00 pm, 050, Wet, N, Night, Hit Fixed Object, Not Injured, N, N
AUS, 3, 0, 0, 0, 2017, September, Friday, 08:45 am, 080, Dry, N, Daylight, Rear End, Not Injured, N, N
AUS, 2, 0, 0, 5, 2017, September, Friday, 12:08 pm, 100, Dry, N, Daylight, Rear End, Minor Injury, N, N
AUS, 3, 0, 0, 2, 2017, September, Friday, 11:30 am, 080, Dry, N, Daylight, Right Angle, Minor Injury, N, N
AUS, 2, 0, 0, 0, 2017, September, Friday, 11:30 am, 110, Dry, N, Daylight, Side Swipe, Not Injured, N, N
AUS, 3, 0, 0, 1, 2017, September, Friday, 11:45 am, 080, Dry, N, Daylight, Rear End, Minor Injury, N, N
AUS, 2, 0, 0, 1, 2017, September, Tuesday, 12:15 pm, 060, Dry, N, Daylight, Rear End, Minor Injury, N, N
AUS, 2, 0, 0, 3, 2017, September, Thursday, 08:45 am, 060, Dry, N, Daylight, Rear End, Minor Injury, N, N
AUS, 2, 0, 1, 0, 2017, September, Monday, 01:10 pm, 050, Dry, N, Daylight, Right Angle, Major Injury, N, N
AUS, 2, 0, 0, 0, 2017, September, Friday, 09:00 am, 050, Dry, N, Daylight, Right Angle, Not Injured, N, N
AUS, 2, 0, 0, 1, 2017, September, Friday, 09:00 am, 110, Dry, N, Daylight, Hit Fixed Object, Minor Injury, N, N
AUS, 2, 0, 0, 0, 2017, September, Friday, 03:45 pm, 060, Dry, N, Daylight, Side Swipe, Not Injured, N, N
AUS, 2, 0, 0, 0, 2017, September, Tuesday, 06:41 pm, 050, Dry, N, Night, Side Swipe, Not Injured, N, N
AUS, 2, 0, 0, 0, 2017, September, Tuesday, 03:40 pm, 060, Dry, N, Daylight, Right Angle, Not Injured, N, N
AUS, 2, 0, 0, 0, 2017, September, Thursday, 07:15 pm, 100, Dry, N, Night, Rear End, Not Injured, N, N
AUS, 2, 0, 0, 0, 2017, September, Friday, 04:44 pm, 060, Dry, N, Daylight, Right Angle, Not Injured, N, N
AUS, 3, 0, 0, 1, 2017, September, Friday, 05:48 pm, 060, Dry, N, Daylight, Hit Fixed Object, Minor Injury, N, N
AUS, 2, 0, 1, 0, 2017, September, Wednesday, 09:00 pm, 060, Wet, Y, Night, Right Angle, Major Injury, N, N
AUS, 2, 0, 0, 0, 2017, September, Friday, 04:40 pm, 060, Dry, N, Daylight, Rear End, Not Injured, N, N
AUS, 2, 0, 0, 0, 2017, September, Friday, 06:15 pm, 050, Dry, N, Night, Hit Fixed Object, Not Injured, Y, N
AUS, 3, 0, 0, 0, 2017, September, Friday, 04:00 pm, 050, Dry, N, Daylight, Right Angle, Not Injured, N, N
AUS, 2, 0, 0, 0, 2017, September, Friday, 09:19 pm, 060, Dry, N, Night, Right Angle, Not Injured, N, N
AUS, 2, 0, 0, 0, 2017, September, Friday, 08:45 pm, 060, Dry, N, Night, Right Angle, Not Injured, N, N
AUS, 2, 0, 0, 0, 2017, September, Friday, 05:30 pm, 100, Dry, N, Daylight, Head On, Not Injured, N, N
AUS, 2, 0, 0, 1, 2017, September, Saturday, 04:20 am, 060, Dry, N, Night, Hit Fixed Object, Minor Injury, N, N
AUS, 2, 0, 0, 0, 2017, September, Saturday, 02:20 am, 050, Wet, N, Night, Hit Fixed Object, Not Injured, Y, N
AUS, 2, 0, 0, 0, 2017, September, Friday, 02:40 pm, 050, Dry, N, Daylight, Rear End, Not Injured, N, N
AUS, 2, 0, 0, 0, 2017, September, Friday, 05:15 pm, 060, Dry, N, Daylight, Right Angle, Not Injured, N, N
AUS, 2, 0, 0, 0, 2017, September, Friday, 06:30 pm, 060, Dry, N, Night, Hit Pedestrian, Not Injured, N, N
AUS, 2, 0, 0, 0, 2017, September, Saturday, 10:10 am, 060, Dry, N, Daylight, Rear End, Not Injured, N, N
AUS, 2, 0, 0, 0, 2017, September, Friday, 12:30 pm, 060, Dry, N, Daylight, Side Swipe, Not Injured, N, N
AUS, 2, 0, 0, 0, 2017, September, Saturday, 10:14 am, 090, Dry, N, Daylight, Rear End, Not Injured, N, N
AUS, 2, 0, 0, 0, 2017, September, Saturday, 11:08 am, 050, Dry, N, Daylight, Right Angle, Not Injured, N, N
AUS, 2, 0, 0, 0, 2017, September, Saturday, 12:00 pm, 060, Dry, N, Daylight, Rear End, Not Injured, N, N
AUS, 2, 0, 0, 0, 2017, September, Saturday, 12:00 pm, 050, Dry, N, Daylight, Right Angle, Not Injured, N, N
AUS, 2, 0, 0, 0, 2017, September, Friday, 03:30 pm, 060, Dry, N, Daylight, Rear End, Not Injured, N, N
AUS, 2, 0, 0, 0, 2017, September, Friday, 11:15 am, 050, Dry, N, Daylight, Hit Fixed Object, Not Injured, N, N
AUS, 2, 0, 0, 0, 2017, September, Friday, 05:45 pm, 060, Dry, N, Daylight, Rear End, Not Injured, N, N
AUS, 2, 0, 0, 0, 2017, September, Friday, 06:25 pm, 060, Dry, N, Night, Hit Fixed Object, Not Injured, N, N
AUS, 2, 0, 0, 0, 2017, September, Saturday, 04:45 pm, 050, Dry, N, Daylight, Hit Fixed Object, Not Injured, N, N
AUS, 2, 0, 0, 0, 2017, September, Saturday, 09:10 pm, 060, Dry, N, Night, Rear End, Not Injured, N, N
AUS, 2, 0, 0, 0, 2017, September, Saturday, 08:45 pm, 050, Dry, N, Night, Hit Fixed Object, Not Injured, N, N
AUS, 2, 0, 0, 0, 2017, September, Saturday, 06:00 pm, 100, Dry, N, Daylight, Hit Fixed Object, Not Injured, N, N
AUS, 2, 0, 0, 1, 2017, September, Saturday, 10:00 pm, 060, Dry, N, Night, Hit Fixed Object, Minor Injury, N, N
AUS, 2, 0, 0, 0, 2017, September, Saturday, 10:30 pm, 060, Dry, N, Night, Hit Fixed Object, Not Injured, N, N
AUS, 2, 0, 0, 2, 2017, September, Saturday, 03:55 pm, 060, Dry, N, Daylight, Right Angle, Minor Injury, N, N
AUS, 3, 0, 0, 0, 2017, September, Saturday, 03:08 pm, 050, Dry, N, Daylight, Right Angle, Not Injured, N, N
AUS, 2, 0, 0, 0, 2017, September, Saturday, 09:50 am, 060, Dry, N, Daylight, Right Angle, Not Injured, N, N
AUS, 2, 0, 0, 0, 2017, September, Saturday, 02:40 pm, 050, Dry, N, Daylight, Rear End, Not Injured, N, N
AUS, 2, 0, 0, 0, 2017, September, Saturday, 11:50 am, 060, Dry, N, Daylight, Rear End, Not Injured, N, N
AUS, 2, 0, 0, 2, 2017, September, Sunday, 11:48 am, 080, Dry, N, Daylight, Right Angle, Minor Injury, N, N
AUS, 2, 0, 0, 0, 2017, September, Sunday, 10:40 am, 100, Dry, N, Daylight, Hit Fixed Object, Not Injured, N, N
AUS, 3, 0, 0, 1, 2017, September, Sunday, 01:50 pm, 080, Dry, N, Daylight, Rear End, Minor Injury, N, N
AUS, 2, 0, 0, 0, 2017, September, Sunday, 01:00 pm, 060, Dry, N, Daylight, Right Angle, Not Injured, N, N
AUS, 2, 0, 0, 0, 2017, September, Sunday, 02:00 pm, 050, Dry, N, Daylight, Side Swipe, Not Injured, N, N
AUS, 2, 0, 0, 0, 2017, September, Saturday, 09:30 pm, 050, Dry, N, Night, Hit Fixed Object, Not Injured, N, N
AUS, 2, 0, 0, 0, 2017, September, Saturday, 05:20 pm, 110, Dry, N, Daylight, Hit Fixed Object, Not Injured, N, N
AUS, 2, 0, 0, 1, 2017, September, Saturday, 08:30 pm, 080, Dry, N, Night, Hit Fixed Object, Minor Injury, Y, N
AUS, 2, 0, 0, 5, 2017, September, Sunday, 02:45 pm, 050, Dry, N, Daylight, Head On, Minor Injury, N, N
AUS, 2, 0, 0, 0, 2017, September, Sunday, 04:00 pm, 060, Dry, N, Daylight, Right Angle, Not Injured, N, N
AUS, 2, 0, 0, 0, 2017, September, Saturday, 09:27 pm, 060, Dry, N, Night, Rear End, Not Injured, Y, N
AUS, 2, 0, 0, 0, 2017, September, Sunday, 04:20 pm, 050, Dry, N, Daylight, Hit Fixed Object, Not Injured, N, N
AUS, 2, 0, 0, 0, 2017, September, Sunday, 03:20 pm, 080, Dry, N, Daylight, Hit Fixed Object, Not Injured, N, N
AUS, 2, 0, 0, 0, 2017, September, Sunday, 05:45 pm, 050, Dry, N, Daylight, Hit Fixed Object, Not Injured, N, N
AUS, 2, 0, 0, 1, 2017, September, Monday, 05:55 am, 080, Dry, N, Night, Hit Fixed Object, Minor Injury, N, N
AUS, 2, 0, 0, 0, 2017, September, Monday, 08:50 am, 060, Dry, N, Daylight, Right Angle, Not Injured, N, N
AUS, 2, 0, 0, 0, 2017, September, Monday, 08:00 am, 060, Dry, N, Daylight, Side Swipe, Not Injured, N, N
AUS, 3, 0, 0, 0, 2017, September, Wednesday, 04:50 pm, 040, Dry, N, Daylight, Hit Fixed Object, Not Injured, N, N
AUS, 2, 0, 0, 0, 2017, September, Monday, 08:00 am, 100, Dry, N, Daylight, Rear End, Not Injured, N, N
AUS, 2, 0, 0, 1, 2017, September, Monday, 08:50 am, 060, Dry, N, Daylight, Rear End, Minor Injury, N, N
AUS, 2, 0, 1, 0, 2017, September, Sunday, 10:19 am, 100, Dry, N, Daylight, Hit Fixed Object, Major Injury, N, N
AUS, 2, 0, 0, 1, 2017, September, Monday, 08:29 am, 060, Dry, N, Daylight, Right Angle, Minor Injury, N, N
AUS, 2, 0, 0, 2, 2017, September, Monday, 11:50 am, 050, Dry, N, Daylight, Right Angle, Minor Injury, N, N
AUS, 2, 0, 0, 0, 2017, August, Monday, 08:25 am, 060, Dry, N, Daylight, Side Swipe, Not Injured, N, N
AUS, 2, 0, 0, 0, 2017, September, Monday, 11:10 am, 060, Wet, Y, Daylight, Rear End, Not Injured, N, N
AUS, 2, 0, 0, 1, 2017, September, Monday, 11:15 am, 060, Wet, Y, Daylight, Right Angle, Minor Injury, N, N
AUS, 2, 0, 1, 0, 2017, September, Monday, 01:15 pm, 110, Wet, Y, Daylight, Hit Fixed Object, Major Injury, N, N
AUS, 2, 0, 0, 0, 2017, September, Thursday, 12:25 pm, 060, Dry, N, Daylight, Hit Fixed Object, Not Injured, N, N
AUS, 2, 0, 0, 0, 2017, September, Monday, 10:50 am, 060, Wet, Y, Daylight, Head On, Not Injured, N, N
AUS, 2, 0, 0, 0, 2017, September, Saturday, 10:00 pm, 050, Dry, N, Night, Hit Pedestrian, Not Injured, N, N
AUS, 2, 0, 0, 2, 2017, September, Saturday, 06:18 am, 060, Dry, N, Daylight, Right Angle, Minor Injury, N, N
AUS, 2, 0, 0, 0, 2017, September, Monday, 03:18 pm, 050, Dry, N, Daylight, Right Angle, Not Injured, N, N
AUS, 2, 0, 0, 1, 2017, September, Monday, 05:00 pm, 100, Dry, N, Daylight, Right Angle, Minor Injury, N, N
AUS, 2, 0, 0, 0, 2017, September, Monday, 04:10 pm, 060, Dry, N, Daylight, Rear End, Not Injured, N, N
AUS, 3, 0, 1, 0, 2017, September, Monday, 05:30 pm, 060, Dry, N, Daylight, Rear End, Major Injury, N, N
AUS, 2, 0, 0, 1, 2017, September, Monday, 05:26 pm, 060, Dry, N, Daylight, Right Angle, Minor Injury, N, N
AUS, 2, 0, 0, 0, 2017, September, Monday, 05:05 pm, 050, Dry, N, Daylight, Hit Pedestrian, Not Injured, N, N
AUS, 2, 0, 0, 0, 2017, September, Monday, 04:45 pm, 070, Dry, N, Daylight, Side Swipe, Not Injured, N, N
AUS, 2, 0, 0, 1, 2017, September, Monday, 05:48 pm, 100, Dry, N, Daylight, Hit Fixed Object, Minor Injury, N, N
AUS, 3, 0, 0, 1, 2017, September, Monday, 08:50 pm, 050, Dry, N, Night, Right Angle, Minor Injury, N, N
AUS, 3, 0, 0, 0, 2017, September, Monday, 08:40 am, 060, Dry, N, Daylight, Rear End, Not Injured, N, N
AUS, 2, 0, 0, 1, 2017, September, Monday, 09:20 am, 060, Dry, N, Daylight, Side Swipe, Minor Injury, N, N
AUS, 2, 0, 0, 1, 2017, September, Tuesday, 10:20 am, 060, Dry, N, Daylight, Right Angle, Minor Injury, N, N
AUS, 2, 0, 0, 0, 2017, September, Tuesday, 08:24 am, 060, Dry, N, Daylight, Rear End, Not Injured, N, N
AUS, 2, 0, 0, 2, 2017, September, Tuesday, 09:15 am, 060, Dry, N, Daylight, Rear End, Minor Injury, N, N
AUS, 4, 0, 0, 0, 2017, September, Tuesday, 10:15 am, 050, Dry, N, Daylight, Hit Fixed Object, Not Injured, N, N
AUS, 2, 0, 0, 0, 2017, September, Tuesday, 10:35 am, 050, Wet, Y, Daylight, Rear End, Not Injured, N, N
AUS, 3, 0, 0, 1, 2017, September, Tuesday, 12:13 pm, 060, Dry, N, Daylight, Rear End, Minor Injury, N, N
AUS, 2, 0, 0, 1, 2017, September, Tuesday, 11:50 am, 060, Dry, N, Daylight, Right Angle, Minor Injury, N, N
AUS, 2, 0, 0, 1, 2017, September, Tuesday, 12:30 pm, 060, Dry, N, Daylight, Rear End, Minor Injury, N, N
AUS, 2, 0, 0, 0, 2017, September, Tuesday, 11:50 am, 050, Dry, N, Daylight, Hit Fixed Object, Not Injured, N, N
AUS, 2, 0, 0, 1, 2017, September, Monday, 08:25 am, 060, Dry, N, Daylight, Rear End, Minor Injury, N, N
AUS, 2, 0, 0, 0, 2017, September, Tuesday, 02:49 pm, 060, Dry, N, Daylight, Right Angle, Not Injured, N, N
AUS, 2, 0, 0, 1, 2017, September, Tuesday, 02:30 pm, 080, Dry, N, Daylight, Hit Fixed Object, Minor Injury, N, Y
AUS, 2, 0, 0, 0, 2017, September, Tuesday, 02:15 pm, 050, Dry, N, Daylight, Hit Fixed Object, Not Injured, N, N
AUS, 4, 0, 0, 0, 2017, September, Tuesday, 02:30 pm, 060, Dry, N, Daylight, Rear End, Not Injured, N, N
AUS, 2, 0, 0, 1, 2017, September, Tuesday, 04:25 pm, 060, Dry, N, Daylight, Hit Fixed Object, Minor Injury, N, N
AUS, 2, 0, 0, 0, 2017, September, Tuesday, 04:20 pm, 070, Dry, N, Daylight, Side Swipe, Not Injured, N, N