Nation,Total Units,Total Fatalities,Total Serious Injuries,Total Minor Injuries,Year,Month,Day,Time,Speed Limit,Moisture,Adverse Weather Conditions,DayNight,Crash Type,Crash Severity,Alcohol Related ,Drug Related
AUS, 3, 0, 0, 1, 2017, September, Tuesday, 05:09 pm, 090, Dry, N, Daylight, Rear End, Minor Injury, N, N
AUS, 2, 0, 0, 0, 2017, September, Tuesday, 08:30 am, 060, Dry, N, Daylight, Rear End, Not Injured, N, N
AUS, 2, 0, 0, 0, 2017, September, Tuesday, 03:20 pm, 050, Dry, N, Daylight, Right Angle, Not Injured, N, N
AUS, 2, 0, 0, 1, 2017, September, Tuesday, 05:15 pm, 110, Dry, N, Daylight, Rear End, Minor Injury, N, N
AUS, 2, 0, 0, 1, 2017, September, Tuesday, 05:00 pm, 110, Dry, N, Daylight, Hit Fixed Object, Minor Injury, N, N
AUS, 2, 0, 0, 0, 2017, September, Tuesday, 07:00 pm, 070, Dry, N, Night, Right Angle, Not Injured, N, N
AUS, 2, 0, 0, 1, 2017, September, Tuesday, 03:15 pm, 050, Dry, N, Daylight, Hit Pedestrian, Minor Injury, N, N
AUS, 2, 1, 0, 0, 2017, September, Tuesday, 01:27 pm, 110, Dry, N, Daylight, Right Angle, Fatal, N, N
AUS, 3, 0, 0, 0, 2017, September, Tuesday, 07:30 pm, 050, Dry, N, Night, Hit Fixed Object, Not Injured, N, N
AUS, 4, 0, 0, 1, 2017, September, Tuesday, 06:35 am, 100, Dry, N, Daylight, Side Swipe, Minor Injury, N, N
AUS, 2, 0, 1, 0, 2017, September, Tuesday, 11:30 am, 080, Dry, N, Daylight, Hit Fixed Object, Major Injury, N, N
AUS, 2, 0, 0, 1, 2017, September, Wednesday, 07:40 am, 080, Dry, N, Daylight, Rear End, Minor Injury, N, N
AUS, 2, 0, 0, 0, 2017, September, Wednesday, 07:30 am, 060, Dry, N, Daylight, Right Angle, Not Injured, N, N
AUS, 2, 0, 0, 0, 2017, September, Wednesday, 08:45 am, 040, Dry, N, Daylight, Side Swipe, Not Injured, N, N
AUS, 2, 0, 0, 0, 2017, September, Tuesday, 12:55 pm, 050, Dry, N, Daylight, Hit Fixed Object, Not Injured, N, N
AUS, 2, 0, 0, 0, 2017, September, Tuesday, 02:30 pm, 080, Dry, N, Daylight, Head On, Not Injured, N, N
AUS, 2, 0, 0, 0, 2017, September, Wednesday, 11:00 am, 060, Dry, N, Daylight, Right Angle, Not Injured, N, N
AUS, 2, 0, 0, 0, 2017, September, Tuesday, 02:05 pm, 060, Dry, N, Daylight, Right Angle, Not Injured, N, N
AUS, 2, 0, 0, 1, 2017, September, Tuesday, 02:20 pm, 060, Dry, N, Daylight, Rear End, Minor Injury, N, N
AUS, 2, 0, 0, 0, 2017, September, Saturday, 04:15 pm, 060, Dry, N, Daylight, Side Swipe, Not Injured, N, N
AUS, 2, 0, 0, 0, 2017, September, Wednesday, 10:30 am, 060, Dry, N, Daylight, Side Swipe, Not Injured, N, N
AUS, 2, 0, 0, 0, 2017, September, Wednesday, 08:50 am, 060, Dry, N, Daylight, Rear End, Not Injured, N, N
AUS, 2, 0, 0, 1, 2017, September, Tuesday, 12:05 pm, 060, Dry, N, Daylight, Rear End, Minor Injury, N, N
AUS, 3, 0, 0, 0, 2017, September, Wednesday, 09:50 am, 060, Dry, N, Daylight, Rear End, Not Injured, N, N
AUS, 2, 0, 0, 1, 2017, September, Wednesday, 05:45 am, 080, Wet, Y, Night, Rear End, Minor Injury, N, N
AUS, 3, 0, 0, 3, 2017, September, Wednesday, 12:25 pm, 050, Dry, N, Daylight, Right Angle, Minor Injury, N, N
AUS, 2, 0, 0, 0, 2017, September, Wednesday, 01:00 pm, 060, Dry, N, Daylight, Rear End, Not Injured, N, N
AUS, 2, 0, 0, 0, 2017, September, Saturday, 07:00 pm, 060, Dry, N, Night, Side Swipe, Not Injured, N, N
AUS, 2, 0, 0, 0, 2017, September, Wednesday, 01:40 pm, 080, Dry, N, Daylight, Side Swipe, Not Injured, N, N
AUS, 2, 0, 0, 0, 2017, September, Wednesday, 08:00 am, 080, Dry, N, Daylight, Hit Fixed Object, Not Injured, N, N
AUS, 2, 0, 0, 0, 2017, September, Tuesday, 05:35 pm, 080, Dry, N, Daylight, Rear End, Not Injured, N, N
AUS, 2, 0, 0, 0, 2017, September, Wednesday, 04:45 pm, 060, Dry, N, Daylight, Rear End, Not Injured, N, N
AUS, 2, 0, 0, 0, 2017, September, Wednesday, 02:50 pm, 060, Dry, N, Daylight, Rear End, Not Injured, N, N
AUS, 2, 0, 0, 1, 2017, September, Wednesday, 05:40 pm, 070, Dry, N, Daylight, Rear End, Minor Injury, N, N
AUS, 2, 0, 0, 1, 2017, August, Tuesday, 03:00 pm, 050, Dry, N, Daylight, Rear End, Minor Injury, N, N
AUS, 3, 0, 1, 1, 2017, September, Wednesday, 05:40 pm, 050, Dry, N, Daylight, Right Angle, Major Injury, N, N
AUS, 2, 0, 0, 1, 2017, September, Wednesday, 10:18 pm, 080, Dry, N, Night, Rear End, Minor Injury, N, N
AUS, 2, 0, 0, 0, 2017, September, Thursday, 05:00 am, 110, Dry, N, Night, Hit Fixed Object, Not Injured, N, N
AUS, 2, 0, 0, 1, 2017, September, Thursday, 02:30 am, 110, Dry, N, Night, Head On, Minor Injury, N, N
AUS, 2, 0, 0, 0, 2017, September, Thursday, 07:45 am, 060, Dry, N, Daylight, Right Angle, Not Injured, N, N
AUS, 2, 0, 0, 0, 2017, September, Thursday, 08:30 am, 060, Dry, N, Daylight, Side Swipe, Not Injured, N, N
AUS, 2, 0, 0, 0, 2017, September, Thursday, 07:10 am, 050, Dry, N, Daylight, Side Swipe, Not Injured, N, N
AUS, 3, 0, 0, 1, 2017, September, Thursday, 09:10 am, 060, Dry, N, Daylight, Rear End, Minor Injury, N, N
AUS, 3, 0, 0, 0, 2017, September, Thursday, 08:30 am, 060, Dry, N, Daylight, Side Swipe, Not Injured, N, N
AUS, 4, 0, 0, 0, 2017, September, Thursday, 07:30 am, 060, Dry, N, Daylight, Rear End, Not Injured, N, N
AUS, 2, 0, 0, 1, 2017, September, Thursday, 09:12 am, 100, Dry, N, Daylight, Hit Fixed Object, Minor Injury, N, N
AUS, 3, 0, 0, 2, 2017, September, Thursday, 11:30 am, 060, Dry, N, Daylight, Rear End, Minor Injury, N, N
AUS, 2, 0, 0, 0, 2017, September, Friday, 02:00 pm, 040, Dry, N, Daylight, Right Angle, Not Injured, N, N
AUS, 2, 0, 0, 2, 2017, September, Thursday, 03:23 pm, 050, Dry, N, Daylight, Right Angle, Minor Injury, N, N
AUS, 2, 0, 0, 1, 2017, September, Wednesday, 02:40 pm, 060, Dry, N, Daylight, Rear End, Minor Injury, N, N
AUS, 2, 0, 0, 0, 2017, September, Wednesday, 05:00 pm, 060, Dry, N, Daylight, Rear End, Not Injured, N, N
AUS, 2, 0, 0, 0, 2017, September, Thursday, 01:00 pm, 060, Dry, N, Daylight, Side Swipe, Not Injured, N, N
AUS, 2, 0, 0, 1, 2017, September, Thursday, 03:35 pm, 050, Dry, N, Daylight, Rear End, Minor Injury, N, N
AUS, 2, 0, 0, 0, 2017, September, Thursday, 05:05 pm, 050, Dry, N, Daylight, Rear End, Not Injured, N, N
AUS, 2, 0, 0, 0, 2017, September, Thursday, 04:20 pm, 050, Dry, N, Daylight, Side Swipe, Not Injured, N, N
AUS, 2, 0, 0, 0, 2017, September, Thursday, 05:20 pm, 050, Dry, N, Daylight, Right Angle, Not Injured, N, N
AUS, 5, 0, 0, 0, 2017, September, Thursday, 04:45 pm, 100, Dry, N, Daylight, Rear End, Not Injured, N, N
AUS, 2, 0, 0, 0, 2017, September, Thursday, 06:05 pm, 060, Dry, N, Daylight, Right Angle, Not Injured, N, N
AUS, 2, 0, 0, 0, 2017, September, Thursday, 06:50 pm, 080, Dry, N, Night, Right Angle, Not Injured, N, N
AUS, 2, 0, 0, 1, 2017, September, Thursday, 06:12 pm, 040, Dry, N, Night, Right Angle, Minor Injury, N, N
AUS, 2, 0, 0, 1, 2017, September, Thursday, 08:25 pm, 050, Dry, N, Night, Right Angle, Minor Injury, N, N
AUS, 2, 0, 0, 1, 2017, September, Thursday, 08:00 pm, 050, Dry, N, Night, Hit Pedestrian, Minor Injury, N, N
AUS, 2, 0, 0, 1, 2017, September, Friday, 01:00 am, 110, Dry, N, Night, Hit Fixed Object, Minor Injury, N, N
AUS, 3, 1, 0, 0, 2017, September, Thursday, 11:20 pm, 040, Dry, N, Night, Hit Fixed Object, Fatal, Y, Y
AUS, 2, 0, 1, 1, 2017, September, Thursday, 12:25 pm, 050, Dry, N, Daylight, Right Angle, Major Injury, N, N
AUS, 4, 0, 0, 3, 2017, September, Friday, 07:35 am, 070, Dry, N, Daylight, Rear End, Minor Injury, N, N
AUS, 2, 0, 0, 1, 2017, September, Thursday, 11:50 am, 050, Dry, N, Daylight, Hit Fixed Object, Minor Injury, N, N
AUS, 5, 0, 0, 0, 2017, September, Friday, 08:25 am, 100, Dry, N, Daylight, Hit Fixed Object, Not Injured, N, N
AUS, 2, 0, 0, 0, 2017, September, Thursday, 07:50 am, 060, Dry, N, Daylight, Right Angle, Not Injured, N, N
AUS, 3, 0, 0, 2, 2017, September, Friday, 08:50 am, 060, Dry, N, Daylight, Rear End, Minor Injury, N, N
AUS, 2, 0, 0, 1, 2017, September, Friday, 09:55 am, 110, Dry, N, Daylight, Hit Fixed Object, Minor Injury, N, N
AUS, 2, 0, 0, 1, 2017, September, Thursday, 02:40 pm, 050, Dry, N, Daylight, Right Angle, Minor Injury, N, N
AUS, 2, 0, 0, 1, 2017, September, Friday, 09:00 am, 100, Dry, N, Daylight, Side Swipe, Minor Injury, N, N
AUS, 2, 0, 0, 1, 2017, September, Thursday, 07:20 pm, 050, Dry, N, Night, Hit Fixed Object, Minor Injury, Y, N
AUS, 2, 0, 0, 1, 2017, September, Thursday, 04:00 pm, 060, Dry, N, Daylight, Right Angle, Minor Injury, N, N
AUS, 2, 0, 0, 0, 2017, September, Friday, 12:24 pm, 060, Dry, N, Daylight, Side Swipe, Not Injured, N, N
AUS, 5, 0, 0, 0, 2017, September, Friday, 11:55 am, 070, Dry, N, Daylight, Rear End, Not Injured, N, N
AUS, 2, 0, 0, 2, 2017, September, Friday, 09:20 am, 060, Dry, N, Daylight, Right Angle, Minor Injury, N, N
AUS, 3, 0, 0, 0, 2017, September, Friday, 12:10 pm, 060, Dry, N, Daylight, Rear End, Not Injured, N, N
AUS, 2, 0, 0, 0, 2017, September, Thursday, 06:35 pm, 060, Dry, N, Night, Rear End, Not Injured, N, N
AUS, 2, 0, 0, 0, 2017, September, Friday, 03:54 pm, 080, Dry, N, Daylight, Rear End, Not Injured, N, N
AUS, 2, 0, 0, 0, 2017, September, Friday, 12:30 pm, 080, Dry, N, Daylight, Hit Fixed Object, Not Injured, N, N
AUS, 2, 0, 0, 1, 2017, September, Friday, 09:45 am, 050, Dry, N, Daylight, Rear End, Minor Injury, N, N
AUS, 2, 0, 0, 1, 2017, September, Friday, 03:25 pm, 090, Dry, N, Daylight, Right Angle, Minor Injury, N, N
AUS, 2, 0, 0, 1, 2017, September, Friday, 02:25 pm, 050, Dry, N, Daylight, Hit Pedestrian, Minor Injury, N, N
AUS, 2, 0, 0, 0, 2017, September, Friday, 03:24 pm, 050, Dry, N, Daylight, Side Swipe, Not Injured, N, N
AUS, 2, 0, 0, 0, 2017, September, Friday, 04:19 pm, 060, Dry, N, Daylight, Side Swipe, Not Injured, N, N
AUS, 2, 0, 0, 2, 2017, September, Friday, 03:10 pm, 060, Dry, N, Daylight, Right Angle, Minor Injury, N, N
AUS, 2, 0, 0, 0, 2017, September, Friday, 02:40 pm, 060, Dry, N, Daylight, Rear End, Not Injured, N, N
AUS, 3, 0, 0, 0, 2017, September, Friday, 01:20 pm, 050, Dry, N, Daylight, Hit Pedestrian, Not Injured, N, N
AUS, 2, 0, 0, 0, 2017, September, Friday, 03:02 pm, 060, Dry, N, Daylight, Rear End, Not Injured, N, N
AUS, 2, 0, 0, 2, 2017, September, Wednesday, 07:15 pm, 050, Dry, N, Night, Head On, Minor Injury, N, N
AUS, 3, 0, 0, 1, 2017, September, Friday, 04:35 pm, 050, Dry, N, Daylight, Right Angle, Minor Injury, N, N
AUS, 2, 0, 0, 0, 2017, September, Friday, 05:35 pm, 070, Dry, N, Daylight, Hit Pedestrian, Not Injured, N, N
AUS, 2, 0, 0, 0, 2017, September, Friday, 05:35 pm, 050, Dry, N, Daylight, Hit Pedestrian, Not Injured, N, N
AUS, 2, 0, 0, 0, 2017, September, Friday, 04:55 pm, 060, Dry, N, Daylight, Rear End, Not Injured, N, N
AUS, 4, 0, 0, 1, 2017, September, Friday, 06:00 pm, 060, Dry, N, Daylight, Rear End, Minor Injury, N, N
AUS, 2, 0, 0, 2, 2017, September, Friday, 04:40 pm, 100, Dry, N, Daylight, Right Angle, Minor Injury, N, N
AUS, 2, 0, 0, 2, 2017, September, Wednesday, 07:00 pm, 110, Dry, N, Night, Rear End, Minor Injury, N, N
AUS, 3, 0, 0, 0, 2017, September, Thursday, 09:00 pm, 080, Dry, N, Night, Hit Fixed Object, Not Injured, N, N
AUS, 2, 0, 0, 1, 2017, September, Friday, 04:00 pm, 060, Dry, N, Daylight, Side Swipe, Minor Injury, N, N
AUS, 2, 0, 0, 0, 2017, September, Friday, 04:50 pm, 080, Dry, N, Daylight, Rear End, Not Injured, N, N
AUS, 2, 0, 0, 1, 2017, July, Sunday, 09:45 am, 050, Dry, N, Daylight, Right Angle, Minor Injury, N, N
AUS, 2, 0, 0, 1, 2017, September, Saturday, 09:50 am, 070, Dry, N, Daylight, Hit Fixed Object, Minor Injury, N, N
AUS, 2, 0, 0, 0, 2017, September, Saturday, 10:50 am, 050, Dry, N, Daylight, Rear End, Not Injured, N, Y
AUS, 2, 0, 0, 1, 2017, September, Friday, 01:50 pm, 050, Dry, N, Daylight, Right Angle, Minor Injury, N, N
AUS, 2, 0, 0, 1, 2017, September, Saturday, 12:50 pm, 060, Dry, N, Daylight, Rear End, Minor Injury, N, N
AUS, 2, 0, 0, 0, 2017, September, Saturday, 10:00 am, 060, Dry, N, Daylight, Hit Fixed Object, Not Injured, N, N
AUS, 2, 0, 0, 0, 2017, September, Saturday, 02:00 pm, 110, Dry, N, Daylight, Hit Fixed Object, Not Injured, N, N
AUS, 2, 0, 0, 0, 2017, September, Friday, 06:09 pm, 060, Dry, N, Daylight, Side Swipe, Not Injured, N, N
AUS, 2, 0, 0, 1, 2017, September, Wednesday, 03:15 pm, 100, Dry, N, Daylight, Side Swipe, Minor Injury, N, N
AUS, 2, 0, 0, 1, 2017, September, Thursday, 06:59 pm, 050, Dry, N, Night, Side Swipe, Minor Injury, N, Y
AUS, 2, 0, 0, 0, 2017, September, Friday, 01:30 pm, 100, Dry, N, Daylight, Hit Fixed Object, Not Injured, N, N
AUS, 2, 0, 0, 0, 2017, September, Saturday, 05:15 pm, 050, Dry, N, Daylight, Hit Fixed Object, Not Injured, N, N
AUS, 2, 0, 0, 0, 2017, September, Saturday, 05:20 pm, 050, Dry, N, Daylight, Right Angle, Not Injured, N, N
AUS, 2, 0, 0, 0, 2017, September, Saturday, 02:15 pm, 060, Dry, N, Daylight, Rear End, Not Injured, N, N
AUS, 2, 0, 0, 4, 2017, September, Saturday, 02:59 pm, 110, Dry, N, Daylight, Hit Fixed Object, Minor Injury, N, N
AUS, 2, 0, 0, 0, 2017, September, Saturday, 06:35 pm, 060, Dry, N, Night, Hit Pedestrian, Not Injured, N, N
AUS, 3, 0, 1, 0, 2017, September, Saturday, 09:20 pm, 060, Dry, N, Night, Side Swipe, Major Injury, N, N
AUS, 2, 0, 0, 0, 2017, September, Saturday, 09:03 pm, 060, Dry, N, Night, Hit Fixed Object, Not Injured, N, N
AUS, 2, 0, 0, 0, 2017, September, Saturday, 11:30 pm, 060, Dry, N, Night, Side Swipe, Not Injured, N, N
AUS, 2, 0, 1, 0, 2017, September, Saturday, 08:15 pm, 110, Dry, N, Night, Hit Fixed Object, Major Injury, N, Y
AUS, 2, 0, 0, 2, 2017, September, Saturday, 01:40 pm, 060, Wet, Y, Daylight, Hit Fixed Object, Minor Injury, N, N
AUS, 2, 0, 0, 0, 2017, September, Saturday, 05:15 pm, 100, Dry, N, Daylight, Hit Fixed Object, Not Injured, N, N
AUS, 4, 0, 0, 0, 2017, September, Sunday, 09:12 am, 050, Dry, N, Daylight, Hit Fixed Object, Not Injured, N, N
AUS, 2, 0, 0, 0, 2017, September, Friday, 08:00 pm, 050, Dry, N, Night, Right Angle, Not Injured, N, N
AUS, 2, 0, 0, 0, 2017, September, Sunday, 08:30 am, 050, Dry, N, Daylight, Right Angle, Not Injured, N, N
AUS, 2, 0, 0, 0, 2017, September, Saturday, 11:00 am, 050, Dry, N, Daylight, Rear End, Not Injured, N, N
AUS, 2, 0, 0, 1, 2017, September, Sunday, 10:50 am, 060, Wet, Y, Daylight, Rear End, Minor Injury, N, N
AUS, 3, 0, 0, 0, 2017, September, Sunday, 10:30 am, 050, Dry, N, Daylight, Right Angle, Not Injured, N, N
AUS, 2, 0, 0, 1, 2017, September, Sunday, 12:00 pm, 050, Dry, N, Daylight, Side Swipe, Minor Injury, N, N
AUS, 2, 0, 0, 0, 2017, September, Sunday, 12:10 pm, 060, Dry, N, Daylight, Rear End, Not Injured, N, N
AUS, 2, 0, 0, 0, 2017, September, Sunday, 11:15 am, 060, Dry, N, Daylight, Right Angle, Not Injured, N, N
AUS, 2, 0, 0, 1, 2017, September, Friday, 08:30 pm, 050, Dry, N, Night, Rear End, Minor Injury, N, N
AUS, 2, 0, 0, 0, 2017, September, Sunday, 12:00 pm, 060, Dry, N, Daylight, Hit Fixed Object, Not Injured, N, N
AUS, 3, 0, 0, 1, 2017, September, Sunday, 12:35 pm, 080, Dry, N, Daylight, Rear End, Minor Injury, N, N
AUS, 2, 0, 0, 0, 2017, September, Sunday, 05:50 am, 080, Wet, Y, Night, Hit Fixed Object, Not Injured, N, N
AUS, 2, 0, 0, 0, 2017, September, Sunday, 03:50 pm, 060, Dry, N, Daylight, Rear End, Not Injured, N, N
AUS, 2, 0, 0, 4, 2017, September, Sunday, 04:25 pm, 080, Dry, N, Daylight, Right Angle, Minor Injury, N, N
AUS, 2, 0, 0, 0, 2017, September, Sunday, 04:55 pm, 060, Dry, N, Daylight, Right Angle, Not Injured, N, N
AUS, 3, 0, 0, 0, 2017, July, Sunday, 10:30 pm, 050, Dry, N, Night, Hit Fixed Object, Not Injured, N, N
AUS, 2, 0, 0, 0, 2017, September, Monday, 02:35 am, 060, Dry, N, Night, Hit Fixed Object, Not Injured, N, N
AUS, 2, 1, 0, 0, 2017, September, Monday, 12:25 am, 110, Dry, N, Night, Hit Fixed Object, Fatal, N, N
AUS, 2, 0, 0, 0, 2017, September, Friday, 07:30 pm, 040, Dry, N, Night, Right Angle, Not Injured, N, N
AUS, 2, 0, 0, 1, 2017, September, Sunday, 02:40 pm, 050, Dry, N, Daylight, Hit Fixed Object, Minor Injury, N, N
AUS, 2, 0, 0, 1, 2017, September, Monday, 05:30 am, 060, Dry, N, Night, Hit Pedestrian, Minor Injury, N, N
AUS, 2, 0, 0, 0, 2017, September, Thursday, 07:25 pm, 060, Dry, N, Night, Rear End, Not Injured, N, N
AUS, 2, 0, 0, 0, 2017, September, Sunday, 08:50 am, 080, Dry, N, Daylight, Right Angle, Not Injured, N, N
AUS, 3, 0, 0, 0, 2017, September, Monday, 07:30 am, 060, Dry, N, Daylight, Hit Fixed Object, Not Injured, N, N
AUS, 2, 0, 0, 0, 2017, September, Sunday, 10:10 pm, 050, Dry, N, Night, Hit Fixed Object, Not Injured, N, N
AUS, 2, 0, 0, 0, 2017, September, Monday, 08:30 am, 060, Dry, N, Daylight, Side Swipe, Not Injured, N, N
AUS, 2, 0, 0, 1, 2017, September, Monday, 08:10 am, 050, Dry, N, Daylight, Right Angle, Minor Injury, N, N
AUS, 2, 0, 0, 1, 2017, September, Monday, 08:45 am, 060, Dry, N, Daylight, Rear End, Minor Injury, N, N
AUS, 2, 0, 0, 0, 2017, September, Monday, 10:35 am, 070, Dry, N, Daylight, Rear End, Not Injured, N, N
AUS, 2, 0, 0, 1, 2017, September, Saturday, 12:00 pm, 080, Dry, N, Daylight, Hit Fixed Object, Minor Injury, N, N
AUS, 2, 0, 0, 0, 2017, September, Monday, 11:50 am, 070, Dry, N, Daylight, Right Angle, Not Injured, N, N
AUS, 2, 0, 0, 0, 2017, September, Monday, 07:52 am, 080, Dry, N, Daylight, Hit Fixed Object, Not Injured, N, N
AUS, 2, 0, 0, 1, 2017, September, Monday, 01:30 pm, 060, Dry, N, Daylight, Rear End, Minor Injury, N, N
AUS, 2, 0, 0, 1, 2017, September, Monday, 08:30 am, 060, Dry, N, Daylight, Rear End, Minor Injury, N, N
AUS, 2, 0, 0, 0, 2017, September, Thursday, 01:27 pm, 050, Dry, N, Daylight, Right Angle, Not Injured, N, N
AUS, 2, 0, 0, 0, 2017, September, Monday, 11:15 am, 080, Dry, N, Daylight, Side Swipe, Not Injured, N, N
AUS, 2, 0, 0, 0, 2017, September, Monday, 08:25 am, 060, Dry, N, Daylight, Side Swipe, Not Injured, N, N
AUS, 2, 0, 1, 1, 2017, September, Monday, 10:02 am, 100, Dry, N, Daylight, Head On, Major Injury, N, Y
AUS, 3, 0, 0, 0, 2017, September, Monday, 03:25 pm, 060, Dry, N, Daylight, Right Angle, Not Injured, N, N
AUS, 2, 0, 0, 0, 2017, September, Monday, 08:30 am, 050, Dry, N, Daylight, Right Angle, Not Injured, N, N
AUS, 2, 0, 0, 0, 2017, September, Friday, 04:15 pm, 090, Dry, N, Daylight, Rear End, Not Injured, N, N
AUS, 2, 0, 0, 0, 2017, September, Monday, 01:20 pm, 060, Dry, N, Daylight, Rear End, Not Injured, N, N
AUS, 3, 0, 0, 0, 2017, September, Monday, 04:05 pm, 060, Dry, N, Daylight, Rear End, Not Injured, N, N
AUS, 2, 0, 0, 1, 2017, September, Monday, 03:45 pm, 060, Dry, N, Daylight, Rear End, Minor Injury, N, N
AUS, 3, 0, 0, 0, 2017, September, Monday, 05:35 pm, 090, Dry, N, Daylight, Rear End, Not Injured, N, N
AUS, 3, 0, 0, 1, 2017, September, Monday, 03:45 pm, 060, Dry, N, Daylight, Rear End, Minor Injury, N, N
AUS, 2, 0, 0, 0, 2017, September, Monday, 05:10 pm, 060, Dry, N, Daylight, Rear End, Not Injured, N, N
AUS, 2, 0, 1, 0, 2017, September, Monday, 04:45 pm, 050, Dry, N, Daylight, Hit Fixed Object, Major Injury, Y, N
AUS, 2, 0, 0, 0, 2017, September, Monday, 06:45 pm, 080, Dry, N, Night, Rear End, Not Injured, N, N
AUS, 2, 0, 0, 1, 2017, September, Monday, 08:50 pm, 060, Dry, N, Night, Right Angle, Minor Injury, N, N
AUS, 2, 0, 0, 1, 2017, September, Monday, 09:25 pm, 060, Dry, N, Night, Right Angle, Minor Injury, N, N
AUS, 2, 0, 0, 1, 2017, September, Tuesday, 06:37 am, 070, Dry, N, Daylight, Rear End, Minor Injury, N, N
AUS, 2, 0, 0, 0, 2017, September, Monday, 02:00 pm, 050, Dry, N, Daylight, Hit Fixed Object, Not Injured, N, N
AUS, 2, 0, 0, 0, 2017, September, Monday, 08:00 pm, 060, Dry, N, Night, Right Angle, Not Injured, N, N
AUS, 2, 0, 0, 0, 2017, September, Tuesday, 07:50 am, 060, Dry, N, Daylight, Rear End, Not Injured, N, N
AUS, 2, 0, 0, 0, 2017, September, Tuesday, 08:35 am, 050, Dry, N, Daylight, Right Angle, Not Injured, N, N
AUS, 2, 0, 0, 1, 2017, August, Tuesday, 05:45 pm, 060, Wet, Y, Night, Rear End, Minor Injury, N, N
AUS, 2, 0, 0, 0, 2017, September, Monday, 06:00 pm, 050, Dry, N, Daylight, Rear End, Not Injured, N, N
AUS, 2, 0, 0, 1, 2017, September, Monday, 12:20 pm, 100, Dry, N, Daylight, Hit Fixed Object, Minor Injury, N, N
AUS, 2, 0, 0, 0, 2017, September, Tuesday, 10:15 am, 080, Dry, N, Daylight, Side Swipe, Not Injured, N, N
AUS, 2, 0, 0, 1, 2017, September, Monday, 05:30 pm, 110, Dry, N, Daylight, Rear End, Minor Injury, N, N
AUS, 2, 0, 0, 0, 2017, September, Tuesday, 11:48 am, 070, Dry, N, Daylight, Hit Fixed Object, Not Injured, N, N
AUS, 2, 0, 0, 0, 2017, September, Tuesday, 07:35 am, 060, Dry, N, Daylight, Rear End, Not Injured, N, N
AUS, 2, 0, 0, 0, 2017, September, Tuesday, 12:50 pm, 050, Dry, N, Daylight, Rear End, Not Injured, N, N
AUS, 2, 0, 0, 0, 2017, September, Tuesday, 01:00 pm, 050, Dry, N, Daylight, Right Angle, Not Injured, N, N
AUS, 2, 0, 0, 1, 2017, September, Monday, 07:00 pm, 060, Dry, N, Night, Right Angle, Minor Injury, N, N
AUS, 2, 0, 0, 0, 2017, September, Tuesday, 02:45 pm, 050, Dry, N, Daylight, Side Swipe, Not Injured, N, N
AUS, 2, 0, 0, 0, 2017, September, Tuesday, 12:50 pm, 060, Dry, N, Daylight, Side Swipe, Not Injured, N, N
AUS, 3, 0, 0, 1, 2017, September, Tuesday, 11:50 am, 060, Dry, N, Daylight, Rear End, Minor Injury, N, N
AUS, 2, 0, 0, 0, 2017, September, Tuesday, 02:30 pm, 060, Dry, N, Daylight, Right Angle, Not Injured, N, N
AUS, 2, 0, 0, 0, 2017, September, Tuesday, 01:00 pm, 060, Dry, N, Daylight, Rear End, Not Injured, N, N
AUS, 2, 0, 0, 1, 2017, September, Tuesday, 02:51 pm, 100, Dry, N, Daylight, Rear End, Minor Injury, N, N
AUS, 2, 0, 0, 0, 2017, September, Tuesday, 04:15 pm, 060, Dry, N, Daylight, Right Angle, Not Injured, N, N
AUS, 2, 0, 0, 0, 2017, September, Tuesday, 05:10 pm, 060, Dry, N, Daylight, Right Angle, Not Injured, N, N
AUS, 2, 0, 0, 0, 2017, September, Tuesday, 06:08 am, 070, Dry, N, Daylight, Side Swipe, Not Injured, N, N
AUS, 2, 0, 0, 0, 2017, September, Tuesday, 05:25 pm, 080, Dry, N, Daylight, Hit Fixed Object, Not Injured, N, N
AUS, 2, 0, 1, 0, 2017, September, Tuesday, 07:20 pm, 100, Dry, N, Night, Hit Fixed Object, Major Injury, Y, N
AUS, 2, 0, 0, 1, 2017, September, Tuesday, 05:25 pm, 050, Dry, N, Daylight, Rear End, Minor Injury, N, N
AUS, 4, 0, 0, 0, 2017, September, Wednesday, 08:22 am, 070, Dry, N, Daylight, Rear End, Not Injured, N, N
AUS, 2, 0, 0, 0, 2017, September, Tuesday, 03:45 pm, 080, Dry, N, Daylight, Rear End, Not Injured, N, N
AUS, 2, 0, 0, 0, 2017, September, Wednesday, 09:10 am, 080, Dry, N, Daylight, Rear End, Not Injured, N, N