Nation,Total Units,Total Fatalities,Total Serious Injuries,Total Minor Injuries,Year,Month,Day,Time,Speed Limit,Moisture,Adverse Weather Conditions,DayNight,Crash Type,Crash Severity,Alcohol Related ,Drug Related
AUS, 3, 0, 0, 0, 2017, October, Saturday, 11:30 am, 060, Dry, N, Daylight, Rear End, Not Injured, N, N
AUS, 4, 0, 0, 3, 2017, October, Saturday, 12:40 pm, 100, Dry, N, Daylight, Rear End, Minor Injury, N, N
AUS, 2, 0, 0, 0, 2017, October, Saturday, 12:15 pm, 100, Dry, N, Daylight, Hit Fixed Object, Not Injured, N, N
AUS, 2, 0, 0, 0, 2017, October, Saturday, 05:19 pm, 060, Dry, N, Daylight, Rear End, Not Injured, N, N
AUS, 2, 0, 0, 0, 2017, October, Saturday, 03:40 pm, 060, Dry, N, Daylight, Rear End, Not Injured, N, N
AUS, 2, 0, 1, 0, 2017, October, Wednesday, 01:20 pm, 100, Dry, N, Daylight, Hit Fixed Object, Major Injury, N, N
AUS, 2, 0, 0, 0, 2017, October, Saturday, 06:30 pm, 060, Dry, N, Daylight, Rear End, Not Injured, N, N
AUS, 2, 0, 0, 0, 2017, October, Saturday, 06:50 pm, 050, Dry, N, Daylight, Side Swipe, Not Injured, N, N
AUS, 2, 0, 0, 0, 2017, October, Saturday, 02:00 pm, 100, Dry, N, Daylight, Hit Fixed Object, Not Injured, N, N
AUS, 2, 0, 0, 0, 2017, October, Thursday, 04:20 pm, 060, Dry, N, Daylight, Side Swipe, Not Injured, N, N
AUS, 2, 0, 0, 4, 2017, October, Saturday, 03:22 pm, 100, Dry, N, Daylight, Right Angle, Minor Injury, N, N
AUS, 2, 0, 0, 0, 2017, October, Saturday, 09:14 pm, 060, Dry, N, Night, Rear End, Not Injured, N, N
AUS, 2, 0, 0, 0, 2017, October, Saturday, 04:00 pm, 080, Dry, N, Daylight, Hit Fixed Object, Not Injured, Y, N
AUS, 2, 0, 0, 0, 2017, October, Saturday, 09:33 pm, 050, Dry, N, Night, Hit Fixed Object, Not Injured, N, N
AUS, 2, 0, 0, 0, 2017, October, Saturday, 10:00 pm, 050, Dry, N, Night, Hit Fixed Object, Not Injured, N, N
AUS, 2, 0, 0, 0, 2017, October, Saturday, 02:00 am, 050, Dry, N, Night, Hit Fixed Object, Not Injured, Y, N
AUS, 2, 0, 0, 0, 2017, October, Sunday, 04:00 am, 060, Dry, N, Night, Side Swipe, Not Injured, Y, N
AUS, 2, 0, 0, 0, 2017, October, Sunday, 05:20 am, 050, Dry, N, Night, Hit Fixed Object, Not Injured, N, N
AUS, 2, 0, 0, 0, 2017, October, Saturday, 01:00 pm, 060, Dry, N, Daylight, Right Angle, Not Injured, N, N
AUS, 2, 0, 0, 0, 2017, October, Thursday, 07:20 pm, 050, Dry, N, Daylight, Hit Fixed Object, Not Injured, N, N
AUS, 2, 0, 0, 0, 2017, October, Saturday, 09:35 am, 060, Dry, N, Daylight, Right Angle, Not Injured, N, N
AUS, 3, 0, 0, 1, 2017, October, Sunday, 11:25 am, 060, Dry, N, Daylight, Rear End, Minor Injury, N, N
AUS, 3, 0, 0, 0, 2017, October, Sunday, 09:50 am, 050, Dry, N, Daylight, Rear End, Not Injured, N, N
AUS, 2, 0, 0, 1, 2017, October, Sunday, 11:02 am, 050, Dry, N, Daylight, Right Angle, Minor Injury, N, N
AUS, 2, 0, 0, 0, 2017, October, Sunday, 01:00 am, 050, Dry, N, Night, Hit Fixed Object, Not Injured, N, N
AUS, 2, 1, 0, 0, 2017, October, Sunday, 07:40 am, 050, Dry, N, Daylight, Rear End, Fatal, Y, N
AUS, 3, 0, 0, 0, 2017, October, Sunday, 01:05 pm, 060, Dry, N, Daylight, Rear End, Not Injured, N, N
AUS, 2, 0, 0, 0, 2017, October, Sunday, 01:00 am, 100, Dry, N, Night, Hit Fixed Object, Not Injured, Y, N
AUS, 2, 0, 0, 1, 2017, October, Sunday, 02:20 pm, 110, Dry, N, Daylight, Side Swipe, Minor Injury, N, N
AUS, 2, 0, 0, 0, 2017, October, Saturday, 05:35 pm, 050, Dry, N, Daylight, Side Swipe, Not Injured, N, N
AUS, 2, 0, 0, 0, 2017, October, Sunday, 01:00 am, 080, Wet, Y, Night, Hit Fixed Object, Not Injured, N, N
AUS, 2, 0, 0, 0, 2017, October, Sunday, 05:00 pm, 050, Dry, N, Daylight, Hit Fixed Object, Not Injured, N, N
AUS, 2, 0, 1, 0, 2017, October, Sunday, 11:45 pm, 040, Dry, N, Night, Hit Pedestrian, Major Injury, N, N
AUS, 3, 0, 0, 0, 2017, October, Monday, 01:45 am, 080, Wet, Y, Night, Hit Fixed Object, Not Injured, N, N
AUS, 3, 0, 0, 0, 2017, October, Monday, 06:55 am, 050, Dry, N, Daylight, Hit Fixed Object, Not Injured, N, N
AUS, 2, 0, 0, 2, 2017, October, Thursday, 09:15 am, 110, Dry, N, Daylight, Head On, Minor Injury, N, N
AUS, 2, 0, 0, 1, 2017, October, Monday, 08:00 am, 040, Dry, N, Daylight, Right Angle, Minor Injury, N, N
AUS, 2, 0, 0, 0, 2017, October, Monday, 07:34 am, 060, Dry, N, Daylight, Right Angle, Not Injured, N, N
AUS, 2, 0, 0, 0, 2017, October, Monday, 06:20 am, 060, Dry, N, Night, Hit Fixed Object, Not Injured, N, N
AUS, 2, 0, 0, 1, 2017, October, Monday, 07:58 am, 060, Dry, N, Daylight, Right Angle, Minor Injury, N, N
AUS, 2, 0, 0, 2, 2017, October, Monday, 08:50 am, 060, Dry, N, Daylight, Right Angle, Minor Injury, N, N
AUS, 2, 0, 0, 0, 2017, October, Monday, 08:25 am, 090, Dry, N, Daylight, Side Swipe, Not Injured, N, N
AUS, 2, 0, 0, 0, 2017, October, Monday, 04:15 am, 060, Dry, N, Night, Hit Fixed Object, Not Injured, N, N
AUS, 3, 0, 0, 1, 2017, October, Monday, 09:30 am, 050, Dry, N, Daylight, Rear End, Minor Injury, N, Y
AUS, 3, 0, 0, 3, 2017, October, Monday, 08:05 am, 060, Dry, N, Daylight, Rear End, Minor Injury, N, N
AUS, 2, 0, 0, 1, 2017, October, Monday, 02:00 pm, 090, Dry, N, Daylight, Hit Fixed Object, Minor Injury, N, N
AUS, 2, 0, 0, 0, 2017, October, Monday, 11:30 am, 060, Dry, N, Daylight, Right Angle, Not Injured, N, N
AUS, 2, 0, 0, 0, 2017, October, Monday, 04:00 pm, 050, Dry, N, Daylight, Side Swipe, Not Injured, N, N
AUS, 2, 0, 0, 0, 2017, October, Monday, 05:30 pm, 060, Dry, N, Daylight, Rear End, Not Injured, N, N
AUS, 2, 0, 0, 0, 2017, October, Monday, 04:20 pm, 050, Dry, N, Daylight, Hit Fixed Object, Not Injured, N, N
AUS, 3, 0, 0, 2, 2017, October, Monday, 04:45 pm, 050, Dry, N, Daylight, Rear End, Minor Injury, N, N
AUS, 2, 0, 0, 0, 2017, October, Saturday, 03:00 pm, 100, Dry, N, Daylight, Right Angle, Not Injured, N, N
AUS, 2, 0, 0, 1, 2017, October, Monday, 04:45 pm, 050, Dry, N, Daylight, Right Angle, Minor Injury, N, N
AUS, 2, 0, 0, 0, 2017, October, Monday, 01:35 pm, 060, Dry, N, Daylight, Right Angle, Not Injured, N, N
AUS, 2, 0, 0, 0, 2017, October, Monday, 10:30 am, 060, Dry, N, Daylight, Rear End, Not Injured, N, N
AUS, 2, 0, 0, 0, 2017, October, Monday, 06:30 pm, 080, Dry, N, Daylight, Hit Fixed Object, Not Injured, N, N
AUS, 2, 0, 0, 0, 2017, October, Monday, 06:42 am, 060, Wet, Y, Daylight, Right Angle, Not Injured, N, N
AUS, 3, 0, 0, 0, 2017, October, Tuesday, 09:05 am, 060, Dry, N, Daylight, Rear End, Not Injured, N, N
AUS, 2, 0, 0, 0, 2017, October, Monday, 03:30 pm, 050, Dry, N, Daylight, Right Angle, Not Injured, N, N
AUS, 2, 0, 0, 0, 2017, October, Tuesday, 09:22 am, 050, Dry, N, Daylight, Side Swipe, Not Injured, N, N
AUS, 2, 0, 0, 1, 2017, October, Tuesday, 10:40 am, 070, Dry, N, Daylight, Rear End, Minor Injury, N, N
AUS, 2, 0, 0, 1, 2017, October, Tuesday, 07:40 am, 070, Dry, N, Daylight, Rear End, Minor Injury, N, N
AUS, 2, 0, 0, 0, 2017, October, Tuesday, 11:00 am, 060, Dry, N, Daylight, Right Angle, Not Injured, N, N
AUS, 2, 0, 0, 1, 2017, October, Tuesday, 11:35 am, 060, Dry, N, Daylight, Hit Pedestrian, Minor Injury, N, N
AUS, 2, 0, 0, 1, 2017, October, Tuesday, 08:15 am, 050, Dry, N, Daylight, Right Angle, Minor Injury, N, N
AUS, 2, 0, 0, 0, 2017, October, Monday, 05:00 pm, 050, Dry, N, Daylight, Rear End, Not Injured, N, N
AUS, 2, 0, 0, 1, 2017, October, Tuesday, 11:15 am, 060, Dry, N, Daylight, Right Angle, Minor Injury, N, N
AUS, 2, 0, 0, 0, 2017, October, Monday, 03:45 pm, 050, Dry, N, Daylight, Right Angle, Not Injured, N, N
AUS, 2, 0, 0, 0, 2017, October, Tuesday, 02:20 pm, 060, Wet, Y, Daylight, Rear End, Not Injured, N, N
AUS, 2, 0, 0, 0, 2017, October, Tuesday, 02:15 pm, 060, Wet, N, Daylight, Side Swipe, Not Injured, N, N
AUS, 2, 0, 0, 1, 2017, October, Tuesday, 02:30 pm, 050, Wet, Y, Daylight, Right Angle, Minor Injury, N, N
AUS, 2, 0, 0, 0, 2017, October, Tuesday, 11:45 am, 060, Dry, N, Daylight, Side Swipe, Not Injured, N, N
AUS, 2, 0, 0, 0, 2017, October, Tuesday, 01:45 pm, 090, Wet, Y, Daylight, Rear End, Not Injured, N, N
AUS, 2, 0, 0, 0, 2017, October, Tuesday, 11:20 am, 070, Dry, N, Daylight, Rear End, Not Injured, N, N
AUS, 2, 0, 0, 0, 2017, October, Tuesday, 03:40 pm, 050, Wet, Y, Daylight, Hit Pedestrian, Not Injured, N, N
AUS, 2, 0, 0, 0, 2017, October, Monday, 02:31 pm, 060, Dry, N, Daylight, Head On, Not Injured, N, N
AUS, 2, 1, 0, 0, 2017, October, Tuesday, 12:04 pm, 110, Dry, N, Daylight, Hit Fixed Object, Fatal, N, N
AUS, 2, 0, 0, 0, 2017, October, Tuesday, 03:15 pm, 060, Wet, Y, Daylight, Side Swipe, Not Injured, N, N
AUS, 2, 0, 0, 0, 2017, October, Tuesday, 03:35 pm, 090, Wet, Y, Daylight, Rear End, Not Injured, N, N
AUS, 2, 0, 0, 0, 2017, August, Friday, 02:49 pm, 060, Dry, N, Daylight, Side Swipe, Not Injured, N, N
AUS, 2, 0, 0, 2, 2017, October, Tuesday, 02:00 pm, 060, Wet, N, Daylight, Rear End, Minor Injury, N, N
AUS, 3, 0, 0, 1, 2017, October, Tuesday, 04:30 pm, 060, Wet, Y, Daylight, Rear End, Minor Injury, N, N
AUS, 2, 0, 0, 0, 2017, October, Tuesday, 04:33 pm, 060, Wet, Y, Daylight, Right Angle, Not Injured, N, N
AUS, 2, 0, 0, 1, 2017, October, Thursday, 10:55 am, 060, Dry, N, Daylight, Side Swipe, Minor Injury, N, N
AUS, 2, 0, 0, 0, 2017, October, Tuesday, 05:15 pm, 060, Dry, N, Daylight, Right Angle, Not Injured, N, N
AUS, 2, 0, 1, 0, 2017, October, Tuesday, 02:48 pm, 060, Wet, Y, Daylight, Right Angle, Major Injury, N, N
AUS, 2, 0, 0, 3, 2017, October, Monday, 05:50 pm, 050, Dry, N, Daylight, Rear End, Minor Injury, N, N
AUS, 3, 0, 0, 0, 2017, October, Tuesday, 05:25 pm, 060, Wet, N, Daylight, Right Angle, Not Injured, N, N
AUS, 2, 0, 0, 1, 2017, September, Friday, 03:30 pm, 060, Dry, N, Daylight, Rear End, Minor Injury, N, N
AUS, 3, 0, 0, 0, 2017, October, Tuesday, 05:15 pm, 080, Wet, N, Daylight, Rear End, Not Injured, N, N
AUS, 2, 0, 0, 0, 2017, October, Tuesday, 03:00 pm, 050, Wet, Y, Daylight, Hit Fixed Object, Not Injured, N, N
AUS, 2, 0, 0, 0, 2017, October, Tuesday, 03:19 pm, 060, Wet, Y, Daylight, Hit Fixed Object, Not Injured, N, N
AUS, 2, 0, 0, 0, 2017, October, Tuesday, 09:10 am, 060, Dry, N, Daylight, Side Swipe, Not Injured, N, N
AUS, 2, 0, 0, 0, 2017, October, Tuesday, 06:35 pm, 060, Dry, N, Daylight, Right Angle, Not Injured, N, N
AUS, 2, 0, 0, 1, 2017, October, Tuesday, 06:50 pm, 060, Wet, N, Daylight, Rear End, Minor Injury, N, Y
AUS, 2, 0, 0, 0, 2017, October, Tuesday, 07:30 pm, 100, Dry, N, Daylight, Hit Fixed Object, Not Injured, N, N
AUS, 3, 0, 0, 0, 2017, October, Tuesday, 02:45 pm, 100, Wet, Y, Daylight, Rear End, Not Injured, N, N
AUS, 2, 0, 0, 0, 2017, October, Wednesday, 08:38 am, 080, Dry, N, Daylight, Rear End, Not Injured, N, N
AUS, 2, 0, 0, 0, 2017, October, Wednesday, 11:12 am, 110, Dry, N, Daylight, Hit Fixed Object, Not Injured, N, N
AUS, 2, 0, 0, 1, 2017, October, Friday, 06:00 pm, 060, Dry, N, Daylight, Rear End, Minor Injury, N, N
AUS, 2, 0, 0, 0, 2017, October, Tuesday, 08:45 am, 060, Dry, N, Daylight, Rear End, Not Injured, N, N
AUS, 3, 0, 0, 0, 2017, October, Tuesday, 05:20 pm, 070, Wet, Y, Daylight, Rear End, Not Injured, N, N
AUS, 2, 0, 0, 1, 2017, October, Wednesday, 11:04 am, 060, Dry, N, Daylight, Side Swipe, Minor Injury, N, N
AUS, 2, 0, 0, 0, 2017, October, Tuesday, 05:30 pm, 080, Wet, Y, Daylight, Hit Fixed Object, Not Injured, N, N
AUS, 2, 0, 0, 1, 2017, October, Wednesday, 10:45 am, 060, Dry, N, Daylight, Side Swipe, Minor Injury, N, N
AUS, 2, 0, 0, 0, 2017, October, Wednesday, 11:30 am, 050, Dry, N, Daylight, Hit Fixed Object, Not Injured, N, N
AUS, 2, 0, 0, 0, 2017, October, Wednesday, 08:50 am, 060, Dry, N, Daylight, Side Swipe, Not Injured, N, N
AUS, 2, 0, 0, 0, 2017, October, Wednesday, 02:30 pm, 060, Dry, N, Daylight, Side Swipe, Not Injured, N, N
AUS, 2, 0, 0, 1, 2017, October, Wednesday, 10:15 am, 060, Dry, N, Daylight, Rear End, Minor Injury, N, N
AUS, 2, 0, 0, 0, 2017, October, Wednesday, 03:36 pm, 050, Dry, N, Daylight, Side Swipe, Not Injured, N, N
AUS, 4, 0, 0, 0, 2017, October, Wednesday, 03:30 pm, 060, Dry, N, Daylight, Right Angle, Not Injured, N, N
AUS, 2, 0, 0, 0, 2017, October, Tuesday, 06:00 pm, 060, Dry, N, Daylight, Hit Fixed Object, Not Injured, N, N
AUS, 3, 0, 0, 0, 2017, October, Wednesday, 04:45 pm, 060, Dry, N, Daylight, Rear End, Not Injured, N, N
AUS, 3, 0, 0, 0, 2017, October, Wednesday, 04:15 pm, 060, Dry, N, Daylight, Rear End, Not Injured, N, N
AUS, 2, 0, 0, 1, 2017, October, Monday, 08:10 am, 050, Dry, N, Daylight, Hit Pedestrian, Minor Injury, N, N
AUS, 2, 0, 0, 0, 2017, October, Wednesday, 06:02 pm, 050, Dry, N, Daylight, Right Angle, Not Injured, N, N
AUS, 2, 0, 0, 0, 2017, October, Wednesday, 05:10 pm, 060, Dry, N, Daylight, Rear End, Not Injured, N, N
AUS, 2, 0, 0, 0, 2017, October, Wednesday, 03:40 pm, 110, Dry, N, Daylight, Side Swipe, Not Injured, N, N
AUS, 2, 0, 0, 0, 2017, October, Wednesday, 04:45 pm, 060, Dry, N, Daylight, Right Angle, Not Injured, N, N
AUS, 2, 0, 0, 0, 2017, October, Wednesday, 05:00 pm, 080, Dry, N, Daylight, Head On, Not Injured, N, N
AUS, 2, 0, 0, 0, 2017, October, Wednesday, 07:30 pm, 060, Dry, N, Daylight, Right Angle, Not Injured, N, N
AUS, 2, 0, 0, 0, 2017, October, Wednesday, 08:05 pm, 060, Dry, N, Night, Hit Fixed Object, Not Injured, N, N
AUS, 2, 0, 0, 2, 2017, October, Tuesday, 05:25 am, 060, Dry, N, Night, Rear End, Minor Injury, N, N
AUS, 2, 0, 0, 1, 2017, October, Thursday, 05:40 am, 050, Dry, N, Night, Hit Fixed Object, Minor Injury, N, N
AUS, 2, 0, 0, 0, 2017, October, Thursday, 06:40 am, 060, Dry, N, Daylight, Right Angle, Not Injured, N, N
AUS, 2, 0, 0, 0, 2017, October, Sunday, 09:00 pm, 050, Dry, N, Night, Hit Fixed Object, Not Injured, N, N
AUS, 2, 0, 0, 0, 2017, October, Wednesday, 08:00 am, 050, Dry, N, Daylight, Right Angle, Not Injured, N, N
AUS, 2, 0, 0, 0, 2017, October, Thursday, 09:30 am, 060, Dry, N, Daylight, Rear End, Not Injured, N, N
AUS, 2, 0, 0, 0, 2017, October, Thursday, 09:50 am, 060, Dry, N, Daylight, Right Angle, Not Injured, N, N
AUS, 2, 0, 0, 1, 2017, October, Wednesday, 04:00 pm, 060, Dry, N, Daylight, Side Swipe, Minor Injury, N, N
AUS, 3, 0, 0, 2, 2017, October, Thursday, 11:34 am, 070, Dry, N, Daylight, Hit Fixed Object, Minor Injury, N, Y
AUS, 2, 0, 0, 1, 2017, March, Wednesday, 04:15 pm, 040, Dry, N, Daylight, Head On, Minor Injury, N, N
AUS, 2, 1, 0, 0, 2017, October, Thursday, 11:53 am, 060, Dry, N, Daylight, Hit Pedestrian, Fatal, N, N
AUS, 3, 0, 0, 0, 2017, October, Thursday, 03:00 pm, 080, Dry, N, Daylight, Rear End, Not Injured, N, N
AUS, 2, 0, 0, 1, 2017, October, Tuesday, 03:30 pm, 060, Wet, Y, Daylight, Rear End, Minor Injury, N, N
AUS, 2, 0, 0, 1, 2017, October, Thursday, 03:45 pm, 060, Dry, N, Daylight, Rear End, Minor Injury, N, N
AUS, 2, 0, 0, 2, 2017, October, Thursday, 11:15 am, 110, Dry, N, Daylight, Hit Fixed Object, Minor Injury, N, N
AUS, 2, 0, 0, 0, 2017, October, Wednesday, 10:30 am, 060, Dry, N, Daylight, Right Angle, Not Injured, N, N
AUS, 2, 0, 0, 0, 2017, October, Thursday, 03:50 pm, 050, Dry, N, Daylight, Rear End, Not Injured, N, N
AUS, 2, 0, 0, 0, 2017, October, Thursday, 06:41 pm, 050, Dry, N, Daylight, Right Angle, Not Injured, N, N
AUS, 2, 0, 0, 0, 2017, October, Thursday, 04:10 pm, 060, Dry, N, Daylight, Rear End, Not Injured, N, N
AUS, 2, 0, 0, 0, 2017, October, Thursday, 05:37 pm, 060, Dry, N, Daylight, Hit Fixed Object, Not Injured, N, N
AUS, 2, 0, 0, 1, 2017, October, Thursday, 06:45 pm, 060, Dry, N, Daylight, Rear End, Minor Injury, N, N
AUS, 2, 0, 0, 0, 2017, October, Wednesday, 06:20 am, 060, Dry, N, Night, Hit Fixed Object, Not Injured, N, N
AUS, 2, 0, 0, 0, 2017, October, Thursday, 06:55 pm, 060, Dry, N, Daylight, Rear End, Not Injured, N, N
AUS, 3, 0, 0, 0, 2017, October, Thursday, 05:50 pm, 060, Dry, N, Daylight, Rear End, Not Injured, N, N
AUS, 2, 0, 0, 1, 2017, October, Thursday, 09:41 pm, 060, Dry, N, Night, Side Swipe, Minor Injury, N, N
AUS, 3, 0, 0, 0, 2017, October, Thursday, 08:00 pm, 100, Dry, N, Night, Hit Fixed Object, Not Injured, N, N
AUS, 2, 0, 0, 2, 2017, October, Friday, 04:40 am, 080, Dry, N, Night, Right Angle, Minor Injury, N, N
AUS, 2, 0, 0, 0, 2017, October, Friday, 06:23 am, 050, Dry, N, Daylight, Hit Fixed Object, Not Injured, N, N
AUS, 3, 0, 0, 0, 2017, October, Thursday, 09:50 am, 090, Dry, N, Daylight, Hit Fixed Object, Not Injured, N, N
AUS, 4, 0, 0, 0, 2017, October, Friday, 07:31 am, 080, Dry, N, Daylight, Rear End, Not Injured, N, N
AUS, 2, 0, 2, 0, 2017, October, Thursday, 12:35 pm, 100, Dry, N, Daylight, Right Angle, Major Injury, N, N
AUS, 2, 0, 0, 1, 2017, October, Thursday, 12:00 pm, 040, Dry, N, Daylight, Hit Fixed Object, Minor Injury, N, N
AUS, 2, 0, 0, 1, 2017, October, Wednesday, 08:40 am, 050, Dry, N, Daylight, Right Angle, Minor Injury, N, N
AUS, 3, 0, 0, 0, 2017, October, Friday, 09:45 am, 050, Dry, N, Daylight, Rear End, Not Injured, N, N
AUS, 2, 0, 0, 0, 2017, October, Wednesday, 11:30 am, 050, Dry, N, Daylight, Hit Fixed Object, Not Injured, N, N
AUS, 2, 0, 0, 0, 2017, October, Friday, 10:55 am, 080, Dry, N, Daylight, Hit Fixed Object, Not Injured, N, N
AUS, 3, 0, 0, 3, 2017, October, Friday, 10:20 am, 050, Dry, N, Daylight, Rear End, Minor Injury, N, Y
AUS, 2, 0, 0, 1, 2017, October, Friday, 09:29 am, 090, Dry, N, Daylight, Side Swipe, Minor Injury, N, N
AUS, 2, 0, 0, 0, 2017, October, Friday, 09:00 am, 100, Dry, N, Daylight, Right Angle, Not Injured, N, N
AUS, 2, 0, 0, 0, 2017, October, Friday, 11:52 am, 050, Dry, N, Daylight, Hit Fixed Object, Not Injured, N, N
AUS, 2, 0, 0, 1, 2017, October, Friday, 11:45 am, 050, Dry, N, Daylight, Side Swipe, Minor Injury, N, N
AUS, 2, 0, 0, 0, 2017, October, Thursday, 12:47 pm, 080, Dry, N, Daylight, Rear End, Not Injured, N, N
AUS, 2, 0, 0, 0, 2017, October, Friday, 08:10 am, 050, Dry, N, Daylight, Side Swipe, Not Injured, N, N
AUS, 2, 0, 1, 0, 2017, October, Friday, 10:25 am, 060, Dry, N, Daylight, Hit Pedestrian, Major Injury, N, N
AUS, 2, 0, 0, 0, 2017, October, Thursday, 09:00 am, 050, Dry, N, Daylight, Side Swipe, Not Injured, N, N
AUS, 2, 0, 0, 1, 2017, October, Friday, 11:48 am, 060, Dry, N, Daylight, Side Swipe, Minor Injury, N, N
AUS, 2, 0, 0, 0, 2017, October, Friday, 01:50 pm, 060, Dry, N, Daylight, Hit Pedestrian, Not Injured, N, N
AUS, 2, 0, 0, 0, 2017, October, Friday, 02:00 pm, 060, Dry, N, Daylight, Right Angle, Not Injured, N, N
AUS, 2, 0, 1, 0, 2017, October, Friday, 02:19 pm, 080, Dry, N, Daylight, Hit Fixed Object, Major Injury, N, N
AUS, 2, 0, 0, 0, 2017, October, Friday, 04:00 pm, 050, Dry, N, Daylight, Side Swipe, Not Injured, N, N
AUS, 3, 0, 0, 1, 2017, October, Friday, 02:50 pm, 090, Dry, N, Daylight, Rear End, Minor Injury, N, N
AUS, 2, 0, 0, 1, 2017, October, Friday, 03:10 pm, 050, Dry, N, Daylight, Right Angle, Minor Injury, N, N
AUS, 2, 0, 0, 0, 2017, October, Friday, 04:00 pm, 060, Dry, N, Daylight, Rear End, Not Injured, N, N
AUS, 2, 0, 0, 1, 2017, October, Friday, 04:50 pm, 060, Dry, N, Daylight, Right Angle, Minor Injury, N, N
AUS, 2, 0, 0, 0, 2017, October, Friday, 03:40 pm, 050, Dry, N, Daylight, Right Angle, Not Injured, N, N
AUS, 2, 0, 0, 0, 2017, October, Friday, 06:00 pm, 060, Dry, N, Daylight, Side Swipe, Not Injured, N, N
AUS, 3, 0, 0, 0, 2017, October, Friday, 04:00 pm, 080, Dry, N, Daylight, Rear End, Not Injured, N, N
AUS, 2, 0, 0, 0, 2017, October, Friday, 03:46 pm, 060, Dry, N, Daylight, Right Angle, Not Injured, N, N
AUS, 2, 0, 0, 0, 2017, October, Friday, 07:15 pm, 060, Dry, N, Daylight, Right Angle, Not Injured, N, N
AUS, 2, 0, 0, 0, 2017, October, Friday, 05:30 pm, 060, Dry, N, Daylight, Right Angle, Not Injured, N, N
AUS, 2, 0, 0, 0, 2017, October, Friday, 05:00 pm, 060, Dry, N, Daylight, Side Swipe, Not Injured, N, N
AUS, 2, 0, 0, 0, 2017, October, Friday, 05:15 pm, 050, Dry, N, Daylight, Hit Fixed Object, Not Injured, N, N
AUS, 3, 0, 0, 0, 2017, October, Friday, 08:25 pm, 060, Dry, N, Night, Rear End, Not Injured, N, N
AUS, 2, 0, 0, 1, 2017, October, Friday, 08:05 pm, 080, Dry, N, Night, Hit Fixed Object, Minor Injury, Y, Y
AUS, 2, 0, 0, 1, 2017, October, Friday, 11:00 pm, 100, Dry, N, Night, Hit Fixed Object, Minor Injury, N, N
AUS, 2, 0, 0, 0, 2017, October, Friday, 05:40 pm, 060, Dry, N, Daylight, Right Angle, Not Injured, N, N
AUS, 2, 0, 0, 0, 2017, October, Friday, 06:00 pm, 060, Dry, N, Daylight, Side Swipe, Not Injured, N, N
AUS, 2, 0, 0, 1, 2017, October, Saturday, 07:20 am, 060, Dry, N, Daylight, Rear End, Minor Injury, N, N
AUS, 2, 0, 0, 0, 2017, October, Saturday, 10:45 am, 080, Dry, N, Daylight, Rear End, Not Injured, N, N
AUS, 3, 0, 0, 0, 2017, October, Saturday, 12:00 pm, 060, Dry, N, Daylight, Right Angle, Not Injured, N, N
AUS, 2, 0, 0, 0, 2017, October, Friday, 03:30 pm, 070, Dry, N, Daylight, Right Angle, Not Injured, N, N
AUS, 2, 0, 0, 0, 2017, October, Saturday, 12:30 pm, 060, Dry, N, Daylight, Right Angle, Not Injured, N, N
AUS, 2, 0, 0, 0, 2017, October, Saturday, 12:50 pm, 060, Dry, N, Daylight, Right Angle, Not Injured, N, N
AUS, 2, 0, 0, 0, 2017, October, Saturday, 01:20 pm, 050, Dry, N, Daylight, Hit Fixed Object, Not Injured, N, N
AUS, 3, 0, 0, 1, 2017, October, Friday, 08:50 pm, 050, Dry, N, Night, Hit Pedestrian, Minor Injury, N, N
AUS, 2, 0, 0, 0, 2017, October, Saturday, 09:40 am, 060, Dry, N, Daylight, Right Angle, Not Injured, N, N
AUS, 3, 0, 0, 0, 2017, October, Saturday, 04:30 pm, 060, Dry, N, Daylight, Rear End, Not Injured, N, N
AUS, 3, 0, 0, 0, 2017, October, Thursday, 11:30 am, 110, Dry, N, Daylight, Head On, Not Injured, N, N
AUS, 2, 0, 1, 0, 2017, October, Saturday, 11:30 am, 080, Dry, N, Daylight, Hit Fixed Object, Major Injury, N, N
AUS, 2, 0, 0, 0, 2017, October, Friday, 12:20 pm, 040, Dry, N, Daylight, Rear End, Not Injured, N, N
AUS, 2, 0, 0, 0, 2017, October, Saturday, 03:28 pm, 060, Dry, N, Daylight, Side Swipe, Not Injured, N, N
AUS, 2, 0, 0, 0, 2017, November, Monday, 08:40 am, 060, Dry, N, Daylight, Right Angle, Not Injured, N, N
AUS, 2, 0, 0, 0, 2017, October, Saturday, 02:00 pm, 100, Dry, N, Daylight, Right Angle, Not Injured, N, N
AUS, 4, 0, 0, 3, 2017, October, Saturday, 02:50 pm, 080, Dry, N, Daylight, Rear End, Minor Injury, N, N
AUS, 2, 0, 0, 1, 2017, October, Thursday, 07:23 pm, 060, Dry, N, Daylight, Right Angle, Minor Injury, N, N
AUS, 2, 0, 0, 1, 2017, October, Thursday, 05:00 pm, 060, Dry, N, Daylight, Side Swipe, Minor Injury, N, N