Nation,Total Units,Total Fatalities,Total Serious Injuries,Total Minor Injuries,Year,Month,Day,Time,Speed Limit,Moisture,Adverse Weather Conditions,DayNight,Crash Type,Crash Severity,Alcohol Related ,Drug Related
AUS, 2, 0, 0, 1, 2017, October, Saturday, 05:40 am, 080, Dry, N, Night, Hit Fixed Object, Minor Injury, Y, N
AUS, 2, 0, 0, 1, 2017, October, Sunday, 12:00 am, 060, Dry, N, Night, Side Swipe, Minor Injury, Y, N
AUS, 2, 0, 0, 0, 2017, October, Sunday, 06:40 am, 050, Dry, N, Daylight, Hit Fixed Object, Not Injured, Y, N
AUS, 2, 0, 0, 1, 2017, October, Saturday, 11:40 am, 050, Dry, N, Daylight, Right Angle, Minor Injury, N, N
AUS, 2, 0, 0, 1, 2017, October, Saturday, 01:25 pm, 060, Dry, N, Daylight, Head On, Minor Injury, N, N
AUS, 2, 0, 0, 0, 2017, October, Sunday, 12:30 am, 060, Dry, N, Night, Rear End, Not Injured, N, N
AUS, 2, 0, 0, 0, 2017, October, Saturday, 06:30 pm, 060, Dry, N, Daylight, Rear End, Not Injured, N, N
AUS, 2, 0, 0, 0, 2017, October, Sunday, 11:30 am, 060, Dry, N, Daylight, Right Angle, Not Injured, N, N
AUS, 2, 0, 0, 0, 2017, October, Saturday, 06:00 pm, 060, Dry, N, Daylight, Right Angle, Not Injured, N, N
AUS, 2, 0, 0, 0, 2017, October, Friday, 08:50 am, 070, Dry, N, Daylight, Side Swipe, Not Injured, N, N
AUS, 2, 0, 0, 0, 2017, October, Sunday, 03:45 pm, 050, Dry, N, Daylight, Right Angle, Not Injured, N, N
AUS, 3, 0, 0, 0, 2017, October, Sunday, 06:50 pm, 050, Wet, N, Daylight, Hit Fixed Object, Not Injured, N, N
AUS, 2, 0, 0, 0, 2017, October, Sunday, 08:30 pm, 110, Dry, N, Night, Hit Fixed Object, Not Injured, N, N
AUS, 2, 0, 0, 0, 2017, October, Saturday, 04:43 pm, 050, Dry, N, Daylight, Hit Fixed Object, Not Injured, N, N
AUS, 2, 0, 0, 0, 2017, October, Sunday, 06:50 pm, 050, Dry, N, Daylight, Side Swipe, Not Injured, N, N
AUS, 2, 0, 0, 0, 2017, October, Sunday, 05:20 pm, 060, Dry, N, Daylight, Side Swipe, Not Injured, N, N
AUS, 3, 0, 2, 2, 2017, October, Sunday, 06:28 pm, 080, Wet, Y, Daylight, Hit Fixed Object, Major Injury, N, N
AUS, 2, 0, 0, 0, 2017, October, Monday, 12:30 am, 100, Dry, N, Night, Hit Fixed Object, Not Injured, N, N
AUS, 2, 0, 0, 1, 2017, October, Sunday, 11:31 pm, 060, Wet, Y, Night, Hit Fixed Object, Minor Injury, N, N
AUS, 4, 0, 0, 0, 2017, October, Monday, 07:15 am, 060, Wet, Y, Daylight, Hit Fixed Object, Not Injured, N, N
AUS, 2, 0, 0, 0, 2017, October, Monday, 07:00 am, 080, Wet, N, Daylight, Hit Fixed Object, Not Injured, N, N
AUS, 2, 0, 0, 0, 2017, October, Monday, 08:20 am, 050, Wet, N, Daylight, Right Angle, Not Injured, N, N
AUS, 2, 0, 0, 1, 2017, October, Monday, 08:16 am, 060, Dry, N, Daylight, Right Angle, Minor Injury, N, N
AUS, 5, 0, 0, 1, 2017, October, Monday, 07:40 am, 080, Wet, N, Daylight, Rear End, Minor Injury, N, N
AUS, 2, 0, 0, 1, 2017, October, Monday, 09:20 am, 060, Wet, Y, Daylight, Side Swipe, Minor Injury, N, N
AUS, 2, 0, 0, 0, 2017, October, Monday, 10:15 am, 080, Wet, Y, Daylight, Side Swipe, Not Injured, N, N
AUS, 2, 0, 0, 0, 2017, October, Monday, 08:55 am, 060, Wet, Y, Daylight, Right Angle, Not Injured, N, N
AUS, 2, 0, 0, 0, 2017, October, Monday, 11:45 am, 050, Dry, N, Daylight, Right Angle, Not Injured, N, N
AUS, 2, 0, 0, 1, 2017, October, Monday, 07:00 am, 100, Dry, N, Daylight, Hit Fixed Object, Minor Injury, N, N
AUS, 2, 0, 0, 0, 2017, October, Friday, 03:30 pm, 060, Dry, N, Daylight, Rear End, Not Injured, N, N
AUS, 2, 0, 0, 0, 2017, October, Monday, 10:35 am, 080, Dry, N, Daylight, Side Swipe, Not Injured, N, N
AUS, 2, 0, 0, 0, 2017, October, Monday, 11:45 am, 060, Dry, N, Daylight, Right Angle, Not Injured, N, N
AUS, 2, 0, 0, 1, 2017, October, Monday, 06:55 am, 060, Dry, N, Daylight, Rear End, Minor Injury, N, N
AUS, 2, 0, 0, 0, 2017, October, Monday, 11:30 am, 080, Dry, N, Daylight, Rear End, Not Injured, N, N
AUS, 2, 0, 0, 1, 2017, October, Monday, 12:30 pm, 060, Dry, N, Daylight, Rear End, Minor Injury, N, N
AUS, 2, 0, 0, 0, 2017, October, Monday, 08:45 am, 080, Dry, N, Daylight, Rear End, Not Injured, N, N
AUS, 3, 0, 1, 0, 2017, October, Monday, 08:50 am, 060, Dry, N, Daylight, Head On, Major Injury, N, N
AUS, 2, 0, 0, 1, 2017, October, Monday, 01:01 pm, 060, Dry, N, Daylight, Rear End, Minor Injury, N, N
AUS, 2, 0, 0, 1, 2017, October, Monday, 02:03 pm, 050, Dry, N, Daylight, Side Swipe, Minor Injury, N, N
AUS, 2, 0, 0, 0, 2017, October, Monday, 02:15 pm, 060, Dry, N, Daylight, Right Angle, Not Injured, N, N
AUS, 2, 0, 0, 1, 2017, October, Monday, 02:41 pm, 100, Dry, N, Daylight, Side Swipe, Minor Injury, N, N
AUS, 3, 0, 0, 1, 2017, October, Monday, 08:35 am, 060, Dry, N, Daylight, Rear End, Minor Injury, N, N
AUS, 2, 0, 0, 0, 2017, October, Monday, 09:42 am, 040, Wet, Y, Daylight, Hit Fixed Object, Not Injured, N, N
AUS, 2, 0, 0, 0, 2017, October, Monday, 03:40 pm, 060, Dry, N, Daylight, Rear End, Not Injured, N, N
AUS, 2, 0, 0, 1, 2017, October, Friday, 12:18 pm, 050, Dry, N, Daylight, Hit Fixed Object, Minor Injury, N, N
AUS, 2, 0, 0, 1, 2017, October, Monday, 05:10 pm, 060, Dry, N, Daylight, Right Angle, Minor Injury, N, N
AUS, 2, 0, 0, 0, 2017, October, Monday, 04:38 pm, 060, Dry, N, Daylight, Right Angle, Not Injured, N, N
AUS, 2, 0, 0, 1, 2017, October, Monday, 04:50 pm, 050, Dry, N, Daylight, Right Angle, Minor Injury, N, N
AUS, 2, 0, 0, 0, 2017, October, Monday, 07:05 am, 060, Dry, N, Daylight, Right Angle, Not Injured, N, N
AUS, 2, 0, 0, 1, 2017, October, Friday, 11:00 am, 060, Dry, N, Daylight, Rear End, Minor Injury, N, N
AUS, 2, 0, 0, 0, 2017, October, Monday, 03:46 pm, 060, Dry, N, Daylight, Rear End, Not Injured, N, N
AUS, 2, 0, 0, 0, 2017, October, Monday, 05:00 pm, 110, Dry, N, Daylight, Hit Fixed Object, Not Injured, N, N
AUS, 2, 0, 0, 0, 2017, October, Monday, 04:15 pm, 060, Dry, N, Daylight, Side Swipe, Not Injured, N, N
AUS, 2, 0, 0, 0, 2017, October, Monday, 04:55 pm, 060, Dry, N, Daylight, Hit Fixed Object, Not Injured, Y, N
AUS, 2, 0, 0, 0, 2017, October, Thursday, 01:00 pm, 050, Dry, N, Daylight, Right Angle, Not Injured, N, N
AUS, 2, 0, 0, 0, 2017, October, Monday, 05:40 pm, 060, Wet, Y, Daylight, Side Swipe, Not Injured, N, N
AUS, 2, 0, 1, 0, 2017, October, Monday, 07:20 pm, 060, Dry, N, Daylight, Hit Fixed Object, Major Injury, Y, N
AUS, 2, 0, 0, 0, 2017, October, Monday, 08:35 pm, 070, Dry, N, Night, Right Angle, Not Injured, N, N
AUS, 2, 1, 0, 0, 2017, October, Monday, 06:40 pm, 100, Dry, N, Daylight, Hit Fixed Object, Fatal, N, Y
AUS, 3, 0, 0, 0, 2017, July, Wednesday, 02:40 am, 050, Dry, N, Night, Hit Fixed Object, Not Injured, Y, N
AUS, 2, 0, 0, 0, 2017, October, Monday, 12:15 pm, 060, Dry, N, Daylight, Rear End, Not Injured, N, N
AUS, 2, 0, 0, 0, 2017, October, Monday, 12:45 pm, 060, Dry, N, Daylight, Rear End, Not Injured, N, N
AUS, 2, 0, 0, 0, 2017, October, Tuesday, 08:50 am, 060, Dry, N, Daylight, Rear End, Not Injured, N, N
AUS, 2, 0, 0, 0, 2017, October, Tuesday, 07:30 am, 110, Dry, N, Daylight, Rear End, Not Injured, N, N
AUS, 2, 0, 0, 0, 2017, October, Monday, 01:05 pm, 060, Dry, N, Daylight, Side Swipe, Not Injured, N, N
AUS, 2, 0, 0, 0, 2017, October, Friday, 02:30 am, 100, Dry, N, Night, Hit Fixed Object, Not Injured, N, N
AUS, 2, 0, 0, 0, 2017, October, Tuesday, 09:30 am, 080, Dry, N, Daylight, Hit Fixed Object, Not Injured, N, N
AUS, 2, 0, 0, 0, 2017, October, Tuesday, 06:45 am, 060, Dry, N, Daylight, Rear End, Not Injured, N, N
AUS, 2, 0, 1, 0, 2017, October, Tuesday, 11:04 am, 060, Dry, N, Daylight, Hit Fixed Object, Major Injury, N, N
AUS, 2, 0, 0, 0, 2017, October, Tuesday, 10:30 am, 060, Dry, N, Daylight, Right Angle, Not Injured, N, N
AUS, 4, 0, 0, 0, 2017, October, Tuesday, 01:09 pm, 050, Dry, N, Daylight, Rear End, Not Injured, N, N
AUS, 2, 0, 0, 0, 2017, October, Tuesday, 10:05 am, 060, Dry, N, Daylight, Hit Fixed Object, Not Injured, N, N
AUS, 2, 0, 0, 0, 2017, October, Tuesday, 12:55 pm, 050, Dry, N, Daylight, Head On, Not Injured, N, N
AUS, 2, 0, 0, 1, 2017, October, Tuesday, 01:15 pm, 090, Dry, N, Daylight, Right Angle, Minor Injury, N, N
AUS, 2, 0, 1, 0, 2017, October, Tuesday, 10:45 am, 060, Dry, N, Daylight, Rear End, Major Injury, N, Y
AUS, 2, 0, 0, 1, 2017, October, Monday, 12:15 pm, 080, Dry, N, Daylight, Rear End, Minor Injury, N, N
AUS, 2, 0, 0, 0, 2017, October, Tuesday, 03:18 pm, 050, Dry, N, Daylight, Rear End, Not Injured, N, N
AUS, 2, 0, 0, 0, 2017, October, Tuesday, 08:30 am, 050, Dry, N, Daylight, Right Angle, Not Injured, N, N
AUS, 2, 0, 0, 0, 2017, October, Tuesday, 07:10 am, 040, Dry, N, Daylight, Side Swipe, Not Injured, N, N
AUS, 2, 0, 0, 0, 2017, October, Tuesday, 06:50 pm, 060, Dry, N, Daylight, Rear End, Not Injured, N, N
AUS, 2, 0, 0, 0, 2017, October, Tuesday, 06:55 pm, 050, Dry, N, Daylight, Rear End, Not Injured, N, N
AUS, 2, 0, 0, 0, 2017, October, Tuesday, 04:05 pm, 040, Dry, N, Daylight, Right Angle, Not Injured, N, N
AUS, 2, 0, 0, 1, 2017, October, Tuesday, 05:10 pm, 060, Dry, N, Daylight, Right Angle, Minor Injury, N, N
AUS, 2, 0, 0, 0, 2017, October, Monday, 02:30 pm, 050, Dry, N, Daylight, Hit Fixed Object, Not Injured, N, N
AUS, 2, 0, 0, 1, 2017, October, Tuesday, 06:15 pm, 060, Dry, N, Daylight, Rear End, Minor Injury, N, Y
AUS, 2, 0, 1, 0, 2017, October, Tuesday, 10:00 pm, 080, Dry, N, Night, Hit Fixed Object, Major Injury, N, N
AUS, 2, 0, 0, 0, 2017, November, Wednesday, 08:30 am, 060, Dry, N, Daylight, Right Angle, Not Injured, N, N
AUS, 4, 0, 0, 0, 2017, October, Tuesday, 04:00 pm, 060, Dry, N, Daylight, Side Swipe, Not Injured, N, N
AUS, 3, 0, 0, 1, 2017, November, Wednesday, 08:35 am, 080, Dry, N, Daylight, Rear End, Minor Injury, N, N
AUS, 2, 0, 0, 0, 2017, October, Tuesday, 04:30 pm, 040, Dry, N, Daylight, Side Swipe, Not Injured, N, N
AUS, 2, 0, 0, 0, 2017, October, Tuesday, 04:00 pm, 080, Dry, N, Daylight, Hit Fixed Object, Not Injured, N, N
AUS, 2, 0, 0, 1, 2017, November, Wednesday, 08:10 am, 060, Dry, N, Daylight, Rear End, Minor Injury, N, N
AUS, 2, 0, 0, 1, 2017, October, Sunday, 04:25 pm, 100, Dry, N, Daylight, Side Swipe, Minor Injury, N, N
AUS, 2, 0, 0, 0, 2017, October, Monday, 03:15 pm, 050, Dry, N, Daylight, Hit Pedestrian, Not Injured, N, N
AUS, 2, 0, 0, 1, 2017, November, Wednesday, 08:00 am, 050, Dry, N, Daylight, Side Swipe, Minor Injury, N, N
AUS, 2, 0, 0, 1, 2017, November, Wednesday, 02:34 pm, 060, Dry, N, Daylight, Rear End, Minor Injury, N, N
AUS, 2, 0, 0, 0, 2017, November, Wednesday, 01:50 pm, 060, Dry, N, Daylight, Rear End, Not Injured, N, N
AUS, 2, 0, 0, 1, 2017, November, Wednesday, 01:00 pm, 060, Dry, N, Daylight, Right Angle, Minor Injury, N, N
AUS, 2, 0, 0, 0, 2017, November, Wednesday, 10:30 am, 050, Dry, N, Daylight, Hit Fixed Object, Not Injured, N, N
AUS, 2, 0, 0, 0, 2017, November, Wednesday, 06:30 am, 060, Dry, N, Daylight, Right Angle, Not Injured, N, N
AUS, 2, 0, 0, 0, 2017, November, Wednesday, 02:00 pm, 050, Dry, N, Daylight, Hit Fixed Object, Not Injured, N, N
AUS, 2, 0, 0, 1, 2017, November, Wednesday, 02:00 pm, 060, Dry, N, Daylight, Right Angle, Minor Injury, N, N
AUS, 2, 0, 0, 0, 2017, October, Wednesday, 11:30 am, 110, Dry, N, Daylight, Side Swipe, Not Injured, N, N
AUS, 2, 0, 0, 0, 2017, November, Wednesday, 03:55 pm, 060, Dry, N, Daylight, Right Angle, Not Injured, N, N
AUS, 2, 0, 0, 0, 2017, November, Wednesday, 02:05 pm, 080, Dry, N, Daylight, Rear End, Not Injured, N, N
AUS, 2, 0, 0, 0, 2017, November, Wednesday, 04:35 pm, 060, Dry, N, Daylight, Rear End, Not Injured, N, N
AUS, 2, 0, 0, 0, 2017, November, Wednesday, 04:25 pm, 060, Dry, N, Daylight, Rear End, Not Injured, N, N
AUS, 2, 0, 0, 0, 2017, November, Wednesday, 05:10 pm, 110, Dry, N, Daylight, Hit Fixed Object, Not Injured, N, N
AUS, 2, 0, 0, 1, 2017, November, Wednesday, 05:15 pm, 060, Dry, N, Daylight, Rear End, Minor Injury, N, N
AUS, 2, 0, 0, 1, 2017, October, Tuesday, 04:30 pm, 060, Dry, N, Daylight, Side Swipe, Minor Injury, N, N
AUS, 2, 0, 0, 1, 2017, November, Wednesday, 02:30 pm, 060, Dry, N, Daylight, Rear End, Minor Injury, N, N
AUS, 2, 0, 0, 1, 2017, October, Tuesday, 06:55 pm, 060, Dry, N, Daylight, Side Swipe, Minor Injury, N, N
AUS, 2, 0, 0, 0, 2017, November, Wednesday, 08:01 pm, 060, Dry, N, Night, Right Angle, Not Injured, N, N
AUS, 2, 0, 0, 0, 2017, November, Wednesday, 05:18 pm, 050, Dry, N, Daylight, Right Angle, Not Injured, N, N
AUS, 3, 0, 0, 2, 2017, November, Wednesday, 10:40 pm, 060, Dry, N, Night, Rear End, Minor Injury, Y, N
AUS, 2, 0, 0, 0, 2017, November, Wednesday, 11:35 pm, 060, Dry, N, Night, Right Angle, Not Injured, N, N
AUS, 3, 0, 0, 0, 2017, November, Wednesday, 09:15 am, 080, Dry, N, Daylight, Rear End, Not Injured, N, N
AUS, 2, 0, 0, 0, 2017, November, Wednesday, 01:00 pm, 050, Dry, N, Daylight, Right Angle, Not Injured, N, N
AUS, 2, 0, 0, 0, 2017, October, Tuesday, 06:52 pm, 100, Dry, N, Daylight, Right Angle, Not Injured, N, N
AUS, 3, 0, 0, 0, 2017, November, Thursday, 08:18 am, 060, Dry, N, Daylight, Rear End, Not Injured, N, N
AUS, 2, 0, 0, 0, 2017, November, Thursday, 09:00 am, 060, Dry, N, Daylight, Right Angle, Not Injured, N, N
AUS, 3, 0, 0, 1, 2017, November, Thursday, 08:40 am, 060, Dry, N, Daylight, Rear End, Minor Injury, N, N
AUS, 3, 0, 0, 0, 2017, November, Wednesday, 08:30 am, 050, Dry, N, Daylight, Right Angle, Not Injured, N, N
AUS, 2, 0, 0, 0, 2017, November, Thursday, 08:00 am, 060, Dry, N, Daylight, Side Swipe, Not Injured, N, N
AUS, 3, 0, 0, 0, 2017, November, Thursday, 08:35 am, 060, Dry, N, Daylight, Rear End, Not Injured, N, N
AUS, 2, 0, 0, 1, 2017, October, Tuesday, 11:20 am, 060, Dry, N, Daylight, Side Swipe, Minor Injury, N, N
AUS, 2, 0, 0, 0, 2017, November, Thursday, 09:15 am, 060, Dry, N, Daylight, Side Swipe, Not Injured, N, N
AUS, 2, 0, 0, 0, 2017, November, Wednesday, 03:40 pm, 060, Dry, N, Daylight, Side Swipe, Not Injured, N, N
AUS, 2, 0, 0, 0, 2017, November, Thursday, 08:40 am, 080, Dry, N, Daylight, Rear End, Not Injured, N, N
AUS, 2, 0, 0, 1, 2017, October, Tuesday, 04:00 pm, 080, Dry, N, Daylight, Rear End, Minor Injury, N, N
AUS, 2, 0, 0, 0, 2017, November, Thursday, 11:00 am, 050, Dry, N, Daylight, Right Angle, Not Injured, N, N
AUS, 2, 0, 0, 1, 2017, November, Wednesday, 04:10 pm, 060, Dry, N, Daylight, Right Angle, Minor Injury, N, N
AUS, 2, 0, 0, 0, 2017, November, Thursday, 09:16 am, 060, Dry, N, Daylight, Right Angle, Not Injured, N, N
AUS, 2, 0, 0, 0, 2017, November, Wednesday, 10:30 am, 050, Dry, N, Daylight, Right Angle, Not Injured, N, N
AUS, 2, 0, 0, 1, 2017, February, Saturday, 11:00 am, 060, Dry, N, Daylight, Rear End, Minor Injury, N, N
AUS, 2, 0, 0, 1, 2017, November, Thursday, 02:55 pm, 060, Dry, N, Daylight, Rear End, Minor Injury, N, N
AUS, 2, 0, 0, 1, 2017, November, Thursday, 03:07 pm, 060, Dry, N, Daylight, Side Swipe, Minor Injury, N, N
AUS, 2, 0, 0, 0, 2017, November, Thursday, 02:10 pm, 060, Dry, N, Daylight, Rear End, Not Injured, N, N
AUS, 2, 0, 0, 0, 2017, November, Wednesday, 05:00 pm, 060, Dry, N, Daylight, Side Swipe, Not Injured, N, N
AUS, 2, 0, 0, 0, 2017, November, Thursday, 03:40 pm, 060, Dry, N, Daylight, Right Angle, Not Injured, N, N
AUS, 2, 0, 0, 0, 2017, October, Tuesday, 02:00 pm, 110, Dry, N, Daylight, Side Swipe, Not Injured, N, N
AUS, 2, 0, 0, 0, 2017, November, Thursday, 07:40 am, 060, Dry, N, Daylight, Hit Pedestrian, Not Injured, N, N
AUS, 2, 0, 0, 0, 2017, November, Thursday, 05:05 pm, 060, Dry, N, Daylight, Rear End, Not Injured, N, N
AUS, 2, 0, 0, 0, 2017, November, Thursday, 01:15 pm, 070, Dry, N, Daylight, Rear End, Not Injured, N, N
AUS, 2, 0, 0, 0, 2017, November, Wednesday, 05:40 pm, 080, Dry, N, Daylight, Rear End, Not Injured, N, N
AUS, 2, 0, 0, 2, 2017, November, Thursday, 05:45 pm, 050, Dry, N, Daylight, Right Angle, Minor Injury, N, N
AUS, 2, 0, 0, 0, 2017, October, Monday, 09:20 pm, 060, Wet, Y, Night, Rear End, Not Injured, N, N
AUS, 2, 0, 0, 1, 2017, November, Thursday, 02:45 pm, 060, Dry, N, Daylight, Right Angle, Minor Injury, N, N
AUS, 2, 0, 0, 0, 2017, November, Thursday, 09:00 am, 060, Dry, N, Daylight, Rear End, Not Injured, N, N
AUS, 3, 0, 0, 2, 2017, November, Thursday, 09:18 pm, 040, Dry, N, Night, Rear End, Minor Injury, N, N
AUS, 3, 0, 0, 0, 2017, November, Friday, 03:30 am, 050, Dry, N, Night, Rear End, Not Injured, N, N
AUS, 3, 0, 0, 0, 2017, November, Friday, 05:05 am, 060, Dry, N, Night, Head On, Not Injured, N, N
AUS, 2, 0, 1, 0, 2017, November, Friday, 06:25 am, 080, Dry, N, Daylight, Hit Fixed Object, Major Injury, N, Y
AUS, 2, 0, 0, 1, 2017, November, Friday, 08:43 am, 060, Dry, N, Daylight, Right Angle, Minor Injury, N, N
AUS, 2, 0, 0, 1, 2017, August, Thursday, 08:30 am, 060, Dry, N, Daylight, Rear End, Minor Injury, N, N
AUS, 2, 0, 0, 1, 2017, November, Friday, 09:50 am, 060, Dry, N, Daylight, Rear End, Minor Injury, N, N
AUS, 3, 0, 0, 3, 2017, November, Friday, 09:30 am, 080, Dry, N, Daylight, Rear End, Minor Injury, N, N
AUS, 2, 0, 0, 0, 2017, November, Friday, 09:55 am, 060, Dry, N, Daylight, Side Swipe, Not Injured, N, N
AUS, 2, 0, 0, 1, 2017, November, Friday, 10:20 am, 080, Dry, N, Daylight, Hit Fixed Object, Minor Injury, N, N
AUS, 3, 0, 1, 0, 2017, November, Friday, 10:12 am, 050, Dry, N, Daylight, Right Angle, Major Injury, N, N
AUS, 3, 0, 0, 1, 2017, November, Friday, 12:05 pm, 060, Dry, N, Daylight, Right Angle, Minor Injury, N, N
AUS, 2, 0, 0, 0, 2017, November, Friday, 10:40 am, 050, Dry, N, Daylight, Side Swipe, Not Injured, N, N
AUS, 2, 0, 0, 2, 2017, November, Friday, 11:00 am, 060, Dry, N, Daylight, Hit Fixed Object, Minor Injury, N, N
AUS, 2, 0, 0, 0, 2017, November, Friday, 10:00 am, 060, Dry, N, Daylight, Rear End, Not Injured, N, N
AUS, 2, 0, 0, 0, 2017, November, Thursday, 04:50 pm, 060, Dry, N, Daylight, Right Angle, Not Injured, N, N
AUS, 2, 0, 0, 2, 2017, November, Friday, 01:35 pm, 080, Dry, N, Daylight, Right Angle, Minor Injury, N, N
AUS, 2, 0, 0, 0, 2017, November, Friday, 02:25 pm, 060, Dry, N, Daylight, Side Swipe, Not Injured, N, N
AUS, 2, 0, 0, 0, 2017, November, Friday, 08:00 am, 060, Dry, N, Daylight, Side Swipe, Not Injured, N, N
AUS, 2, 0, 0, 0, 2017, November, Friday, 03:30 pm, 060, Dry, N, Daylight, Right Angle, Not Injured, N, N
AUS, 2, 0, 0, 1, 2017, November, Friday, 03:55 pm, 050, Dry, N, Daylight, Rear End, Minor Injury, N, N
AUS, 2, 0, 0, 0, 2017, November, Friday, 04:20 pm, 060, Dry, N, Daylight, Side Swipe, Not Injured, N, N
AUS, 4, 0, 0, 0, 2017, November, Friday, 05:00 pm, 080, Dry, N, Daylight, Rear End, Not Injured, N, N
AUS, 2, 0, 0, 0, 2017, November, Friday, 04:25 pm, 080, Dry, N, Daylight, Rear End, Not Injured, N, N
AUS, 2, 0, 0, 0, 2017, November, Friday, 05:40 pm, 050, Dry, N, Daylight, Rear End, Not Injured, N, N
AUS, 2, 0, 0, 1, 2017, November, Friday, 02:11 pm, 060, Dry, N, Daylight, Rear End, Minor Injury, N, Y
AUS, 2, 0, 0, 1, 2017, October, Wednesday, 05:15 pm, 050, Dry, N, Daylight, Hit Fixed Object, Minor Injury, Y, N
AUS, 2, 0, 0, 0, 2017, November, Friday, 10:25 pm, 060, Dry, N, Night, Right Angle, Not Injured, N, N
AUS, 2, 0, 0, 0, 2017, November, Friday, 09:15 pm, 050, Dry, N, Night, Rear End, Not Injured, N, N
AUS, 2, 0, 0, 0, 2017, November, Friday, 11:51 pm, 060, Dry, N, Night, Hit Fixed Object, Not Injured, N, N
AUS, 2, 0, 0, 0, 2017, November, Saturday, 07:45 am, 050, Dry, N, Daylight, Hit Fixed Object, Not Injured, N, N
AUS, 3, 0, 0, 0, 2017, November, Saturday, 07:10 am, 050, Dry, N, Daylight, Hit Fixed Object, Not Injured, N, N
AUS, 2, 0, 0, 0, 2017, November, Friday, 10:30 pm, 050, Dry, N, Night, Hit Fixed Object, Not Injured, N, N
AUS, 2, 0, 0, 0, 2017, November, Saturday, 07:50 am, 060, Dry, N, Daylight, Right Angle, Not Injured, N, N
AUS, 2, 0, 0, 0, 2017, October, Sunday, 05:30 pm, 050, Dry, N, Daylight, Right Angle, Not Injured, N, N
AUS, 2, 0, 0, 0, 2017, November, Saturday, 11:15 am, 060, Dry, N, Daylight, Side Swipe, Not Injured, N, N
AUS, 2, 0, 0, 0, 2017, November, Friday, 11:40 pm, 100, Dry, N, Night, Head On, Not Injured, N, N
AUS, 2, 0, 0, 0, 2017, November, Saturday, 09:18 am, 060, Dry, N, Daylight, Right Angle, Not Injured, N, N
AUS, 2, 0, 0, 1, 2017, November, Saturday, 12:38 pm, 060, Dry, N, Daylight, Right Angle, Minor Injury, N, N
AUS, 2, 0, 0, 0, 2017, November, Saturday, 01:25 am, 060, Dry, N, Night, Hit Fixed Object, Not Injured, N, N
AUS, 2, 0, 1, 0, 2017, November, Saturday, 03:45 pm, 060, Dry, N, Daylight, Hit Fixed Object, Major Injury, N, N
AUS, 2, 0, 0, 0, 2017, November, Saturday, 11:00 am, 060, Dry, N, Daylight, Side Swipe, Not Injured, N, N
AUS, 2, 0, 0, 1, 2017, November, Wednesday, 03:30 pm, 060, Dry, N, Daylight, Right Angle, Minor Injury, N, N
AUS, 2, 0, 0, 0, 2017, November, Saturday, 05:21 pm, 060, Dry, N, Daylight, Right Angle, Not Injured, N, N
AUS, 2, 0, 0, 0, 2017, November, Saturday, 06:00 pm, 060, Dry, N, Daylight, Rear End, Not Injured, N, N
AUS, 2, 0, 0, 1, 2017, August, Thursday, 05:00 pm, 060, Dry, N, Daylight, Rear End, Minor Injury, N, N
AUS, 2, 0, 0, 1, 2017, November, Saturday, 08:15 pm, 060, Dry, N, Night, Rear End, Minor Injury, N, N
AUS, 2, 0, 0, 0, 2017, November, Saturday, 06:30 pm, 060, Dry, N, Daylight, Right Angle, Not Injured, N, N
AUS, 2, 0, 0, 1, 2017, November, Saturday, 12:45 pm, 060, Dry, N, Daylight, Rear End, Minor Injury, N, N
AUS, 2, 0, 0, 1, 2017, November, Saturday, 10:20 pm, 050, Dry, N, Night, Hit Pedestrian, Minor Injury, N, N
AUS, 2, 0, 2, 0, 2017, November, Sunday, 12:30 am, 060, Dry, N, Night, Hit Fixed Object, Major Injury, N, N
AUS, 2, 0, 0, 0, 2017, November, Saturday, 11:57 pm, 080, Dry, N, Night, Hit Fixed Object, Not Injured, Y, N
AUS, 2, 0, 0, 0, 2017, November, Sunday, 07:10 am, 100, Dry, N, Daylight, Hit Fixed Object, Not Injured, N, N
AUS, 2, 0, 0, 0, 2017, November, Saturday, 11:00 am, 080, Dry, N, Daylight, Right Angle, Not Injured, N, N
AUS, 2, 0, 0, 0, 2017, November, Sunday, 11:00 am, 060, Dry, N, Daylight, Rear End, Not Injured, N, N
AUS, 2, 0, 0, 0, 2017, November, Sunday, 10:10 am, 060, Dry, N, Daylight, Right Angle, Not Injured, N, N
AUS, 2, 0, 0, 1, 2017, November, Friday, 05:00 pm, 050, Dry, N, Daylight, Side Swipe, Minor Injury, N, N
AUS, 2, 0, 0, 0, 2017, November, Sunday, 01:40 pm, 060, Dry, N, Daylight, Rear End, Not Injured, N, N
AUS, 2, 0, 0, 1, 2017, November, Sunday, 11:43 am, 060, Dry, N, Daylight, Right Angle, Minor Injury, N, N