Nation,Total Units,Total Fatalities,Total Serious Injuries,Total Minor Injuries,Year,Month,Day,Time,Speed Limit,Moisture,Adverse Weather Conditions,DayNight,Crash Type,Crash Severity,Alcohol Related ,Drug Related
AUS, 2, 0, 0, 2, 2017, November, Sunday, 01:35 pm, 060, Dry, N, Daylight, Right Angle, Minor Injury, N, N
AUS, 2, 0, 0, 1, 2017, November, Sunday, 02:25 pm, 050, Dry, N, Daylight, Right Angle, Minor Injury, N, N
AUS, 2, 0, 0, 1, 2017, November, Sunday, 03:02 pm, 100, Dry, N, Daylight, Hit Fixed Object, Minor Injury, N, N
AUS, 2, 0, 0, 0, 2017, November, Saturday, 04:24 pm, 080, Dry, N, Daylight, Head On, Not Injured, N, N
AUS, 2, 0, 0, 0, 2017, November, Sunday, 01:50 pm, 060, Dry, N, Daylight, Hit Fixed Object, Not Injured, N, Y
AUS, 3, 0, 0, 0, 2017, November, Sunday, 02:59 pm, 070, Dry, N, Daylight, Hit Fixed Object, Not Injured, N, N
AUS, 2, 0, 0, 0, 2017, November, Sunday, 04:05 pm, 060, Dry, N, Daylight, Rear End, Not Injured, N, N
AUS, 2, 0, 0, 0, 2017, November, Sunday, 03:30 pm, 040, Dry, N, Daylight, Hit Fixed Object, Not Injured, N, N
AUS, 2, 0, 0, 0, 2017, November, Sunday, 04:40 pm, 050, Dry, N, Daylight, Right Angle, Not Injured, N, N
AUS, 2, 0, 0, 0, 2017, November, Saturday, 09:58 pm, 100, Dry, N, Night, Hit Fixed Object, Not Injured, N, N
AUS, 2, 0, 0, 1, 2017, November, Sunday, 06:05 pm, 110, Dry, N, Daylight, Hit Fixed Object, Minor Injury, N, Y
AUS, 2, 0, 0, 0, 2017, November, Sunday, 11:55 pm, 060, Dry, N, Night, Rear End, Not Injured, N, N
AUS, 2, 0, 0, 0, 2017, November, Monday, 08:20 am, 060, Dry, N, Daylight, Side Swipe, Not Injured, N, N
AUS, 2, 0, 0, 0, 2017, November, Monday, 08:35 am, 060, Dry, N, Daylight, Right Angle, Not Injured, N, N
AUS, 2, 0, 0, 0, 2017, November, Monday, 08:35 am, 060, Dry, N, Daylight, Rear End, Not Injured, N, N
AUS, 2, 0, 0, 0, 2017, November, Monday, 10:00 am, 060, Dry, N, Daylight, Hit Pedestrian, Not Injured, N, N
AUS, 2, 0, 0, 2, 2017, November, Monday, 08:50 am, 050, Dry, N, Daylight, Right Angle, Minor Injury, N, Y
AUS, 2, 0, 0, 0, 2017, November, Saturday, 01:00 pm, 060, Dry, N, Daylight, Right Angle, Not Injured, N, N
AUS, 2, 0, 0, 0, 2017, November, Monday, 07:30 am, 110, Dry, N, Daylight, Side Swipe, Not Injured, N, N
AUS, 2, 0, 0, 1, 2017, November, Monday, 09:25 am, 060, Dry, N, Daylight, Rear End, Minor Injury, N, N
AUS, 2, 0, 0, 1, 2017, November, Monday, 11:45 am, 050, Dry, N, Daylight, Hit Pedestrian, Minor Injury, N, N
AUS, 4, 0, 0, 1, 2017, November, Monday, 11:00 am, 060, Dry, N, Daylight, Rear End, Minor Injury, N, N
AUS, 2, 0, 0, 0, 2017, November, Monday, 12:40 pm, 050, Dry, N, Daylight, Right Angle, Not Injured, N, N
AUS, 2, 0, 0, 1, 2017, November, Monday, 08:20 am, 080, Dry, N, Daylight, Rear End, Minor Injury, N, N
AUS, 2, 0, 0, 0, 2017, November, Monday, 02:15 pm, 060, Dry, N, Daylight, Right Angle, Not Injured, N, N
AUS, 2, 0, 0, 0, 2017, November, Monday, 02:40 pm, 080, Dry, N, Daylight, Side Swipe, Not Injured, N, N
AUS, 2, 0, 0, 1, 2017, November, Monday, 06:50 am, 080, Dry, N, Daylight, Rear End, Minor Injury, N, N
AUS, 2, 0, 0, 0, 2017, October, Tuesday, 05:20 pm, 060, Dry, N, Daylight, Side Swipe, Not Injured, N, N
AUS, 2, 0, 0, 1, 2017, November, Sunday, 01:30 pm, 040, Dry, N, Daylight, Hit Fixed Object, Minor Injury, N, N
AUS, 2, 0, 0, 0, 2017, November, Monday, 08:10 am, 060, Dry, N, Daylight, Side Swipe, Not Injured, N, N
AUS, 2, 0, 0, 1, 2017, November, Monday, 05:03 pm, 050, Dry, N, Daylight, Right Angle, Minor Injury, N, N
AUS, 2, 0, 0, 0, 2017, November, Monday, 08:45 am, 060, Dry, N, Daylight, Side Swipe, Not Injured, N, N
AUS, 2, 0, 0, 0, 2017, November, Monday, 07:30 am, 080, Dry, N, Daylight, Side Swipe, Not Injured, N, N
AUS, 2, 0, 0, 0, 2017, October, Monday, 05:45 am, 060, Wet, N, Night, Hit Fixed Object, Not Injured, N, N
AUS, 2, 0, 0, 0, 2017, November, Monday, 05:25 pm, 060, Dry, N, Daylight, Right Angle, Not Injured, N, N
AUS, 2, 0, 0, 1, 2017, November, Monday, 06:18 pm, 050, Dry, N, Daylight, Hit Fixed Object, Minor Injury, N, N
AUS, 2, 0, 0, 0, 2017, November, Monday, 05:26 pm, 060, Dry, N, Daylight, Side Swipe, Not Injured, N, N
AUS, 3, 0, 0, 0, 2017, November, Monday, 03:20 pm, 070, Dry, N, Daylight, Rear End, Not Injured, N, N
AUS, 2, 0, 0, 1, 2017, November, Monday, 06:53 pm, 080, Dry, N, Daylight, Head On, Minor Injury, N, Y
AUS, 2, 0, 0, 0, 2017, November, Monday, 05:39 pm, 060, Dry, N, Daylight, Right Angle, Not Injured, N, N
AUS, 2, 0, 0, 0, 2017, November, Monday, 06:00 pm, 060, Dry, N, Daylight, Right Angle, Not Injured, N, N
AUS, 2, 0, 0, 0, 2017, November, Monday, 11:30 pm, 030, Dry, N, Night, Hit Fixed Object, Not Injured, N, Y
AUS, 2, 0, 0, 0, 2017, November, Tuesday, 06:15 am, 060, Wet, Y, Daylight, Rear End, Not Injured, N, N
AUS, 2, 0, 0, 0, 2017, November, Tuesday, 07:59 am, 070, Dry, N, Daylight, Rear End, Not Injured, N, N
AUS, 2, 0, 0, 0, 2017, November, Tuesday, 08:25 am, 050, Dry, N, Daylight, Right Angle, Not Injured, N, N
AUS, 2, 0, 0, 0, 2017, November, Monday, 07:45 am, 060, Dry, N, Daylight, Side Swipe, Not Injured, N, N
AUS, 2, 0, 0, 0, 2017, November, Tuesday, 08:45 am, 080, Dry, N, Daylight, Rear End, Not Injured, N, N
AUS, 2, 0, 0, 0, 2017, November, Tuesday, 07:00 am, 060, Dry, N, Daylight, Side Swipe, Not Injured, N, N
AUS, 2, 0, 0, 0, 2017, November, Monday, 12:30 pm, 050, Dry, N, Daylight, Rear End, Not Injured, N, N
AUS, 2, 0, 0, 1, 2017, November, Monday, 04:25 pm, 050, Dry, N, Daylight, Rear End, Minor Injury, N, N
AUS, 3, 0, 0, 1, 2017, November, Tuesday, 09:50 am, 060, Dry, N, Daylight, Rear End, Minor Injury, N, Y
AUS, 2, 0, 0, 1, 2017, November, Tuesday, 08:30 am, 060, Dry, N, Daylight, Rear End, Minor Injury, N, N
AUS, 2, 0, 0, 1, 2017, November, Tuesday, 12:00 pm, 060, Dry, N, Daylight, Rear End, Minor Injury, N, N
AUS, 2, 0, 0, 1, 2017, November, Tuesday, 12:18 pm, 050, Dry, N, Daylight, Hit Pedestrian, Minor Injury, N, N
AUS, 2, 0, 0, 0, 2017, November, Tuesday, 11:15 am, 060, Dry, N, Daylight, Right Angle, Not Injured, N, N
AUS, 2, 0, 0, 0, 2017, November, Tuesday, 12:20 pm, 060, Dry, N, Daylight, Right Angle, Not Injured, N, N
AUS, 2, 0, 0, 2, 2017, November, Monday, 06:35 pm, 100, Dry, N, Daylight, Head On, Minor Injury, N, Y
AUS, 2, 0, 0, 0, 2017, November, Tuesday, 09:30 am, 060, Dry, N, Daylight, Hit Fixed Object, Not Injured, N, N
AUS, 2, 0, 0, 0, 2017, November, Monday, 03:30 pm, 050, Dry, N, Daylight, Side Swipe, Not Injured, N, N
AUS, 3, 0, 0, 1, 2017, November, Monday, 02:50 pm, 070, Dry, N, Daylight, Rear End, Minor Injury, N, N
AUS, 2, 0, 0, 0, 2017, November, Tuesday, 08:05 am, 040, Dry, N, Daylight, Right Angle, Not Injured, N, N
AUS, 2, 0, 0, 2, 2017, November, Tuesday, 10:00 am, 060, Dry, N, Daylight, Rear End, Minor Injury, N, N
AUS, 2, 0, 0, 0, 2017, November, Tuesday, 02:20 pm, 060, Dry, N, Daylight, Right Angle, Not Injured, N, N
AUS, 2, 0, 0, 0, 2017, November, Tuesday, 03:05 pm, 060, Dry, N, Daylight, Hit Pedestrian, Not Injured, N, N
AUS, 3, 0, 0, 0, 2017, November, Tuesday, 03:30 pm, 060, Dry, N, Daylight, Rear End, Not Injured, N, N
AUS, 2, 0, 0, 2, 2017, November, Tuesday, 03:30 pm, 060, Dry, N, Daylight, Rear End, Minor Injury, N, N
AUS, 3, 0, 0, 0, 2017, November, Tuesday, 03:20 pm, 060, Dry, N, Daylight, Right Angle, Not Injured, N, N
AUS, 2, 0, 0, 0, 2017, November, Tuesday, 05:30 pm, 060, Dry, N, Daylight, Rear End, Not Injured, N, N
AUS, 2, 0, 0, 1, 2017, November, Tuesday, 03:35 pm, 060, Dry, N, Daylight, Side Swipe, Minor Injury, N, N
AUS, 2, 0, 0, 0, 2017, November, Tuesday, 04:20 pm, 100, Dry, N, Daylight, Hit Fixed Object, Not Injured, N, N
AUS, 2, 0, 0, 1, 2017, November, Tuesday, 05:20 pm, 050, Dry, N, Daylight, Hit Pedestrian, Minor Injury, N, N
AUS, 2, 0, 0, 0, 2017, November, Tuesday, 05:30 pm, 050, Dry, N, Daylight, Side Swipe, Not Injured, N, N
AUS, 2, 0, 0, 1, 2017, November, Tuesday, 05:27 pm, 060, Dry, N, Daylight, Right Angle, Minor Injury, N, N
AUS, 2, 0, 0, 2, 2017, November, Tuesday, 07:33 pm, 060, Dry, N, Daylight, Rear End, Minor Injury, N, N
AUS, 3, 0, 0, 0, 2017, November, Wednesday, 09:15 am, 060, Dry, N, Daylight, Rear End, Not Injured, N, N
AUS, 2, 0, 0, 1, 2017, November, Wednesday, 09:50 am, 060, Dry, N, Daylight, Hit Fixed Object, Minor Injury, N, N
AUS, 2, 0, 0, 0, 2017, October, Tuesday, 04:00 pm, 050, Wet, Y, Daylight, Rear End, Not Injured, N, N
AUS, 2, 0, 0, 0, 2017, November, Tuesday, 11:00 am, 050, Dry, N, Daylight, Right Angle, Not Injured, N, N
AUS, 2, 0, 0, 1, 2017, November, Tuesday, 03:10 pm, 060, Dry, N, Daylight, Rear End, Minor Injury, N, N
AUS, 3, 0, 0, 1, 2017, November, Tuesday, 07:30 am, 060, Dry, N, Daylight, Rear End, Minor Injury, N, N
AUS, 2, 0, 0, 1, 2017, November, Monday, 05:00 pm, 050, Dry, N, Daylight, Hit Pedestrian, Minor Injury, N, N
AUS, 2, 0, 0, 0, 2017, November, Wednesday, 10:50 am, 060, Dry, N, Daylight, Side Swipe, Not Injured, N, N
AUS, 2, 0, 0, 1, 2017, November, Wednesday, 08:05 am, 050, Dry, N, Daylight, Side Swipe, Minor Injury, N, N
AUS, 2, 0, 0, 0, 2017, November, Wednesday, 11:15 am, 050, Dry, N, Daylight, Hit Fixed Object, Not Injured, N, N
AUS, 2, 0, 0, 0, 2017, November, Wednesday, 02:30 pm, 060, Dry, N, Daylight, Side Swipe, Not Injured, N, N
AUS, 2, 0, 0, 1, 2017, November, Wednesday, 01:10 pm, 110, Dry, N, Daylight, Rear End, Minor Injury, N, N
AUS, 2, 0, 0, 1, 2017, November, Tuesday, 10:25 pm, 060, Dry, N, Night, Hit Fixed Object, Minor Injury, N, N
AUS, 2, 0, 0, 0, 2017, November, Tuesday, 07:35 pm, 060, Dry, N, Daylight, Rear End, Not Injured, N, N
AUS, 3, 0, 0, 1, 2017, November, Wednesday, 03:20 pm, 060, Dry, N, Daylight, Rear End, Minor Injury, N, N
AUS, 2, 0, 0, 1, 2017, November, Wednesday, 03:40 pm, 110, Dry, N, Daylight, Hit Fixed Object, Minor Injury, N, N
AUS, 2, 0, 0, 0, 2017, November, Wednesday, 05:30 pm, 060, Dry, N, Daylight, Rear End, Not Injured, N, N
AUS, 2, 0, 0, 0, 2017, November, Wednesday, 06:00 pm, 060, Dry, N, Daylight, Rear End, Not Injured, N, N
AUS, 2, 0, 0, 1, 2017, November, Tuesday, 05:45 pm, 050, Dry, N, Daylight, Rear End, Minor Injury, N, N
AUS, 2, 0, 0, 1, 2017, November, Wednesday, 05:00 pm, 060, Dry, N, Daylight, Rear End, Minor Injury, N, N
AUS, 3, 0, 0, 1, 2017, November, Wednesday, 04:20 pm, 100, Dry, N, Daylight, Hit Fixed Object, Minor Injury, N, N
AUS, 2, 0, 0, 0, 2017, November, Wednesday, 05:31 pm, 060, Dry, N, Daylight, Rear End, Not Injured, N, N
AUS, 2, 0, 0, 1, 2017, November, Wednesday, 02:00 pm, 060, Dry, N, Daylight, Head On, Minor Injury, N, N
AUS, 2, 0, 0, 2, 2017, November, Wednesday, 06:45 pm, 050, Dry, N, Daylight, Right Angle, Minor Injury, N, N
AUS, 2, 0, 0, 0, 2017, November, Wednesday, 05:40 pm, 060, Dry, N, Daylight, Side Swipe, Not Injured, N, N
AUS, 2, 0, 0, 1, 2017, November, Wednesday, 05:30 pm, 110, Dry, N, Daylight, Head On, Minor Injury, N, Y
AUS, 2, 0, 0, 0, 2017, November, Wednesday, 06:57 pm, 060, Dry, N, Daylight, Rear End, Not Injured, N, N
AUS, 2, 0, 0, 0, 2017, November, Wednesday, 06:10 pm, 060, Dry, N, Daylight, Rear End, Not Injured, N, N
AUS, 2, 0, 0, 1, 2017, November, Wednesday, 08:50 pm, 050, Dry, N, Night, Right Angle, Minor Injury, N, N
AUS, 2, 0, 0, 2, 2017, November, Wednesday, 08:27 pm, 080, Dry, N, Night, Right Angle, Minor Injury, N, N
AUS, 2, 1, 0, 0, 2017, November, Wednesday, 11:20 pm, 110, Dry, N, Night, Right Angle, Fatal, Y, Y
AUS, 2, 0, 0, 0, 2017, November, Thursday, 02:15 am, 050, Dry, N, Night, Hit Fixed Object, Not Injured, N, N
AUS, 2, 0, 0, 0, 2017, November, Wednesday, 01:00 pm, 080, Dry, N, Daylight, Head On, Not Injured, N, N
AUS, 2, 0, 0, 0, 2017, November, Thursday, 07:30 am, 050, Dry, N, Daylight, Right Angle, Not Injured, N, N
AUS, 2, 0, 0, 1, 2017, November, Thursday, 08:50 am, 050, Dry, N, Daylight, Right Angle, Minor Injury, N, N
AUS, 2, 0, 0, 0, 2017, November, Thursday, 09:30 am, 060, Dry, N, Daylight, Right Angle, Not Injured, N, N
AUS, 2, 0, 0, 1, 2017, November, Thursday, 11:35 am, 060, Dry, N, Daylight, Rear End, Minor Injury, N, N
AUS, 2, 0, 0, 1, 2017, November, Thursday, 07:20 am, 050, Dry, N, Daylight, Rear End, Minor Injury, N, N
AUS, 2, 0, 0, 0, 2017, November, Thursday, 10:00 am, 100, Dry, N, Daylight, Right Angle, Not Injured, N, N
AUS, 2, 0, 0, 0, 2017, November, Thursday, 11:45 am, 060, Dry, N, Daylight, Side Swipe, Not Injured, N, N
AUS, 2, 0, 0, 0, 2017, November, Wednesday, 05:25 pm, 060, Dry, N, Daylight, Side Swipe, Not Injured, N, N
AUS, 2, 0, 0, 0, 2017, November, Thursday, 02:08 pm, 040, Dry, N, Daylight, Right Angle, Not Injured, N, N
AUS, 3, 0, 0, 1, 2017, November, Thursday, 01:27 pm, 060, Dry, N, Daylight, Head On, Minor Injury, N, N
AUS, 2, 0, 0, 0, 2017, November, Wednesday, 09:30 pm, 080, Dry, N, Night, Hit Fixed Object, Not Injured, N, N
AUS, 2, 0, 0, 0, 2017, November, Wednesday, 02:00 pm, 050, Dry, N, Daylight, Side Swipe, Not Injured, N, N
AUS, 2, 0, 0, 1, 2017, November, Wednesday, 07:00 pm, 110, Dry, N, Daylight, Side Swipe, Minor Injury, Y, Y
AUS, 2, 0, 0, 1, 2017, November, Wednesday, 03:50 pm, 100, Dry, N, Daylight, Hit Fixed Object, Minor Injury, N, N
AUS, 3, 0, 0, 1, 2017, November, Thursday, 12:30 pm, 060, Dry, N, Daylight, Side Swipe, Minor Injury, N, N
AUS, 2, 0, 0, 0, 2017, November, Thursday, 03:40 pm, 060, Dry, N, Daylight, Right Angle, Not Injured, N, N
AUS, 2, 0, 0, 0, 2017, November, Thursday, 03:45 pm, 050, Dry, N, Daylight, Hit Fixed Object, Not Injured, N, N
AUS, 2, 0, 0, 0, 2017, November, Thursday, 08:20 am, 070, Dry, N, Daylight, Rear End, Not Injured, N, N
AUS, 2, 0, 0, 0, 2017, November, Thursday, 03:30 pm, 060, Dry, N, Daylight, Right Angle, Not Injured, N, N
AUS, 3, 0, 0, 2, 2017, November, Thursday, 03:35 pm, 060, Dry, N, Daylight, Side Swipe, Minor Injury, N, N
AUS, 3, 0, 0, 0, 2017, November, Thursday, 04:05 pm, 060, Dry, N, Daylight, Rear End, Not Injured, N, N
AUS, 2, 0, 0, 1, 2017, November, Thursday, 04:00 pm, 060, Dry, N, Daylight, Rear End, Minor Injury, N, N
AUS, 2, 0, 0, 0, 2017, November, Thursday, 05:49 pm, 050, Dry, N, Daylight, Hit Fixed Object, Not Injured, N, N
AUS, 2, 0, 0, 0, 2017, November, Thursday, 08:30 am, 060, Dry, N, Daylight, Head On, Not Injured, N, N
AUS, 3, 0, 0, 0, 2017, November, Wednesday, 08:30 pm, 060, Dry, N, Night, Rear End, Not Injured, N, N
AUS, 4, 0, 0, 5, 2017, November, Thursday, 06:30 pm, 060, Dry, N, Daylight, Rear End, Minor Injury, N, N
AUS, 2, 0, 0, 0, 2017, November, Thursday, 04:50 pm, 060, Dry, N, Daylight, Right Angle, Not Injured, N, N
AUS, 2, 0, 0, 1, 2017, November, Thursday, 08:35 am, 050, Dry, N, Daylight, Rear End, Minor Injury, N, N
AUS, 2, 0, 0, 4, 2017, November, Thursday, 04:17 pm, 100, Dry, N, Daylight, Hit Fixed Object, Minor Injury, Y, N
AUS, 2, 0, 0, 0, 2017, November, Wednesday, 02:55 pm, 040, Dry, N, Daylight, Right Angle, Not Injured, N, N
AUS, 2, 0, 0, 0, 2017, November, Thursday, 04:30 pm, 060, Dry, N, Daylight, Rear End, Not Injured, N, N
AUS, 2, 0, 0, 0, 2017, November, Thursday, 03:57 pm, 100, Dry, N, Daylight, Hit Fixed Object, Not Injured, N, N
AUS, 2, 0, 0, 1, 2017, November, Thursday, 09:08 pm, 060, Dry, N, Night, Rear End, Minor Injury, N, N
AUS, 2, 0, 0, 0, 2017, November, Friday, 08:25 am, 050, Dry, N, Daylight, Right Angle, Not Injured, N, N
AUS, 2, 0, 0, 0, 2017, November, Friday, 08:55 am, 060, Dry, N, Daylight, Right Angle, Not Injured, N, N
AUS, 2, 0, 0, 0, 2017, November, Friday, 09:52 am, 080, Dry, N, Daylight, Hit Fixed Object, Not Injured, N, N
AUS, 2, 0, 0, 1, 2017, August, Wednesday, 12:45 pm, 060, Dry, N, Daylight, Rear End, Minor Injury, N, N
AUS, 2, 0, 0, 1, 2017, November, Friday, 10:23 am, 060, Dry, N, Daylight, Right Angle, Minor Injury, N, N
AUS, 3, 0, 0, 1, 2017, November, Friday, 12:10 pm, 060, Dry, N, Daylight, Rear End, Minor Injury, N, N
AUS, 2, 0, 0, 0, 2017, November, Friday, 12:15 am, 050, Dry, N, Night, Hit Fixed Object, Not Injured, N, N
AUS, 3, 0, 0, 1, 2017, November, Thursday, 11:09 am, 050, Dry, N, Daylight, Right Angle, Minor Injury, N, N
AUS, 2, 0, 0, 0, 2017, November, Thursday, 01:10 pm, 060, Dry, N, Daylight, Rear End, Not Injured, N, N
AUS, 4, 0, 0, 1, 2017, November, Friday, 01:15 pm, 060, Dry, N, Daylight, Right Angle, Minor Injury, N, N
AUS, 2, 0, 0, 1, 2017, November, Monday, 08:50 am, 060, Dry, N, Daylight, Rear End, Minor Injury, N, N
AUS, 2, 0, 0, 0, 2017, November, Friday, 02:15 pm, 060, Dry, N, Daylight, Rear End, Not Injured, N, N
AUS, 3, 0, 0, 0, 2017, November, Thursday, 04:50 pm, 060, Dry, N, Daylight, Rear End, Not Injured, N, N
AUS, 3, 0, 0, 2, 2017, November, Friday, 04:55 pm, 060, Dry, N, Daylight, Rear End, Minor Injury, N, N
AUS, 3, 0, 0, 1, 2017, November, Friday, 05:11 pm, 080, Dry, N, Daylight, Rear End, Minor Injury, N, N
AUS, 2, 0, 0, 0, 2017, November, Saturday, 01:00 pm, 110, Dry, N, Daylight, Side Swipe, Not Injured, N, N
AUS, 3, 0, 0, 0, 2017, November, Friday, 03:30 pm, 060, Dry, N, Daylight, Rear End, Not Injured, N, N
AUS, 2, 0, 0, 0, 2017, November, Friday, 04:30 pm, 040, Dry, N, Daylight, Rear End, Not Injured, N, N
AUS, 2, 0, 0, 3, 2017, November, Friday, 03:40 pm, 060, Dry, N, Daylight, Rear End, Minor Injury, N, N
AUS, 4, 0, 0, 0, 2017, November, Friday, 04:17 pm, 090, Dry, N, Daylight, Rear End, Not Injured, N, N
AUS, 2, 0, 0, 1, 2017, November, Friday, 06:10 pm, 060, Dry, N, Daylight, Rear End, Minor Injury, N, N
AUS, 2, 0, 0, 1, 2017, November, Friday, 06:30 pm, 050, Dry, N, Daylight, Right Angle, Minor Injury, N, N
AUS, 2, 0, 0, 0, 2017, November, Friday, 01:20 pm, 050, Dry, N, Daylight, Side Swipe, Not Injured, N, N
AUS, 2, 0, 1, 1, 2017, November, Friday, 05:32 pm, 060, Dry, N, Daylight, Head On, Major Injury, N, N
AUS, 2, 0, 0, 1, 2017, November, Friday, 08:25 pm, 050, Dry, N, Night, Right Angle, Minor Injury, N, N
AUS, 2, 0, 0, 1, 2017, November, Saturday, 09:05 am, 070, Dry, N, Daylight, Side Swipe, Minor Injury, N, N
AUS, 2, 0, 0, 1, 2017, November, Saturday, 10:34 am, 060, Dry, N, Daylight, Right Angle, Minor Injury, N, N
AUS, 2, 0, 0, 0, 2017, November, Friday, 03:35 pm, 050, Dry, N, Daylight, Rear End, Not Injured, N, N
AUS, 2, 0, 0, 0, 2017, November, Saturday, 08:33 am, 050, Dry, N, Daylight, Right Angle, Not Injured, N, N
AUS, 2, 0, 0, 0, 2017, November, Saturday, 10:00 am, 060, Dry, N, Daylight, Rear End, Not Injured, N, N
AUS, 2, 0, 0, 2, 2017, November, Saturday, 11:15 am, 060, Dry, N, Daylight, Rear End, Minor Injury, N, N
AUS, 2, 0, 0, 0, 2017, November, Saturday, 11:46 am, 050, Dry, N, Daylight, Hit Fixed Object, Not Injured, N, N
AUS, 3, 0, 0, 1, 2017, November, Friday, 03:30 pm, 060, Dry, N, Daylight, Rear End, Minor Injury, N, Y
AUS, 2, 0, 0, 0, 2017, November, Friday, 11:45 am, 060, Dry, N, Daylight, Rear End, Not Injured, N, N
AUS, 2, 0, 0, 0, 2017, November, Friday, 04:10 pm, 060, Dry, N, Daylight, Side Swipe, Not Injured, N, N
AUS, 2, 0, 0, 0, 2017, November, Saturday, 04:30 pm, 100, Dry, N, Daylight, Hit Fixed Object, Not Injured, N, N
AUS, 2, 0, 0, 1, 2017, November, Friday, 06:30 pm, 060, Dry, N, Daylight, Rear End, Minor Injury, N, N
AUS, 2, 0, 1, 0, 2017, November, Saturday, 04:15 pm, 110, Dry, N, Daylight, Rear End, Major Injury, N, Y
AUS, 3, 0, 0, 0, 2017, November, Saturday, 10:35 pm, 050, Dry, N, Night, Head On, Not Injured, N, N
AUS, 2, 0, 2, 0, 2017, November, Thursday, 10:45 am, 110, Dry, N, Daylight, Right Angle, Major Injury, N, N
AUS, 2, 0, 0, 0, 2017, November, Sunday, 04:40 am, 050, Dry, N, Night, Hit Fixed Object, Not Injured, N, N
AUS, 3, 0, 0, 1, 2017, November, Sunday, 04:15 am, 050, Dry, N, Night, Right Angle, Minor Injury, Y, N
AUS, 2, 0, 0, 0, 2017, November, Sunday, 04:45 am, 060, Dry, N, Night, Hit Fixed Object, Not Injured, N, N
AUS, 2, 0, 0, 0, 2017, November, Sunday, 06:02 am, 050, Dry, N, Night, Hit Fixed Object, Not Injured, N, N
AUS, 2, 0, 0, 1, 2017, November, Saturday, 10:00 am, 060, Dry, N, Daylight, Side Swipe, Minor Injury, N, N
AUS, 3, 0, 0, 0, 2017, November, Sunday, 07:58 am, 050, Dry, N, Daylight, Right Angle, Not Injured, N, N
AUS, 2, 0, 0, 1, 2017, November, Saturday, 05:40 pm, 060, Dry, N, Daylight, Side Swipe, Minor Injury, N, N
AUS, 2, 0, 0, 0, 2017, November, Saturday, 12:50 pm, 050, Dry, N, Daylight, Side Swipe, Not Injured, N, N
AUS, 2, 0, 0, 0, 2017, November, Saturday, 01:30 pm, 040, Dry, N, Daylight, Right Angle, Not Injured, N, N
AUS, 4, 0, 0, 1, 2017, November, Sunday, 12:32 pm, 060, Dry, N, Daylight, Rear End, Minor Injury, N, N
AUS, 3, 0, 0, 0, 2017, November, Sunday, 11:44 am, 050, Dry, N, Daylight, Right Angle, Not Injured, N, N
AUS, 2, 0, 0, 0, 2017, November, Sunday, 01:20 pm, 050, Dry, N, Daylight, Right Angle, Not Injured, N, N
AUS, 3, 0, 0, 0, 2017, November, Saturday, 02:05 pm, 050, Dry, N, Daylight, Right Angle, Not Injured, N, N
AUS, 3, 0, 0, 0, 2017, November, Sunday, 01:10 pm, 060, Dry, N, Daylight, Rear End, Not Injured, N, N
AUS, 2, 0, 0, 2, 2017, November, Sunday, 05:32 pm, 090, Wet, N, Daylight, Right Angle, Minor Injury, N, N
AUS, 2, 0, 0, 0, 2017, November, Sunday, 04:30 pm, 080, Dry, N, Daylight, Hit Fixed Object, Not Injured, N, N
AUS, 2, 0, 0, 1, 2017, November, Sunday, 04:20 pm, 060, Dry, N, Daylight, Right Angle, Minor Injury, N, N
AUS, 2, 0, 0, 0, 2017, November, Sunday, 08:22 pm, 090, Dry, N, Night, Hit Fixed Object, Not Injured, N, N
AUS, 2, 0, 0, 1, 2017, November, Sunday, 09:00 pm, 060, Dry, N, Night, Hit Fixed Object, Minor Injury, N, N
AUS, 2, 0, 0, 0, 2017, November, Sunday, 10:55 pm, 060, Dry, N, Night, Hit Fixed Object, Not Injured, N, N
AUS, 2, 0, 0, 0, 2017, November, Sunday, 10:55 pm, 060, Dry, N, Night, Rear End, Not Injured, N, N
AUS, 2, 0, 0, 0, 2017, November, Sunday, 06:15 pm, 110, Dry, N, Daylight, Hit Fixed Object, Not Injured, N, Y
AUS, 2, 0, 0, 1, 2017, November, Sunday, 11:45 pm, 100, Dry, N, Night, Hit Fixed Object, Minor Injury, Y, N
AUS, 2, 0, 0, 0, 2017, November, Monday, 05:55 am, 080, Dry, N, Night, Side Swipe, Not Injured, N, N
AUS, 2, 0, 0, 0, 2017, November, Monday, 07:11 am, 060, Dry, N, Daylight, Right Angle, Not Injured, N, N
AUS, 2, 0, 0, 0, 2017, November, Monday, 08:30 am, 050, Dry, N, Daylight, Right Angle, Not Injured, N, N
AUS, 3, 0, 0, 0, 2017, November, Monday, 08:25 am, 060, Dry, N, Daylight, Side Swipe, Not Injured, N, N
AUS, 2, 0, 0, 0, 2017, November, Monday, 07:45 am, 100, Dry, N, Daylight, Hit Fixed Object, Not Injured, N, N