Nation,Total Units,Total Fatalities,Total Serious Injuries,Total Minor Injuries,Year,Month,Day,Time,Speed Limit,Moisture,Adverse Weather Conditions,DayNight,Crash Type,Crash Severity,Alcohol Related ,Drug Related
AUS, 3, 0, 0, 0, 2017, November, Sunday, 10:30 am, 050, Dry, N, Daylight, Hit Fixed Object, Not Injured, N, N
AUS, 2, 0, 0, 0, 2017, November, Sunday, 02:00 pm, 080, Dry, N, Daylight, Rear End, Not Injured, N, N
AUS, 3, 0, 0, 0, 2017, November, Monday, 09:05 am, 050, Dry, N, Daylight, Hit Fixed Object, Not Injured, N, N
AUS, 6, 0, 0, 1, 2017, November, Monday, 09:52 am, 080, Dry, N, Daylight, Rear End, Minor Injury, N, N
AUS, 2, 1, 3, 0, 2017, November, Monday, 06:33 am, 100, Dry, N, Daylight, Hit Fixed Object, Fatal, N, Y
AUS, 2, 0, 0, 1, 2017, November, Monday, 11:15 am, 060, Dry, N, Daylight, Rear End, Minor Injury, N, N
AUS, 2, 0, 0, 0, 2017, November, Monday, 11:30 am, 110, Dry, N, Daylight, Head On, Not Injured, N, N
AUS, 2, 0, 0, 1, 2017, November, Monday, 03:15 pm, 060, Dry, N, Daylight, Rear End, Minor Injury, N, N
AUS, 3, 0, 0, 0, 2017, November, Monday, 03:20 pm, 060, Dry, N, Daylight, Rear End, Not Injured, N, N
AUS, 2, 0, 0, 0, 2017, November, Sunday, 06:00 pm, 060, Dry, N, Daylight, Hit Fixed Object, Not Injured, N, N
AUS, 2, 0, 0, 2, 2017, November, Monday, 03:40 pm, 070, Dry, N, Daylight, Right Angle, Minor Injury, N, N
AUS, 2, 0, 0, 1, 2017, November, Monday, 04:11 pm, 060, Dry, N, Daylight, Rear End, Minor Injury, N, N
AUS, 2, 0, 0, 1, 2017, November, Monday, 04:10 pm, 060, Dry, N, Daylight, Right Angle, Minor Injury, N, N
AUS, 2, 0, 0, 3, 2017, November, Monday, 05:40 pm, 060, Dry, N, Daylight, Right Angle, Minor Injury, N, N
AUS, 3, 0, 0, 1, 2017, November, Monday, 04:45 pm, 090, Dry, N, Daylight, Rear End, Minor Injury, N, N
AUS, 2, 0, 0, 1, 2017, November, Monday, 05:05 pm, 060, Dry, N, Daylight, Right Angle, Minor Injury, N, N
AUS, 2, 0, 0, 1, 2017, November, Monday, 07:00 pm, 060, Dry, N, Daylight, Right Angle, Minor Injury, N, N
AUS, 3, 0, 0, 0, 2017, November, Monday, 03:43 pm, 060, Dry, N, Daylight, Rear End, Not Injured, N, N
AUS, 2, 0, 0, 1, 2017, November, Monday, 06:45 pm, 060, Dry, N, Daylight, Right Angle, Minor Injury, N, N
AUS, 2, 0, 0, 2, 2017, November, Monday, 05:00 pm, 100, Dry, N, Daylight, Right Angle, Minor Injury, N, N
AUS, 2, 0, 0, 0, 2017, November, Monday, 05:00 pm, 050, Dry, N, Daylight, Right Angle, Not Injured, N, N
AUS, 2, 0, 0, 2, 2017, November, Tuesday, 05:07 am, 070, Dry, N, Night, Right Angle, Minor Injury, N, N
AUS, 2, 0, 0, 0, 2017, November, Monday, 12:15 pm, 060, Dry, N, Daylight, Right Angle, Not Injured, N, N
AUS, 2, 0, 0, 2, 2017, November, Tuesday, 07:05 am, 060, Dry, N, Daylight, Rear End, Minor Injury, N, N
AUS, 2, 0, 0, 0, 2017, November, Tuesday, 08:15 am, 060, Dry, N, Daylight, Rear End, Not Injured, N, N
AUS, 2, 0, 0, 0, 2017, November, Tuesday, 09:35 am, 050, Dry, N, Daylight, Right Angle, Not Injured, N, N
AUS, 2, 0, 0, 0, 2017, November, Tuesday, 09:30 am, 060, Dry, N, Daylight, Side Swipe, Not Injured, N, N
AUS, 2, 0, 0, 0, 2017, November, Tuesday, 09:15 am, 060, Dry, N, Daylight, Right Angle, Not Injured, N, N
AUS, 2, 0, 0, 1, 2017, November, Tuesday, 11:02 am, 050, Dry, N, Daylight, Hit Fixed Object, Minor Injury, N, N
AUS, 2, 0, 0, 0, 2017, November, Tuesday, 07:45 am, 050, Dry, N, Daylight, Right Angle, Not Injured, N, N
AUS, 3, 0, 0, 0, 2017, November, Tuesday, 01:00 pm, 060, Dry, N, Daylight, Hit Fixed Object, Not Injured, N, N
AUS, 2, 0, 0, 2, 2017, November, Tuesday, 01:25 pm, 050, Dry, N, Daylight, Right Angle, Minor Injury, N, N
AUS, 2, 0, 0, 0, 2017, November, Tuesday, 10:20 am, 050, Dry, N, Daylight, Hit Fixed Object, Not Injured, N, N
AUS, 2, 0, 0, 0, 2017, November, Monday, 05:30 pm, 050, Dry, N, Daylight, Hit Fixed Object, Not Injured, N, N
AUS, 2, 0, 0, 0, 2017, November, Tuesday, 01:15 pm, 050, Dry, N, Daylight, Hit Fixed Object, Not Injured, N, N
AUS, 2, 0, 0, 2, 2017, November, Monday, 11:00 pm, 060, Dry, N, Night, Rear End, Minor Injury, N, N
AUS, 2, 0, 0, 0, 2017, November, Tuesday, 03:40 pm, 050, Dry, N, Daylight, Head On, Not Injured, N, N
AUS, 2, 0, 0, 1, 2017, November, Tuesday, 06:03 pm, 060, Dry, N, Daylight, Side Swipe, Minor Injury, N, N
AUS, 2, 0, 0, 0, 2017, November, Monday, 08:49 pm, 050, Dry, N, Night, Hit Fixed Object, Not Injured, N, N
AUS, 2, 0, 0, 0, 2017, November, Tuesday, 03:55 pm, 050, Dry, N, Daylight, Right Angle, Not Injured, N, N
AUS, 2, 0, 0, 0, 2017, November, Tuesday, 03:40 pm, 050, Dry, N, Daylight, Rear End, Not Injured, N, N
AUS, 4, 0, 0, 0, 2017, November, Tuesday, 08:05 pm, 050, Dry, N, Night, Rear End, Not Injured, N, N
AUS, 2, 0, 0, 1, 2017, November, Tuesday, 03:00 pm, 080, Dry, N, Daylight, Hit Fixed Object, Minor Injury, N, N
AUS, 3, 0, 0, 0, 2017, November, Wednesday, 03:00 am, 060, Dry, N, Night, Hit Fixed Object, Not Injured, N, N
AUS, 2, 0, 0, 0, 2017, November, Wednesday, 06:42 am, 060, Wet, Y, Daylight, Rear End, Not Injured, N, N
AUS, 2, 0, 0, 0, 2017, November, Tuesday, 11:40 am, 060, Dry, N, Daylight, Right Angle, Not Injured, N, N
AUS, 2, 0, 0, 0, 2017, November, Wednesday, 08:15 am, 060, Wet, Y, Daylight, Rear End, Not Injured, N, N
AUS, 2, 0, 0, 0, 2017, November, Tuesday, 12:15 pm, 060, Dry, N, Daylight, Side Swipe, Not Injured, N, N
AUS, 2, 0, 0, 4, 2017, November, Wednesday, 08:20 am, 060, Wet, Y, Daylight, Head On, Minor Injury, N, N
AUS, 2, 0, 0, 1, 2017, October, Sunday, 12:00 pm, 060, Dry, N, Daylight, Right Angle, Minor Injury, N, N
AUS, 3, 0, 0, 0, 2017, November, Wednesday, 06:45 am, 060, Wet, N, Daylight, Side Swipe, Not Injured, N, N
AUS, 2, 0, 0, 0, 2017, November, Wednesday, 08:45 am, 110, Wet, Y, Daylight, Hit Fixed Object, Not Injured, N, N
AUS, 3, 0, 0, 1, 2017, November, Tuesday, 03:30 pm, 060, Dry, N, Daylight, Rear End, Minor Injury, N, N
AUS, 3, 0, 0, 0, 2017, November, Wednesday, 11:20 am, 080, Wet, Y, Daylight, Rear End, Not Injured, N, N
AUS, 2, 0, 0, 1, 2017, November, Monday, 04:40 pm, 080, Dry, N, Daylight, Rear End, Minor Injury, N, N
AUS, 2, 0, 0, 1, 2017, November, Wednesday, 07:55 am, 050, Wet, Y, Daylight, Side Swipe, Minor Injury, N, N
AUS, 4, 0, 0, 0, 2017, November, Wednesday, 09:25 am, 060, Wet, Y, Daylight, Rear End, Not Injured, N, N
AUS, 2, 0, 0, 0, 2017, November, Wednesday, 10:50 am, 110, Wet, Y, Daylight, Hit Fixed Object, Not Injured, N, N
AUS, 2, 0, 0, 0, 2017, November, Tuesday, 03:30 pm, 050, Dry, N, Daylight, Rear End, Not Injured, N, N
AUS, 2, 0, 0, 0, 2017, November, Wednesday, 12:00 pm, 060, Wet, Y, Daylight, Right Angle, Not Injured, N, N
AUS, 2, 0, 0, 1, 2017, November, Wednesday, 09:00 am, 060, Wet, Y, Daylight, Rear End, Minor Injury, N, N
AUS, 2, 0, 0, 2, 2017, November, Wednesday, 12:25 pm, 060, Wet, Y, Daylight, Rear End, Minor Injury, N, N
AUS, 2, 0, 0, 0, 2017, November, Wednesday, 01:45 am, 110, Dry, N, Night, Hit Fixed Object, Not Injured, N, N
AUS, 2, 0, 0, 0, 2017, November, Wednesday, 12:18 pm, 060, Wet, Y, Daylight, Rear End, Not Injured, N, N
AUS, 2, 0, 0, 1, 2017, November, Wednesday, 01:05 pm, 060, Wet, Y, Daylight, Rear End, Minor Injury, N, N
AUS, 3, 0, 0, 0, 2017, November, Wednesday, 02:05 pm, 060, Wet, N, Daylight, Rear End, Not Injured, N, N
AUS, 2, 0, 0, 1, 2017, November, Wednesday, 02:45 pm, 060, Wet, N, Daylight, Rear End, Minor Injury, N, N
AUS, 2, 0, 0, 0, 2017, November, Wednesday, 02:00 pm, 060, Wet, Y, Daylight, Rear End, Not Injured, N, N
AUS, 2, 0, 0, 0, 2017, November, Wednesday, 09:20 am, 060, Dry, N, Daylight, Side Swipe, Not Injured, N, N
AUS, 2, 0, 0, 0, 2017, November, Wednesday, 03:30 pm, 060, Dry, N, Daylight, Right Angle, Not Injured, N, N
AUS, 3, 0, 0, 0, 2017, November, Wednesday, 04:05 pm, 060, Dry, N, Daylight, Rear End, Not Injured, N, N
AUS, 2, 0, 0, 1, 2017, November, Wednesday, 11:50 am, 060, Wet, Y, Daylight, Rear End, Minor Injury, N, N
AUS, 2, 0, 0, 0, 2017, November, Wednesday, 02:15 pm, 060, Dry, N, Daylight, Rear End, Not Injured, N, N
AUS, 2, 0, 0, 1, 2017, November, Wednesday, 03:30 pm, 050, Dry, N, Daylight, Hit Pedestrian, Minor Injury, N, N
AUS, 2, 0, 0, 0, 2017, November, Wednesday, 05:38 pm, 060, Dry, N, Daylight, Rear End, Not Injured, N, N
AUS, 4, 0, 0, 1, 2017, November, Wednesday, 06:10 pm, 060, Dry, N, Daylight, Rear End, Minor Injury, N, N
AUS, 2, 0, 0, 0, 2017, November, Wednesday, 07:48 pm, 080, Wet, Y, Daylight, Hit Fixed Object, Not Injured, N, N
AUS, 2, 0, 0, 0, 2017, November, Wednesday, 08:00 am, 060, Wet, Y, Daylight, Side Swipe, Not Injured, N, N
AUS, 3, 0, 0, 0, 2017, November, Thursday, 12:45 am, 080, Dry, N, Night, Hit Fixed Object, Not Injured, N, N
AUS, 2, 0, 0, 1, 2017, November, Thursday, 03:35 am, 100, Dry, N, Night, Hit Fixed Object, Minor Injury, N, N
AUS, 2, 0, 0, 1, 2017, November, Thursday, 07:30 am, 050, Wet, Y, Daylight, Rear End, Minor Injury, N, N
AUS, 2, 0, 0, 1, 2017, November, Thursday, 08:05 am, 060, Dry, N, Daylight, Hit Fixed Object, Minor Injury, N, N
AUS, 3, 0, 0, 1, 2017, November, Thursday, 08:30 am, 080, Dry, N, Daylight, Rear End, Minor Injury, N, N
AUS, 2, 0, 0, 0, 2017, November, Thursday, 08:45 am, 060, Dry, N, Daylight, Rear End, Not Injured, N, N
AUS, 2, 0, 0, 0, 2017, November, Wednesday, 05:50 pm, 060, Wet, N, Daylight, Rear End, Not Injured, N, N
AUS, 2, 0, 0, 1, 2017, November, Wednesday, 08:45 am, 050, Dry, N, Daylight, Right Angle, Minor Injury, N, N
AUS, 2, 0, 0, 0, 2017, November, Tuesday, 09:50 am, 060, Dry, N, Daylight, Rear End, Not Injured, N, N
AUS, 2, 0, 0, 0, 2017, November, Wednesday, 08:00 am, 080, Wet, Y, Daylight, Hit Fixed Object, Not Injured, N, N
AUS, 2, 0, 0, 0, 2017, November, Wednesday, 04:40 pm, 060, Wet, N, Daylight, Rear End, Not Injured, N, N
AUS, 2, 0, 0, 0, 2017, November, Wednesday, 10:20 am, 100, Wet, Y, Daylight, Hit Fixed Object, Not Injured, N, N
AUS, 2, 0, 0, 0, 2017, November, Thursday, 08:30 am, 050, Dry, N, Daylight, Side Swipe, Not Injured, N, N
AUS, 4, 0, 0, 6, 2017, November, Thursday, 09:40 am, 050, Dry, N, Daylight, Right Angle, Minor Injury, N, N
AUS, 2, 0, 0, 0, 2017, November, Thursday, 11:50 am, 060, Dry, N, Daylight, Side Swipe, Not Injured, N, N
AUS, 3, 0, 0, 1, 2017, November, Thursday, 11:20 am, 090, Wet, Y, Daylight, Side Swipe, Minor Injury, N, N
AUS, 2, 0, 0, 0, 2017, November, Thursday, 06:24 am, 050, Dry, N, Daylight, Side Swipe, Not Injured, N, N
AUS, 2, 0, 0, 0, 2017, November, Thursday, 12:00 pm, 090, Wet, Y, Daylight, Hit Fixed Object, Not Injured, N, N
AUS, 3, 0, 0, 1, 2017, November, Thursday, 08:00 am, 050, Dry, N, Daylight, Rear End, Minor Injury, N, N
AUS, 2, 0, 0, 1, 2017, November, Wednesday, 01:15 pm, 050, Dry, N, Daylight, Rear End, Minor Injury, N, N
AUS, 2, 0, 0, 0, 2017, November, Wednesday, 04:50 pm, 050, Wet, Y, Daylight, Right Angle, Not Injured, N, N
AUS, 2, 0, 0, 1, 2017, November, Thursday, 10:50 am, 100, Wet, Y, Daylight, Hit Fixed Object, Minor Injury, N, N
AUS, 2, 0, 0, 0, 2017, November, Thursday, 02:20 pm, 060, Wet, Y, Daylight, Side Swipe, Not Injured, N, N
AUS, 2, 0, 0, 1, 2017, November, Thursday, 01:50 pm, 100, Dry, N, Daylight, Right Angle, Minor Injury, N, N
AUS, 2, 0, 0, 0, 2017, November, Wednesday, 02:00 pm, 110, Wet, Y, Daylight, Hit Fixed Object, Not Injured, N, N
AUS, 2, 0, 0, 0, 2017, November, Thursday, 01:15 pm, 060, Dry, N, Daylight, Side Swipe, Not Injured, N, N
AUS, 3, 0, 0, 0, 2017, November, Thursday, 03:50 pm, 060, Dry, N, Daylight, Rear End, Not Injured, N, N
AUS, 2, 0, 0, 1, 2017, November, Thursday, 12:00 pm, 060, Dry, N, Daylight, Right Angle, Minor Injury, N, N
AUS, 2, 0, 0, 0, 2017, November, Thursday, 04:56 pm, 080, Dry, N, Daylight, Rear End, Not Injured, N, N
AUS, 4, 0, 1, 2, 2017, November, Thursday, 03:20 pm, 060, Dry, N, Daylight, Head On, Major Injury, N, N
AUS, 2, 0, 0, 1, 2017, November, Thursday, 04:15 pm, 050, Dry, N, Daylight, Right Angle, Minor Injury, N, N
AUS, 2, 0, 0, 0, 2017, November, Thursday, 07:02 pm, 060, Dry, N, Daylight, Right Angle, Not Injured, N, N
AUS, 2, 0, 0, 1, 2017, November, Wednesday, 09:00 pm, 060, Wet, N, Night, Hit Pedestrian, Minor Injury, N, N
AUS, 2, 0, 0, 1, 2017, November, Thursday, 06:20 pm, 060, Dry, N, Daylight, Right Angle, Minor Injury, N, N
AUS, 4, 0, 0, 0, 2017, November, Thursday, 05:45 pm, 060, Dry, N, Daylight, Rear End, Not Injured, N, N
AUS, 2, 0, 0, 1, 2017, November, Thursday, 04:45 pm, 060, Dry, N, Daylight, Right Angle, Minor Injury, N, N
AUS, 3, 0, 0, 0, 2017, November, Thursday, 05:00 pm, 080, Dry, N, Daylight, Rear End, Not Injured, N, N
AUS, 2, 0, 0, 0, 2017, November, Thursday, 05:18 pm, 060, Dry, N, Daylight, Rear End, Not Injured, N, N
AUS, 2, 0, 0, 0, 2017, November, Thursday, 09:08 pm, 050, Dry, N, Night, Hit Fixed Object, Not Injured, N, N
AUS, 3, 0, 0, 0, 2017, November, Thursday, 10:55 pm, 100, Dry, N, Night, Hit Fixed Object, Not Injured, Y, N
AUS, 2, 0, 0, 2, 2017, November, Thursday, 12:40 pm, 060, Wet, N, Daylight, Right Angle, Minor Injury, N, N
AUS, 2, 0, 0, 1, 2017, November, Friday, 12:01 am, 100, Wet, Y, Night, Hit Fixed Object, Minor Injury, Y, N
AUS, 2, 0, 0, 2, 2017, November, Friday, 07:35 am, 060, Wet, Y, Daylight, Rear End, Minor Injury, N, N
AUS, 2, 0, 0, 0, 2017, November, Thursday, 10:55 am, 060, Wet, N, Daylight, Hit Fixed Object, Not Injured, N, N
AUS, 4, 0, 0, 0, 2017, November, Thursday, 02:00 pm, 110, Wet, Y, Daylight, Side Swipe, Not Injured, N, N
AUS, 2, 0, 0, 0, 2017, November, Tuesday, 12:24 pm, 080, Wet, N, Daylight, Head On, Not Injured, N, N
AUS, 2, 0, 0, 3, 2017, November, Thursday, 01:00 pm, 060, Wet, Y, Daylight, Rear End, Minor Injury, N, N
AUS, 2, 0, 0, 0, 2017, November, Friday, 10:00 am, 040, Wet, Y, Daylight, Side Swipe, Not Injured, N, N
AUS, 2, 0, 0, 0, 2017, November, Wednesday, 12:18 pm, 060, Dry, N, Daylight, Right Angle, Not Injured, N, N
AUS, 2, 0, 0, 0, 2017, November, Thursday, 02:13 pm, 050, Dry, N, Daylight, Right Angle, Not Injured, N, N
AUS, 2, 0, 0, 1, 2017, November, Friday, 08:37 am, 050, Wet, Y, Daylight, Hit Pedestrian, Minor Injury, N, N
AUS, 2, 0, 0, 0, 2017, November, Thursday, 05:30 pm, 050, Dry, N, Daylight, Side Swipe, Not Injured, N, N
AUS, 2, 0, 0, 0, 2017, November, Friday, 10:25 am, 060, Wet, Y, Daylight, Right Angle, Not Injured, N, N
AUS, 2, 0, 0, 1, 2017, November, Friday, 08:25 am, 060, Wet, N, Daylight, Rear End, Minor Injury, N, N
AUS, 2, 0, 0, 1, 2017, November, Friday, 09:30 am, 060, Wet, Y, Daylight, Rear End, Minor Injury, N, N
AUS, 2, 0, 0, 0, 2017, November, Thursday, 03:00 pm, 080, Wet, Y, Daylight, Hit Fixed Object, Not Injured, N, N
AUS, 2, 0, 0, 1, 2017, November, Friday, 02:00 pm, 060, Wet, Y, Daylight, Right Angle, Minor Injury, N, N
AUS, 3, 0, 0, 1, 2017, November, Friday, 12:55 pm, 050, Dry, N, Daylight, Right Angle, Minor Injury, N, N
AUS, 2, 0, 0, 0, 2017, November, Friday, 03:15 pm, 060, Dry, N, Daylight, Rear End, Not Injured, N, N
AUS, 2, 0, 0, 0, 2017, November, Friday, 05:40 am, 080, Wet, Y, Night, Rear End, Not Injured, N, N
AUS, 2, 0, 0, 1, 2017, November, Friday, 04:34 pm, 050, Wet, Y, Daylight, Hit Fixed Object, Minor Injury, N, N
AUS, 2, 0, 0, 0, 2017, November, Friday, 04:53 pm, 060, Dry, N, Daylight, Rear End, Not Injured, N, N
AUS, 2, 0, 0, 0, 2017, November, Friday, 04:40 pm, 060, Dry, N, Daylight, Right Angle, Not Injured, N, N
AUS, 2, 0, 0, 1, 2017, November, Friday, 05:05 pm, 060, Dry, N, Daylight, Rear End, Minor Injury, N, N
AUS, 2, 0, 0, 1, 2017, November, Friday, 04:49 pm, 050, Wet, Y, Daylight, Right Angle, Minor Injury, N, N
AUS, 2, 0, 0, 0, 2017, November, Friday, 05:19 pm, 060, Wet, Y, Daylight, Hit Fixed Object, Not Injured, N, N
AUS, 2, 0, 0, 0, 2017, November, Friday, 03:05 pm, 060, Dry, N, Daylight, Right Angle, Not Injured, N, N
AUS, 2, 0, 0, 1, 2017, November, Friday, 07:00 pm, 060, Dry, N, Daylight, Rear End, Minor Injury, N, N
AUS, 3, 0, 0, 0, 2017, November, Friday, 02:55 pm, 100, Wet, Y, Daylight, Rear End, Not Injured, N, N
AUS, 2, 0, 0, 0, 2017, November, Friday, 07:11 pm, 050, Wet, Y, Daylight, Hit Fixed Object, Not Injured, N, N
AUS, 4, 0, 0, 0, 2017, November, Friday, 05:30 pm, 060, Dry, N, Daylight, Rear End, Not Injured, N, N
AUS, 2, 0, 0, 0, 2017, November, Friday, 12:15 pm, 100, Dry, N, Daylight, Hit Fixed Object, Not Injured, N, N
AUS, 2, 0, 0, 0, 2017, November, Friday, 12:00 pm, 060, Dry, N, Daylight, Side Swipe, Not Injured, N, N
AUS, 2, 0, 0, 1, 2017, November, Friday, 09:50 pm, 050, Dry, N, Night, Hit Fixed Object, Minor Injury, N, N
AUS, 2, 0, 0, 0, 2017, November, Saturday, 02:05 am, 080, Dry, N, Night, Hit Fixed Object, Not Injured, Y, N
AUS, 2, 0, 0, 1, 2017, November, Saturday, 03:00 am, 080, Dry, N, Night, Hit Fixed Object, Minor Injury, Y, N
AUS, 2, 0, 0, 0, 2017, November, Saturday, 04:25 am, 040, Dry, N, Night, Hit Fixed Object, Not Injured, N, N
AUS, 2, 0, 0, 0, 2017, November, Saturday, 05:50 am, 110, Dry, N, Night, Right Angle, Not Injured, N, N
AUS, 2, 0, 0, 2, 2017, November, Sunday, 07:40 pm, 060, Dry, N, Daylight, Right Angle, Minor Injury, N, N
AUS, 2, 0, 0, 0, 2017, November, Saturday, 07:50 am, 060, Dry, N, Daylight, Rear End, Not Injured, N, N
AUS, 2, 0, 0, 0, 2017, November, Friday, 04:30 pm, 060, Wet, Y, Daylight, Side Swipe, Not Injured, N, N
AUS, 2, 0, 0, 0, 2017, November, Saturday, 07:40 am, 080, Dry, N, Daylight, Right Angle, Not Injured, N, N
AUS, 2, 0, 0, 0, 2017, November, Saturday, 09:10 am, 060, Dry, N, Daylight, Right Angle, Not Injured, N, N
AUS, 2, 0, 0, 0, 2017, November, Friday, 05:00 pm, 060, Dry, N, Daylight, Side Swipe, Not Injured, N, N
AUS, 2, 0, 0, 0, 2017, November, Friday, 03:30 pm, 060, Wet, Y, Daylight, Hit Fixed Object, Not Injured, N, N
AUS, 2, 0, 0, 1, 2017, November, Saturday, 10:40 am, 060, Dry, N, Daylight, Side Swipe, Minor Injury, N, N
AUS, 2, 0, 0, 0, 2017, November, Friday, 06:30 pm, 110, Dry, N, Daylight, Rear End, Not Injured, N, N
AUS, 2, 0, 0, 0, 2017, November, Friday, 03:30 pm, 050, Dry, N, Daylight, Side Swipe, Not Injured, N, N
AUS, 2, 0, 0, 0, 2017, November, Saturday, 09:45 am, 060, Dry, N, Daylight, Right Angle, Not Injured, N, N
AUS, 2, 0, 0, 0, 2017, November, Thursday, 05:30 pm, 050, Dry, N, Daylight, Rear End, Not Injured, N, N
AUS, 2, 0, 0, 0, 2017, November, Saturday, 01:00 pm, 060, Dry, N, Daylight, Rear End, Not Injured, N, N
AUS, 2, 0, 0, 2, 2017, November, Saturday, 07:00 am, 080, Wet, Y, Daylight, Right Angle, Minor Injury, N, N
AUS, 2, 0, 0, 0, 2017, November, Friday, 11:00 pm, 070, Wet, N, Night, Hit Fixed Object, Not Injured, N, N
AUS, 2, 0, 0, 0, 2017, November, Saturday, 02:40 pm, 060, Dry, N, Daylight, Hit Fixed Object, Not Injured, N, N
AUS, 2, 0, 0, 0, 2017, November, Saturday, 02:06 pm, 060, Dry, N, Daylight, Rear End, Not Injured, N, N
AUS, 2, 0, 0, 0, 2017, November, Saturday, 02:30 pm, 060, Dry, N, Daylight, Rear End, Not Injured, N, N
AUS, 2, 0, 0, 4, 2017, November, Saturday, 02:00 pm, 080, Dry, N, Daylight, Hit Fixed Object, Minor Injury, N, N
AUS, 2, 0, 0, 1, 2017, November, Friday, 02:10 pm, 080, Wet, Y, Daylight, Head On, Minor Injury, N, N
AUS, 2, 0, 0, 0, 2017, November, Saturday, 03:30 pm, 060, Dry, N, Daylight, Side Swipe, Not Injured, N, N
AUS, 2, 0, 0, 0, 2017, November, Saturday, 05:25 pm, 060, Dry, N, Daylight, Rear End, Not Injured, N, N
AUS, 2, 0, 0, 0, 2017, November, Saturday, 03:30 pm, 060, Dry, N, Daylight, Side Swipe, Not Injured, N, N
AUS, 2, 0, 0, 0, 2017, November, Saturday, 03:25 pm, 060, Wet, Y, Daylight, Rear End, Not Injured, N, N
AUS, 2, 0, 0, 0, 2017, November, Friday, 03:15 pm, 110, Dry, N, Daylight, Hit Fixed Object, Not Injured, N, N
AUS, 2, 0, 0, 0, 2017, November, Friday, 08:45 am, 050, Dry, N, Daylight, Rear End, Not Injured, N, N
AUS, 2, 0, 0, 3, 2017, November, Saturday, 11:00 pm, 110, Dry, N, Night, Hit Fixed Object, Minor Injury, N, N
AUS, 2, 0, 0, 0, 2017, November, Saturday, 09:06 am, 050, Dry, N, Daylight, Hit Pedestrian, Not Injured, N, N
AUS, 2, 0, 0, 3, 2017, November, Sunday, 08:30 am, 060, Dry, N, Daylight, Hit Fixed Object, Minor Injury, N, N
AUS, 2, 0, 0, 1, 2017, November, Saturday, 03:06 pm, 060, Dry, N, Daylight, Side Swipe, Minor Injury, N, N
AUS, 2, 0, 0, 0, 2017, November, Sunday, 11:00 am, 060, Dry, N, Daylight, Rear End, Not Injured, N, Y
AUS, 2, 0, 0, 1, 2017, November, Sunday, 11:50 am, 060, Dry, N, Daylight, Right Angle, Minor Injury, N, N
AUS, 2, 0, 0, 1, 2017, November, Sunday, 12:16 pm, 060, Dry, N, Daylight, Rear End, Minor Injury, N, N
AUS, 2, 0, 0, 0, 2017, November, Sunday, 01:20 pm, 060, Dry, N, Daylight, Hit Fixed Object, Not Injured, N, N
AUS, 2, 0, 0, 0, 2017, November, Sunday, 03:30 pm, 060, Dry, N, Daylight, Right Angle, Not Injured, N, N
AUS, 2, 0, 0, 0, 2017, November, Sunday, 01:15 pm, 060, Dry, N, Daylight, Rear End, Not Injured, N, N
AUS, 2, 0, 0, 1, 2017, November, Sunday, 05:00 pm, 050, Dry, N, Daylight, Side Swipe, Minor Injury, N, N
AUS, 3, 0, 0, 0, 2017, November, Sunday, 07:00 pm, 060, Dry, N, Daylight, Right Angle, Not Injured, N, N
AUS, 2, 0, 0, 0, 2017, November, Monday, 12:30 am, 080, Dry, N, Night, Hit Fixed Object, Not Injured, N, N
AUS, 2, 0, 0, 0, 2017, November, Monday, 08:00 am, 100, Dry, N, Daylight, Side Swipe, Not Injured, N, N
AUS, 4, 0, 0, 0, 2017, November, Saturday, 10:53 am, 050, Dry, N, Daylight, Rear End, Not Injured, N, N
AUS, 2, 0, 0, 0, 2017, November, Monday, 08:52 am, 060, Dry, N, Daylight, Right Angle, Not Injured, N, N
AUS, 4, 0, 0, 0, 2017, November, Sunday, 12:40 pm, 050, Dry, N, Daylight, Hit Fixed Object, Not Injured, N, N
AUS, 2, 0, 0, 0, 2017, November, Monday, 10:40 am, 090, Dry, N, Daylight, Right Angle, Not Injured, N, N
AUS, 2, 0, 0, 0, 2017, November, Monday, 10:00 am, 040, Dry, N, Daylight, Right Angle, Not Injured, N, N
AUS, 2, 0, 0, 0, 2017, November, Monday, 08:00 am, 070, Dry, N, Daylight, Rear End, Not Injured, N, N
AUS, 2, 0, 0, 0, 2017, November, Monday, 07:40 am, 060, Dry, N, Daylight, Rear End, Not Injured, N, N
AUS, 2, 0, 0, 0, 2017, November, Monday, 11:15 am, 080, Dry, N, Daylight, Rear End, Not Injured, N, N
AUS, 2, 0, 2, 2, 2017, November, Monday, 10:55 am, 100, Dry, N, Daylight, Head On, Major Injury, N, N
AUS, 2, 0, 0, 0, 2017, November, Monday, 08:20 am, 060, Dry, N, Daylight, Side Swipe, Not Injured, N, N