Nation,Total Units,Total Fatalities,Total Serious Injuries,Total Minor Injuries,Year,Month,Day,Time,Speed Limit,Moisture,Adverse Weather Conditions,DayNight,Crash Type,Crash Severity,Alcohol Related ,Drug Related
AUS, 2, 0, 0, 1, 2017, November, Monday, 11:45 am, 050, Dry, N, Daylight, Hit Pedestrian, Minor Injury, N, N
AUS, 2, 0, 0, 1, 2017, November, Saturday, 03:24 pm, 110, Dry, N, Daylight, Hit Fixed Object, Minor Injury, N, Y
AUS, 2, 0, 0, 1, 2017, November, Monday, 12:20 pm, 080, Dry, N, Daylight, Rear End, Minor Injury, N, N
AUS, 2, 0, 0, 0, 2017, November, Saturday, 01:20 pm, 080, Dry, N, Daylight, Rear End, Not Injured, N, N
AUS, 2, 0, 0, 0, 2017, November, Wednesday, 03:40 pm, 060, Dry, N, Daylight, Rear End, Not Injured, N, N
AUS, 2, 0, 0, 0, 2017, November, Monday, 03:45 pm, 050, Dry, N, Daylight, Head On, Not Injured, N, N
AUS, 2, 0, 0, 0, 2017, November, Monday, 02:00 pm, 110, Dry, N, Daylight, Side Swipe, Not Injured, N, N
AUS, 3, 0, 0, 0, 2017, November, Monday, 04:04 pm, 100, Dry, N, Daylight, Hit Fixed Object, Not Injured, N, N
AUS, 2, 0, 0, 0, 2017, November, Monday, 04:00 pm, 060, Dry, N, Daylight, Side Swipe, Not Injured, N, N
AUS, 2, 0, 0, 0, 2017, November, Monday, 04:00 pm, 060, Dry, N, Daylight, Side Swipe, Not Injured, N, N
AUS, 3, 0, 0, 0, 2017, November, Monday, 04:50 pm, 060, Dry, N, Daylight, Rear End, Not Injured, N, N
AUS, 2, 0, 0, 1, 2017, November, Monday, 02:05 pm, 060, Dry, N, Daylight, Rear End, Minor Injury, N, N
AUS, 3, 0, 0, 2, 2017, November, Monday, 06:39 pm, 060, Dry, N, Daylight, Rear End, Minor Injury, Y, Y
AUS, 2, 0, 0, 0, 2017, November, Monday, 05:18 pm, 060, Dry, N, Daylight, Rear End, Not Injured, N, N
AUS, 2, 0, 0, 0, 2017, November, Monday, 09:10 am, 040, Dry, N, Daylight, Hit Fixed Object, Not Injured, N, N
AUS, 2, 0, 0, 1, 2017, November, Monday, 05:30 pm, 060, Dry, N, Daylight, Rear End, Minor Injury, N, N
AUS, 2, 0, 0, 0, 2017, November, Monday, 05:10 pm, 100, Dry, N, Daylight, Right Angle, Not Injured, N, N
AUS, 2, 0, 0, 0, 2017, November, Tuesday, 08:50 am, 110, Dry, N, Daylight, Side Swipe, Not Injured, N, N
AUS, 2, 0, 0, 1, 2017, November, Tuesday, 10:28 am, 060, Dry, N, Daylight, Head On, Minor Injury, N, N
AUS, 2, 0, 0, 0, 2017, November, Tuesday, 11:30 am, 060, Dry, N, Daylight, Rear End, Not Injured, N, N
AUS, 3, 0, 0, 0, 2017, November, Tuesday, 09:40 am, 080, Dry, N, Daylight, Hit Fixed Object, Not Injured, N, N
AUS, 2, 0, 0, 0, 2017, November, Friday, 07:45 am, 050, Dry, N, Daylight, Side Swipe, Not Injured, N, N
AUS, 3, 0, 0, 0, 2017, November, Tuesday, 01:24 pm, 060, Dry, N, Daylight, Rear End, Not Injured, N, N
AUS, 2, 0, 0, 2, 2017, October, Saturday, 11:55 am, 050, Dry, N, Daylight, Right Angle, Minor Injury, N, N
AUS, 2, 1, 0, 0, 2017, November, Tuesday, 12:08 pm, 060, Dry, N, Daylight, Hit Pedestrian, Fatal, N, N
AUS, 2, 0, 0, 2, 2017, November, Tuesday, 08:45 am, 060, Dry, N, Daylight, Rear End, Minor Injury, N, N
AUS, 2, 0, 1, 1, 2017, November, Tuesday, 04:20 pm, 110, Dry, N, Daylight, Right Angle, Major Injury, N, N
AUS, 4, 0, 0, 0, 2017, November, Tuesday, 04:16 pm, 060, Dry, N, Daylight, Right Angle, Not Injured, N, N
AUS, 2, 0, 0, 1, 2017, November, Sunday, 01:34 pm, 100, Dry, N, Daylight, Side Swipe, Minor Injury, N, N
AUS, 2, 0, 0, 1, 2017, November, Tuesday, 04:45 pm, 080, Dry, N, Daylight, Right Angle, Minor Injury, N, N
AUS, 3, 0, 0, 1, 2017, November, Tuesday, 03:45 pm, 050, Dry, N, Daylight, Rear End, Minor Injury, N, N
AUS, 4, 0, 0, 0, 2017, November, Tuesday, 04:50 pm, 060, Dry, N, Daylight, Rear End, Not Injured, N, N
AUS, 3, 0, 2, 1, 2017, November, Tuesday, 04:45 pm, 080, Dry, N, Daylight, Hit Fixed Object, Major Injury, Y, N
AUS, 3, 0, 0, 0, 2017, November, Tuesday, 05:15 pm, 060, Dry, N, Daylight, Rear End, Not Injured, N, N
AUS, 2, 0, 0, 3, 2017, November, Tuesday, 05:45 pm, 050, Dry, N, Daylight, Rear End, Minor Injury, N, N
AUS, 2, 0, 0, 0, 2017, November, Tuesday, 06:18 pm, 080, Dry, N, Daylight, Head On, Not Injured, N, N
AUS, 2, 0, 0, 0, 2017, November, Tuesday, 06:25 pm, 060, Dry, N, Daylight, Rear End, Not Injured, N, N
AUS, 2, 0, 0, 0, 2017, November, Tuesday, 05:10 pm, 080, Dry, N, Daylight, Hit Fixed Object, Not Injured, N, N
AUS, 2, 0, 0, 1, 2017, November, Tuesday, 09:30 pm, 080, Dry, N, Night, Hit Fixed Object, Minor Injury, N, N
AUS, 3, 0, 0, 0, 2017, November, Tuesday, 11:30 pm, 100, Dry, N, Night, Rear End, Not Injured, N, N
AUS, 2, 0, 0, 0, 2017, November, Tuesday, 06:25 am, 060, Dry, N, Daylight, Side Swipe, Not Injured, N, N
AUS, 2, 0, 0, 1, 2017, November, Wednesday, 06:00 am, 110, Dry, N, Daylight, Hit Fixed Object, Minor Injury, Y, N
AUS, 2, 0, 0, 0, 2017, November, Wednesday, 07:40 am, 060, Dry, N, Daylight, Hit Fixed Object, Not Injured, N, N
AUS, 4, 0, 0, 1, 2017, November, Wednesday, 08:30 am, 060, Dry, N, Daylight, Rear End, Minor Injury, N, N
AUS, 3, 0, 0, 1, 2017, November, Tuesday, 11:25 am, 070, Dry, N, Daylight, Rear End, Minor Injury, N, N
AUS, 3, 0, 0, 1, 2017, November, Wednesday, 08:40 am, 060, Dry, N, Daylight, Rear End, Minor Injury, N, N
AUS, 2, 0, 0, 0, 2017, November, Tuesday, 12:00 pm, 050, Dry, N, Daylight, Right Angle, Not Injured, N, N
AUS, 2, 0, 0, 1, 2017, November, Tuesday, 04:15 pm, 050, Dry, N, Daylight, Side Swipe, Minor Injury, N, N
AUS, 2, 0, 0, 0, 2017, November, Wednesday, 08:30 am, 080, Dry, N, Daylight, Rear End, Not Injured, N, N
AUS, 2, 0, 0, 0, 2017, November, Wednesday, 09:10 am, 060, Dry, N, Daylight, Side Swipe, Not Injured, N, N
AUS, 2, 0, 0, 1, 2017, November, Wednesday, 09:30 am, 060, Dry, N, Daylight, Rear End, Minor Injury, N, N
AUS, 2, 0, 1, 2, 2017, November, Wednesday, 07:30 am, 100, Dry, N, Daylight, Head On, Major Injury, N, Y
AUS, 2, 0, 0, 0, 2017, November, Wednesday, 07:15 am, 080, Dry, N, Daylight, Rear End, Not Injured, N, N
AUS, 2, 0, 0, 1, 2017, March, Wednesday, 04:00 pm, 060, Wet, Y, Daylight, Rear End, Minor Injury, N, N
AUS, 2, 0, 0, 0, 2017, November, Monday, 09:00 am, 050, Dry, N, Daylight, Rear End, Not Injured, N, N
AUS, 2, 0, 0, 1, 2017, November, Wednesday, 10:30 am, 100, Dry, N, Daylight, Hit Fixed Object, Minor Injury, N, Y
AUS, 2, 0, 0, 1, 2017, November, Wednesday, 08:00 am, 050, Dry, N, Daylight, Rear End, Minor Injury, N, N
AUS, 2, 0, 0, 1, 2017, November, Wednesday, 02:15 pm, 060, Dry, N, Daylight, Head On, Minor Injury, N, N
AUS, 2, 0, 0, 0, 2017, November, Wednesday, 02:45 pm, 050, Dry, N, Daylight, Side Swipe, Not Injured, N, N
AUS, 2, 0, 0, 1, 2017, November, Tuesday, 05:00 pm, 060, Dry, N, Daylight, Rear End, Minor Injury, N, N
AUS, 2, 0, 0, 0, 2017, November, Wednesday, 08:15 am, 110, Dry, N, Daylight, Hit Fixed Object, Not Injured, N, N
AUS, 2, 0, 0, 1, 2017, November, Wednesday, 10:40 am, 070, Dry, N, Daylight, Hit Fixed Object, Minor Injury, N, N
AUS, 2, 0, 0, 1, 2017, November, Wednesday, 03:35 pm, 100, Dry, N, Daylight, Right Angle, Minor Injury, N, N
AUS, 2, 0, 0, 1, 2017, November, Wednesday, 04:28 pm, 060, Dry, N, Daylight, Rear End, Minor Injury, N, N
AUS, 2, 0, 0, 1, 2017, November, Wednesday, 02:30 pm, 060, Dry, N, Daylight, Right Angle, Minor Injury, N, N
AUS, 3, 0, 0, 0, 2017, November, Wednesday, 06:10 pm, 060, Dry, N, Daylight, Side Swipe, Not Injured, N, N
AUS, 3, 0, 0, 0, 2017, November, Wednesday, 05:50 pm, 090, Dry, N, Daylight, Rear End, Not Injured, N, N
AUS, 2, 0, 0, 0, 2017, November, Wednesday, 12:00 pm, 060, Dry, N, Daylight, Rear End, Not Injured, N, N
AUS, 2, 1, 0, 0, 2017, November, Wednesday, 06:20 pm, 030, Dry, N, Daylight, Hit Pedestrian, Fatal, N, N
AUS, 2, 0, 0, 0, 2017, November, Thursday, 01:59 am, 050, Dry, N, Night, Hit Fixed Object, Not Injured, N, N
AUS, 2, 0, 0, 0, 2017, November, Wednesday, 01:00 pm, 050, Dry, N, Daylight, Side Swipe, Not Injured, N, N
AUS, 2, 0, 0, 1, 2017, November, Thursday, 07:10 am, 060, Dry, N, Daylight, Rear End, Minor Injury, N, N
AUS, 2, 0, 0, 1, 2017, November, Thursday, 07:45 am, 050, Dry, N, Daylight, Right Angle, Minor Injury, N, N
AUS, 2, 0, 0, 0, 2017, November, Thursday, 08:05 am, 050, Dry, N, Daylight, Right Angle, Not Injured, N, N
AUS, 2, 0, 0, 0, 2017, November, Thursday, 07:00 am, 070, Dry, N, Daylight, Rear End, Not Injured, N, N
AUS, 2, 0, 0, 0, 2017, November, Thursday, 09:50 am, 050, Dry, N, Daylight, Right Angle, Not Injured, N, N
AUS, 3, 0, 0, 0, 2017, November, Thursday, 06:50 am, 080, Dry, N, Daylight, Rear End, Not Injured, N, N
AUS, 2, 0, 0, 0, 2017, November, Thursday, 08:10 am, 050, Dry, N, Daylight, Right Angle, Not Injured, N, N
AUS, 2, 0, 0, 0, 2017, November, Monday, 11:05 am, 080, Dry, N, Daylight, Head On, Not Injured, N, N
AUS, 2, 0, 0, 0, 2017, November, Thursday, 05:20 am, 090, Dry, N, Night, Hit Fixed Object, Not Injured, N, N
AUS, 2, 0, 0, 0, 2017, November, Thursday, 11:41 am, 050, Dry, N, Daylight, Rear End, Not Injured, N, N
AUS, 2, 0, 0, 0, 2017, November, Thursday, 10:40 am, 060, Dry, N, Daylight, Hit Fixed Object, Not Injured, N, N
AUS, 2, 0, 0, 1, 2017, November, Thursday, 12:40 pm, 050, Dry, N, Daylight, Hit Pedestrian, Minor Injury, N, N
AUS, 2, 0, 0, 1, 2017, November, Thursday, 12:20 pm, 060, Dry, N, Daylight, Rear End, Minor Injury, N, N
AUS, 2, 0, 0, 0, 2017, November, Wednesday, 04:10 pm, 060, Dry, N, Daylight, Rear End, Not Injured, N, N
AUS, 2, 0, 0, 0, 2017, November, Thursday, 01:40 pm, 090, Dry, N, Daylight, Rear End, Not Injured, N, N
AUS, 2, 0, 0, 1, 2017, December, Monday, 01:40 pm, 050, Dry, N, Daylight, Rear End, Minor Injury, N, N
AUS, 2, 0, 0, 0, 2017, November, Thursday, 01:30 pm, 060, Dry, N, Daylight, Rear End, Not Injured, N, N
AUS, 2, 0, 0, 0, 2017, November, Thursday, 03:00 pm, 060, Dry, N, Daylight, Rear End, Not Injured, N, N
AUS, 2, 0, 0, 0, 2017, November, Thursday, 04:40 pm, 050, Dry, N, Daylight, Side Swipe, Not Injured, N, N
AUS, 3, 0, 0, 0, 2017, November, Thursday, 12:30 am, 070, Dry, N, Night, Hit Fixed Object, Not Injured, N, N
AUS, 2, 0, 0, 0, 2017, November, Thursday, 05:14 pm, 050, Dry, N, Daylight, Rear End, Not Injured, N, N
AUS, 3, 0, 0, 2, 2017, November, Thursday, 04:20 pm, 060, Dry, N, Daylight, Rear End, Minor Injury, N, N
AUS, 4, 0, 0, 0, 2017, November, Thursday, 03:00 pm, 060, Dry, N, Daylight, Rear End, Not Injured, N, N
AUS, 3, 0, 0, 0, 2017, November, Thursday, 02:30 pm, 050, Dry, N, Daylight, Hit Fixed Object, Not Injured, N, N
AUS, 2, 0, 0, 0, 2017, November, Thursday, 05:45 pm, 090, Dry, N, Daylight, Rear End, Not Injured, N, N
AUS, 4, 0, 0, 2, 2017, November, Thursday, 04:30 pm, 060, Dry, N, Daylight, Rear End, Minor Injury, N, N
AUS, 2, 0, 0, 1, 2017, November, Thursday, 05:20 pm, 060, Dry, N, Daylight, Rear End, Minor Injury, N, N
AUS, 2, 0, 0, 0, 2017, November, Thursday, 06:10 pm, 050, Dry, N, Daylight, Right Angle, Not Injured, N, N
AUS, 2, 0, 0, 0, 2017, November, Thursday, 04:30 pm, 060, Dry, N, Daylight, Right Angle, Not Injured, N, N
AUS, 2, 0, 0, 4, 2017, November, Wednesday, 10:42 pm, 060, Dry, N, Night, Right Angle, Minor Injury, N, N
AUS, 2, 0, 0, 0, 2017, November, Thursday, 07:39 pm, 050, Dry, N, Daylight, Hit Fixed Object, Not Injured, N, N
AUS, 3, 0, 0, 1, 2017, November, Thursday, 05:25 pm, 080, Dry, N, Daylight, Right Angle, Minor Injury, N, N
AUS, 3, 0, 0, 0, 2017, November, Thursday, 08:36 pm, 100, Wet, N, Night, Hit Fixed Object, Not Injured, N, N
AUS, 2, 0, 0, 0, 2017, November, Thursday, 10:30 am, 060, Wet, Y, Daylight, Hit Fixed Object, Not Injured, N, N
AUS, 3, 0, 0, 0, 2017, November, Thursday, 10:17 pm, 050, Wet, Y, Night, Hit Pedestrian, Not Injured, Y, N
AUS, 2, 0, 0, 0, 2017, December, Friday, 02:45 am, 080, Wet, N, Night, Hit Fixed Object, Not Injured, N, N
AUS, 2, 0, 1, 0, 2017, December, Friday, 03:23 am, 060, Wet, Y, Night, Hit Fixed Object, Major Injury, N, N
AUS, 2, 0, 0, 0, 2017, December, Friday, 04:10 am, 110, Wet, Y, Night, Rear End, Not Injured, N, N
AUS, 3, 0, 0, 0, 2017, December, Friday, 09:00 am, 060, Dry, N, Daylight, Rear End, Not Injured, N, N
AUS, 2, 0, 0, 1, 2017, December, Friday, 08:30 am, 060, Wet, Y, Daylight, Right Angle, Minor Injury, N, N
AUS, 2, 0, 0, 0, 2017, November, Thursday, 03:30 pm, 060, Dry, N, Daylight, Side Swipe, Not Injured, N, N
AUS, 2, 0, 0, 1, 2017, December, Friday, 09:10 am, 080, Dry, N, Daylight, Hit Fixed Object, Minor Injury, N, N
AUS, 2, 0, 0, 0, 2017, December, Friday, 08:00 am, 070, Wet, N, Daylight, Rear End, Not Injured, N, N
AUS, 3, 0, 0, 1, 2017, December, Friday, 08:15 am, 060, Dry, N, Daylight, Head On, Minor Injury, N, N
AUS, 2, 0, 0, 0, 2017, December, Friday, 09:00 am, 060, Wet, N, Daylight, Rear End, Not Injured, N, N
AUS, 2, 0, 0, 0, 2017, December, Friday, 09:45 am, 060, Dry, N, Daylight, Right Angle, Not Injured, N, N
AUS, 2, 0, 1, 0, 2017, December, Friday, 02:00 am, 100, Wet, N, Night, Hit Fixed Object, Major Injury, N, Y
AUS, 2, 0, 0, 1, 2017, November, Thursday, 03:45 pm, 050, Dry, N, Daylight, Right Angle, Minor Injury, N, N
AUS, 3, 0, 0, 1, 2017, December, Friday, 10:30 am, 060, Dry, N, Daylight, Hit Fixed Object, Minor Injury, N, N
AUS, 2, 0, 1, 1, 2017, December, Friday, 11:04 am, 100, Dry, N, Daylight, Hit Fixed Object, Major Injury, N, N
AUS, 2, 0, 0, 0, 2017, December, Friday, 11:40 am, 050, Dry, N, Daylight, Hit Fixed Object, Not Injured, N, N
AUS, 3, 0, 0, 0, 2017, November, Thursday, 06:45 pm, 070, Wet, Y, Daylight, Rear End, Not Injured, N, N
AUS, 4, 0, 0, 2, 2017, November, Thursday, 09:10 pm, 080, Wet, Y, Night, Rear End, Minor Injury, N, N
AUS, 2, 0, 0, 0, 2017, December, Friday, 02:37 pm, 060, Dry, N, Daylight, Right Angle, Not Injured, N, N
AUS, 5, 0, 0, 1, 2017, December, Friday, 03:10 pm, 050, Dry, N, Daylight, Hit Fixed Object, Minor Injury, N, N
AUS, 2, 0, 0, 1, 2017, December, Friday, 02:00 pm, 100, Dry, N, Daylight, Side Swipe, Minor Injury, N, N
AUS, 2, 0, 0, 0, 2017, December, Friday, 02:30 pm, 050, Dry, N, Daylight, Right Angle, Not Injured, N, N
AUS, 2, 0, 0, 0, 2017, November, Thursday, 01:35 pm, 060, Dry, N, Daylight, Hit Fixed Object, Not Injured, N, N
AUS, 2, 0, 0, 1, 2017, November, Thursday, 07:50 pm, 060, Wet, Y, Daylight, Rear End, Minor Injury, N, N
AUS, 2, 0, 0, 0, 2017, December, Friday, 04:00 pm, 080, Dry, N, Daylight, Rear End, Not Injured, N, N
AUS, 4, 0, 0, 1, 2017, November, Saturday, 06:00 pm, 060, Dry, N, Daylight, Rear End, Minor Injury, N, N
AUS, 2, 0, 0, 0, 2017, December, Friday, 03:30 pm, 050, Dry, N, Daylight, Right Angle, Not Injured, N, N
AUS, 2, 0, 0, 0, 2017, December, Friday, 04:00 pm, 060, Dry, N, Daylight, Rear End, Not Injured, N, N
AUS, 2, 0, 0, 0, 2017, November, Thursday, 08:10 pm, 080, Wet, Y, Daylight, Right Angle, Not Injured, N, N
AUS, 3, 0, 0, 0, 2017, November, Thursday, 09:05 pm, 080, Wet, Y, Night, Right Angle, Not Injured, N, N
AUS, 2, 0, 0, 1, 2017, December, Friday, 08:00 pm, 060, Wet, Y, Daylight, Hit Fixed Object, Minor Injury, N, N
AUS, 2, 0, 0, 1, 2017, December, Friday, 10:30 pm, 050, Dry, N, Night, Hit Pedestrian, Minor Injury, Y, N
AUS, 2, 0, 0, 1, 2017, December, Saturday, 01:32 am, 060, Dry, N, Night, Hit Pedestrian, Minor Injury, N, N
AUS, 2, 0, 0, 0, 2017, December, Friday, 12:30 am, 060, Dry, N, Night, Right Angle, Not Injured, N, N
AUS, 2, 0, 0, 0, 2017, December, Saturday, 12:05 am, 080, Wet, Y, Night, Hit Fixed Object, Not Injured, N, N
AUS, 3, 0, 0, 0, 2017, December, Friday, 11:45 pm, 060, Wet, Y, Night, Hit Fixed Object, Not Injured, N, N
AUS, 2, 0, 0, 0, 2017, December, Saturday, 06:00 am, 060, Dry, N, Daylight, Hit Fixed Object, Not Injured, Y, N
AUS, 2, 0, 0, 0, 2017, December, Friday, 02:00 pm, 060, Dry, N, Daylight, Right Angle, Not Injured, N, N
AUS, 2, 0, 0, 0, 2017, December, Friday, 11:30 am, 060, Dry, N, Daylight, Rear End, Not Injured, N, N
AUS, 2, 0, 0, 0, 2017, December, Saturday, 09:50 am, 080, Dry, N, Daylight, Hit Fixed Object, Not Injured, N, N
AUS, 2, 0, 0, 0, 2017, December, Saturday, 11:26 am, 060, Dry, N, Daylight, Rear End, Not Injured, N, N
AUS, 4, 0, 0, 3, 2017, December, Saturday, 10:58 am, 080, Dry, N, Daylight, Rear End, Minor Injury, N, N
AUS, 3, 0, 1, 0, 2017, December, Saturday, 12:09 pm, 050, Dry, N, Daylight, Right Angle, Major Injury, N, N
AUS, 3, 0, 0, 0, 2017, December, Saturday, 12:45 pm, 050, Dry, N, Daylight, Right Angle, Not Injured, N, N
AUS, 2, 0, 0, 0, 2017, December, Saturday, 01:30 pm, 050, Dry, N, Daylight, Rear End, Not Injured, N, N
AUS, 2, 0, 2, 4, 2017, December, Saturday, 11:57 am, 080, Dry, N, Daylight, Right Angle, Major Injury, N, Y
AUS, 3, 0, 0, 0, 2017, December, Saturday, 01:10 am, 080, Wet, N, Night, Hit Fixed Object, Not Injured, Y, N
AUS, 2, 0, 0, 0, 2017, December, Friday, 09:45 pm, 060, Wet, Y, Night, Hit Fixed Object, Not Injured, N, N
AUS, 4, 0, 0, 0, 2017, December, Saturday, 01:25 pm, 060, Dry, N, Daylight, Right Angle, Not Injured, N, N
AUS, 2, 0, 0, 1, 2017, December, Saturday, 05:23 pm, 060, Dry, N, Daylight, Hit Fixed Object, Minor Injury, N, Y
AUS, 2, 0, 0, 0, 2017, December, Saturday, 07:49 pm, 060, Dry, N, Daylight, Hit Fixed Object, Not Injured, Y, N
AUS, 2, 0, 1, 0, 2017, December, Saturday, 03:50 pm, 050, Dry, N, Daylight, Hit Fixed Object, Major Injury, Y, N
AUS, 2, 0, 0, 3, 2017, December, Saturday, 05:50 pm, 090, Dry, N, Daylight, Right Angle, Minor Injury, N, N
AUS, 2, 0, 0, 0, 2017, December, Saturday, 09:00 pm, 050, Wet, N, Night, Right Angle, Not Injured, N, N
AUS, 4, 1, 0, 0, 2017, December, Saturday, 06:20 pm, 050, Dry, N, Daylight, Hit Pedestrian, Fatal, N, N
AUS, 6, 0, 1, 4, 2017, December, Saturday, 04:08 pm, 050, Wet, N, Daylight, Hit Pedestrian, Major Injury, N, N
AUS, 2, 0, 0, 1, 2017, December, Saturday, 02:30 pm, 060, Dry, N, Daylight, Rear End, Minor Injury, N, N
AUS, 3, 0, 0, 1, 2017, December, Saturday, 12:45 pm, 060, Dry, N, Daylight, Rear End, Minor Injury, N, N
AUS, 2, 0, 0, 0, 2017, December, Saturday, 11:55 am, 050, Dry, N, Daylight, Right Angle, Not Injured, N, N
AUS, 3, 0, 0, 1, 2017, December, Sunday, 08:35 am, 050, Dry, N, Daylight, Hit Fixed Object, Minor Injury, N, N
AUS, 2, 0, 0, 1, 2017, December, Sunday, 08:55 am, 060, Dry, N, Daylight, Right Angle, Minor Injury, N, N
AUS, 2, 0, 2, 1, 2017, December, Saturday, 10:15 pm, 090, Dry, N, Night, Right Angle, Major Injury, Y, N
AUS, 2, 0, 0, 0, 2017, December, Sunday, 10:49 am, 080, Dry, N, Daylight, Hit Fixed Object, Not Injured, N, N
AUS, 2, 0, 0, 0, 2017, December, Saturday, 07:29 am, 080, Wet, N, Daylight, Hit Fixed Object, Not Injured, N, N
AUS, 2, 0, 0, 0, 2017, December, Sunday, 10:30 am, 080, Dry, N, Daylight, Rear End, Not Injured, N, N
AUS, 2, 0, 0, 2, 2017, December, Sunday, 11:40 am, 060, Wet, Y, Daylight, Right Angle, Minor Injury, N, N
AUS, 2, 0, 0, 1, 2017, December, Sunday, 11:15 am, 100, Wet, Y, Daylight, Hit Fixed Object, Minor Injury, N, N
AUS, 2, 0, 0, 0, 2017, November, Thursday, 10:45 pm, 060, Wet, Y, Night, Hit Fixed Object, Not Injured, N, N
AUS, 2, 0, 0, 1, 2017, December, Saturday, 02:20 pm, 060, Dry, N, Daylight, Right Angle, Minor Injury, N, N
AUS, 2, 0, 0, 0, 2017, December, Sunday, 02:15 pm, 060, Dry, N, Daylight, Rear End, Not Injured, N, N
AUS, 2, 0, 0, 0, 2017, December, Saturday, 10:45 pm, 050, Dry, N, Night, Hit Pedestrian, Not Injured, N, N
AUS, 2, 0, 0, 1, 2017, December, Sunday, 02:40 pm, 050, Dry, N, Daylight, Hit Fixed Object, Minor Injury, N, N
AUS, 2, 0, 0, 0, 2017, December, Sunday, 11:55 am, 050, Dry, N, Daylight, Right Angle, Not Injured, N, N
AUS, 2, 0, 0, 0, 2017, December, Sunday, 05:43 pm, 050, Dry, N, Daylight, Rear End, Not Injured, N, N
AUS, 2, 0, 0, 0, 2017, December, Sunday, 04:45 pm, 060, Dry, N, Daylight, Rear End, Not Injured, N, N
AUS, 2, 0, 0, 0, 2017, December, Saturday, 06:00 pm, 110, Dry, N, Daylight, Hit Fixed Object, Not Injured, N, N
AUS, 2, 0, 0, 0, 2017, December, Sunday, 03:28 am, 060, Dry, N, Night, Hit Fixed Object, Not Injured, Y, N
AUS, 2, 0, 0, 0, 2017, December, Monday, 02:50 am, 040, Dry, N, Night, Hit Fixed Object, Not Injured, N, Y
AUS, 2, 0, 0, 0, 2017, December, Sunday, 09:15 pm, 060, Wet, N, Night, Side Swipe, Not Injured, N, N
AUS, 3, 0, 0, 0, 2017, December, Sunday, 09:00 pm, 050, Dry, N, Night, Hit Fixed Object, Not Injured, N, N
AUS, 2, 0, 0, 0, 2017, December, Monday, 08:25 am, 050, Dry, N, Daylight, Rear End, Not Injured, N, N
AUS, 2, 0, 0, 0, 2017, December, Monday, 07:25 am, 060, Dry, N, Daylight, Rear End, Not Injured, N, N
AUS, 2, 0, 0, 2, 2017, December, Monday, 02:00 am, 080, Wet, Y, Night, Hit Fixed Object, Minor Injury, N, N
AUS, 2, 0, 0, 0, 2017, December, Sunday, 04:45 pm, 080, Dry, N, Daylight, Rear End, Not Injured, N, N
AUS, 2, 0, 0, 0, 2017, December, Sunday, 01:10 pm, 080, Wet, Y, Daylight, Right Angle, Not Injured, N, N
AUS, 3, 0, 0, 0, 2017, December, Monday, 08:25 am, 060, Dry, N, Daylight, Rear End, Not Injured, N, N
AUS, 2, 0, 0, 0, 2017, December, Monday, 12:00 pm, 060, Dry, N, Daylight, Rear End, Not Injured, N, N
AUS, 2, 0, 0, 0, 2017, December, Monday, 11:00 am, 060, Dry, N, Daylight, Rear End, Not Injured, N, N
AUS, 2, 0, 0, 1, 2017, December, Monday, 10:30 am, 050, Dry, N, Daylight, Hit Fixed Object, Minor Injury, N, N
AUS, 2, 0, 0, 1, 2017, December, Monday, 11:13 am, 050, Dry, N, Daylight, Side Swipe, Minor Injury, N, N
AUS, 2, 0, 0, 0, 2017, December, Monday, 12:00 pm, 060, Dry, N, Daylight, Rear End, Not Injured, N, N
AUS, 2, 0, 0, 0, 2017, December, Monday, 11:00 am, 060, Dry, N, Daylight, Right Angle, Not Injured, N, N
AUS, 2, 0, 0, 1, 2017, December, Monday, 11:45 am, 060, Dry, N, Daylight, Rear End, Minor Injury, N, N
AUS, 2, 0, 0, 1, 2017, December, Monday, 11:30 am, 060, Dry, N, Daylight, Side Swipe, Minor Injury, N, N
AUS, 2, 0, 0, 0, 2017, December, Monday, 12:37 pm, 060, Dry, N, Daylight, Rear End, Not Injured, N, N
AUS, 2, 0, 0, 0, 2017, December, Monday, 05:00 pm, 060, Dry, N, Daylight, Side Swipe, Not Injured, N, N
AUS, 2, 0, 0, 0, 2017, December, Monday, 05:00 pm, 050, Dry, N, Daylight, Rear End, Not Injured, N, N
AUS, 2, 0, 0, 0, 2017, December, Monday, 02:55 pm, 060, Dry, N, Daylight, Side Swipe, Not Injured, N, N
AUS, 2, 0, 0, 0, 2017, December, Monday, 08:00 am, 050, Dry, N, Daylight, Rear End, Not Injured, N, N
AUS, 2, 0, 0, 1, 2017, December, Monday, 02:00 pm, 080, Dry, N, Daylight, Rear End, Minor Injury, N, N