Nation,Total Units,Total Fatalities,Total Serious Injuries,Total Minor Injuries,Year,Month,Day,Time,Speed Limit,Moisture,Adverse Weather Conditions,DayNight,Crash Type,Crash Severity,Alcohol Related ,Drug Related
AUS, 2, 0, 0, 0, 2017, December, Tuesday, 03:40 pm, 080, Dry, N, Daylight, Hit Fixed Object, Not Injured, N, N
AUS, 2, 0, 0, 1, 2017, December, Tuesday, 03:35 pm, 060, Dry, N, Daylight, Rear End, Minor Injury, N, N
AUS, 2, 0, 0, 1, 2017, December, Tuesday, 03:32 pm, 050, Dry, N, Daylight, Hit Fixed Object, Minor Injury, N, N
AUS, 2, 0, 0, 2, 2017, December, Tuesday, 04:48 pm, 060, Dry, N, Daylight, Right Angle, Minor Injury, N, N
AUS, 2, 0, 0, 0, 2017, December, Tuesday, 01:40 am, 060, Dry, N, Night, Hit Fixed Object, Not Injured, N, N
AUS, 2, 0, 0, 1, 2017, December, Tuesday, 05:51 pm, 100, Dry, N, Daylight, Right Angle, Minor Injury, N, N
AUS, 2, 0, 0, 0, 2017, December, Tuesday, 07:40 pm, 090, Dry, N, Daylight, Hit Fixed Object, Not Injured, N, N
AUS, 2, 0, 0, 1, 2017, December, Tuesday, 09:30 pm, 050, Dry, N, Night, Head On, Minor Injury, Y, N
AUS, 2, 0, 1, 0, 2017, December, Wednesday, 01:10 am, 040, Dry, N, Night, Hit Fixed Object, Major Injury, N, N
AUS, 2, 0, 0, 0, 2017, December, Wednesday, 08:50 am, 090, Dry, N, Daylight, Rear End, Not Injured, N, N
AUS, 2, 0, 0, 0, 2017, December, Monday, 07:00 pm, 040, Dry, N, Daylight, Right Angle, Not Injured, N, N
AUS, 3, 0, 0, 0, 2017, December, Tuesday, 12:20 pm, 060, Dry, N, Daylight, Rear End, Not Injured, N, N
AUS, 2, 0, 0, 0, 2017, December, Tuesday, 03:45 pm, 060, Dry, N, Daylight, Rear End, Not Injured, N, N
AUS, 2, 0, 0, 2, 2017, December, Wednesday, 09:26 am, 060, Dry, N, Daylight, Hit Fixed Object, Minor Injury, N, N
AUS, 2, 0, 0, 0, 2017, December, Thursday, 03:30 pm, 060, Dry, N, Daylight, Side Swipe, Not Injured, N, N
AUS, 2, 0, 0, 0, 2017, December, Wednesday, 02:20 pm, 060, Dry, N, Daylight, Side Swipe, Not Injured, N, N
AUS, 2, 0, 0, 0, 2017, December, Wednesday, 12:50 pm, 080, Dry, N, Daylight, Side Swipe, Not Injured, N, N
AUS, 2, 0, 1, 0, 2017, December, Wednesday, 02:40 pm, 080, Dry, N, Daylight, Hit Fixed Object, Major Injury, N, N
AUS, 2, 0, 0, 1, 2017, May, Saturday, 05:50 pm, 080, Dry, N, Night, Rear End, Minor Injury, N, N
AUS, 2, 0, 0, 0, 2017, December, Wednesday, 05:10 pm, 050, Dry, N, Daylight, Side Swipe, Not Injured, N, N
AUS, 2, 0, 0, 1, 2017, December, Saturday, 08:14 am, 060, Dry, N, Daylight, Right Angle, Minor Injury, N, N
AUS, 3, 0, 0, 0, 2017, December, Wednesday, 01:57 pm, 060, Dry, N, Daylight, Rear End, Not Injured, N, N
AUS, 2, 1, 2, 0, 2017, December, Wednesday, 12:25 pm, 110, Dry, N, Daylight, Head On, Fatal, N, N
AUS, 2, 0, 0, 1, 2017, December, Wednesday, 07:10 pm, 050, Dry, N, Daylight, Hit Fixed Object, Minor Injury, N, N
AUS, 2, 0, 0, 1, 2017, December, Wednesday, 05:00 pm, 100, Dry, N, Daylight, Hit Fixed Object, Minor Injury, N, N
AUS, 3, 0, 0, 0, 2017, December, Wednesday, 08:30 pm, 050, Dry, N, Daylight, Hit Fixed Object, Not Injured, N, N
AUS, 2, 0, 0, 3, 2017, December, Wednesday, 08:15 pm, 050, Dry, N, Daylight, Rear End, Minor Injury, N, N
AUS, 2, 0, 0, 1, 2017, December, Wednesday, 11:06 pm, 110, Dry, N, Night, Hit Fixed Object, Minor Injury, N, N
AUS, 2, 0, 0, 0, 2017, December, Wednesday, 11:50 pm, 050, Dry, N, Night, Hit Fixed Object, Not Injured, N, N
AUS, 2, 0, 0, 0, 2017, December, Thursday, 06:00 am, 060, Dry, N, Night, Right Angle, Not Injured, N, N
AUS, 2, 0, 0, 1, 2017, December, Wednesday, 03:15 pm, 060, Dry, N, Daylight, Rear End, Minor Injury, N, N
AUS, 2, 0, 0, 0, 2017, December, Thursday, 10:25 am, 060, Wet, N, Daylight, Rear End, Not Injured, N, N
AUS, 2, 0, 0, 0, 2017, December, Thursday, 10:34 am, 070, Dry, N, Daylight, Rear End, Not Injured, N, N
AUS, 2, 0, 0, 0, 2017, December, Thursday, 11:30 am, 060, Dry, N, Daylight, Side Swipe, Not Injured, N, N
AUS, 2, 0, 0, 0, 2017, December, Thursday, 10:20 am, 080, Wet, Y, Daylight, Rear End, Not Injured, N, N
AUS, 2, 0, 0, 0, 2017, December, Thursday, 11:30 am, 060, Dry, N, Daylight, Right Angle, Not Injured, N, N
AUS, 2, 0, 0, 1, 2017, December, Thursday, 10:20 am, 050, Dry, N, Daylight, Right Angle, Minor Injury, N, N
AUS, 2, 0, 0, 1, 2017, December, Wednesday, 11:00 am, 040, Dry, N, Daylight, Rear End, Minor Injury, N, N
AUS, 2, 0, 0, 1, 2017, December, Thursday, 12:40 pm, 050, Dry, N, Daylight, Right Angle, Minor Injury, N, N
AUS, 2, 0, 0, 1, 2017, December, Thursday, 12:09 pm, 050, Dry, N, Daylight, Side Swipe, Minor Injury, N, N
AUS, 2, 0, 0, 1, 2017, December, Thursday, 11:14 am, 060, Dry, N, Daylight, Right Angle, Minor Injury, N, N
AUS, 2, 0, 0, 1, 2017, December, Thursday, 03:01 pm, 060, Dry, N, Daylight, Rear End, Minor Injury, N, N
AUS, 2, 0, 0, 0, 2017, December, Thursday, 03:00 pm, 050, Dry, N, Daylight, Right Angle, Not Injured, N, N
AUS, 2, 0, 0, 1, 2017, December, Thursday, 03:20 pm, 050, Dry, N, Daylight, Rear End, Minor Injury, N, Y
AUS, 2, 0, 0, 1, 2017, December, Thursday, 03:42 pm, 060, Dry, N, Daylight, Right Angle, Minor Injury, N, N
AUS, 2, 0, 0, 0, 2017, December, Thursday, 02:15 pm, 060, Dry, N, Daylight, Hit Fixed Object, Not Injured, N, N
AUS, 2, 0, 0, 1, 2017, December, Thursday, 04:45 pm, 050, Wet, Y, Daylight, Right Angle, Minor Injury, N, N
AUS, 3, 0, 0, 3, 2017, December, Thursday, 05:20 pm, 060, Wet, Y, Daylight, Rear End, Minor Injury, N, N
AUS, 2, 0, 0, 1, 2017, December, Thursday, 06:43 pm, 050, Dry, N, Daylight, Hit Fixed Object, Minor Injury, Y, Y
AUS, 2, 1, 0, 0, 2017, December, Thursday, 08:40 pm, 050, Dry, N, Night, Hit Fixed Object, Fatal, N, N
AUS, 2, 0, 0, 1, 2017, December, Thursday, 07:25 pm, 100, Dry, N, Daylight, Hit Fixed Object, Minor Injury, N, Y
AUS, 2, 0, 0, 0, 2017, December, Friday, 01:35 am, 060, Dry, N, Night, Hit Fixed Object, Not Injured, N, N
AUS, 3, 0, 0, 0, 2017, December, Thursday, 01:10 pm, 060, Dry, N, Daylight, Rear End, Not Injured, N, N
AUS, 2, 0, 0, 0, 2017, December, Thursday, 11:55 am, 050, Dry, N, Daylight, Rear End, Not Injured, N, N
AUS, 2, 0, 0, 0, 2017, December, Friday, 03:30 pm, 100, Dry, N, Daylight, Right Angle, Not Injured, N, N
AUS, 2, 0, 0, 0, 2017, December, Friday, 07:55 am, 060, Dry, N, Daylight, Hit Fixed Object, Not Injured, N, N
AUS, 2, 0, 0, 0, 2017, December, Friday, 09:40 am, 080, Dry, N, Daylight, Hit Fixed Object, Not Injured, N, N
AUS, 2, 0, 0, 2, 2017, December, Thursday, 01:10 pm, 060, Dry, N, Daylight, Right Angle, Minor Injury, N, N
AUS, 2, 0, 0, 0, 2017, December, Thursday, 08:00 pm, 080, Wet, Y, Daylight, Hit Fixed Object, Not Injured, N, N
AUS, 2, 0, 0, 0, 2017, December, Thursday, 04:00 pm, 060, Dry, N, Daylight, Rear End, Not Injured, N, N
AUS, 2, 0, 0, 1, 2017, October, Wednesday, 03:30 pm, 060, Wet, Y, Daylight, Rear End, Minor Injury, N, N
AUS, 3, 0, 0, 0, 2017, December, Friday, 01:42 pm, 060, Dry, N, Daylight, Side Swipe, Not Injured, N, N
AUS, 2, 0, 0, 1, 2017, December, Friday, 02:00 pm, 100, Dry, N, Daylight, Hit Fixed Object, Minor Injury, N, N
AUS, 2, 0, 0, 1, 2017, December, Sunday, 02:00 am, 050, Dry, N, Night, Hit Pedestrian, Minor Injury, Y, N
AUS, 2, 0, 0, 0, 2017, December, Friday, 03:20 pm, 060, Dry, N, Daylight, Hit Fixed Object, Not Injured, N, N
AUS, 2, 0, 0, 0, 2017, December, Friday, 06:20 am, 060, Dry, N, Daylight, Side Swipe, Not Injured, N, N
AUS, 2, 0, 0, 0, 2017, December, Monday, 04:05 pm, 050, Dry, N, Daylight, Hit Fixed Object, Not Injured, N, N
AUS, 2, 0, 0, 1, 2017, December, Friday, 04:58 pm, 060, Dry, N, Daylight, Rear End, Minor Injury, N, N
AUS, 2, 0, 0, 0, 2017, December, Thursday, 05:00 pm, 100, Dry, N, Daylight, Right Angle, Not Injured, N, N
AUS, 3, 0, 0, 0, 2017, December, Friday, 04:50 pm, 060, Dry, N, Daylight, Rear End, Not Injured, N, N
AUS, 3, 0, 0, 1, 2017, December, Saturday, 01:28 am, 050, Dry, N, Night, Hit Fixed Object, Minor Injury, N, N
AUS, 3, 0, 0, 0, 2017, December, Saturday, 01:45 am, 050, Dry, N, Night, Hit Fixed Object, Not Injured, N, N
AUS, 2, 0, 0, 0, 2017, December, Friday, 09:30 pm, 050, Dry, N, Night, Hit Fixed Object, Not Injured, N, N
AUS, 2, 0, 0, 0, 2017, December, Friday, 11:00 am, 060, Dry, N, Daylight, Right Angle, Not Injured, N, N
AUS, 2, 0, 0, 1, 2017, December, Friday, 11:00 am, 060, Dry, N, Daylight, Hit Pedestrian, Minor Injury, N, N
AUS, 2, 0, 0, 0, 2017, December, Saturday, 09:20 am, 060, Wet, Y, Daylight, Rear End, Not Injured, N, N
AUS, 2, 0, 0, 1, 2017, December, Friday, 01:00 pm, 050, Dry, N, Daylight, Right Angle, Minor Injury, N, N
AUS, 2, 0, 0, 1, 2017, December, Saturday, 03:08 pm, 050, Dry, N, Daylight, Right Angle, Minor Injury, N, N
AUS, 2, 0, 0, 0, 2017, December, Saturday, 12:15 pm, 110, Dry, N, Daylight, Side Swipe, Not Injured, N, N
AUS, 3, 0, 0, 0, 2017, December, Saturday, 02:00 pm, 050, Dry, N, Daylight, Right Angle, Not Injured, N, N
AUS, 2, 0, 0, 1, 2017, December, Saturday, 03:40 pm, 060, Dry, N, Daylight, Rear End, Minor Injury, N, N
AUS, 2, 0, 0, 1, 2017, December, Sunday, 12:30 pm, 060, Dry, N, Daylight, Side Swipe, Minor Injury, N, N
AUS, 2, 0, 0, 0, 2017, December, Saturday, 05:00 pm, 040, Dry, N, Daylight, Hit Pedestrian, Not Injured, N, N
AUS, 2, 0, 0, 0, 2017, December, Saturday, 05:30 pm, 050, Dry, N, Daylight, Right Angle, Not Injured, N, N
AUS, 2, 0, 0, 0, 2017, December, Saturday, 06:50 pm, 060, Dry, N, Daylight, Hit Fixed Object, Not Injured, Y, N
AUS, 2, 0, 0, 0, 2017, December, Saturday, 07:50 pm, 110, Dry, N, Daylight, Hit Fixed Object, Not Injured, N, N
AUS, 3, 0, 0, 0, 2017, December, Saturday, 08:00 pm, 060, Dry, N, Daylight, Right Angle, Not Injured, N, N
AUS, 3, 0, 0, 0, 2017, December, Saturday, 10:45 am, 070, Dry, N, Daylight, Rear End, Not Injured, N, N
AUS, 2, 0, 0, 0, 2017, December, Saturday, 10:40 am, 080, Dry, N, Daylight, Hit Fixed Object, Not Injured, N, N
AUS, 2, 0, 0, 0, 2017, December, Friday, 03:00 pm, 080, Dry, N, Daylight, Hit Fixed Object, Not Injured, N, N
AUS, 2, 0, 0, 1, 2017, December, Saturday, 04:00 pm, 110, Dry, N, Daylight, Head On, Minor Injury, N, N
AUS, 3, 0, 0, 0, 2017, December, Sunday, 03:10 pm, 060, Dry, N, Daylight, Rear End, Not Injured, N, N
AUS, 2, 0, 0, 0, 2017, December, Sunday, 11:30 am, 090, Dry, N, Daylight, Rear End, Not Injured, N, N
AUS, 2, 0, 0, 0, 2017, December, Sunday, 03:10 pm, 060, Dry, N, Daylight, Right Angle, Not Injured, N, N
AUS, 2, 0, 0, 0, 2017, December, Sunday, 02:25 pm, 050, Dry, N, Daylight, Right Angle, Not Injured, N, N
AUS, 2, 0, 0, 0, 2017, December, Sunday, 01:00 pm, 080, Dry, N, Daylight, Hit Fixed Object, Not Injured, N, N
AUS, 2, 0, 0, 0, 2017, December, Sunday, 06:10 pm, 060, Dry, N, Daylight, Right Angle, Not Injured, N, N
AUS, 2, 0, 0, 0, 2017, December, Sunday, 08:47 pm, 060, Dry, N, Night, Rear End, Not Injured, N, N
AUS, 2, 0, 1, 0, 2017, December, Sunday, 10:00 pm, 060, Dry, N, Night, Right Angle, Major Injury, N, N
AUS, 2, 0, 0, 0, 2017, December, Sunday, 08:45 pm, 050, Dry, N, Night, Right Angle, Not Injured, N, N
AUS, 3, 0, 0, 0, 2017, December, Sunday, 10:00 pm, 050, Dry, N, Night, Rear End, Not Injured, N, N
AUS, 3, 0, 0, 0, 2017, December, Sunday, 11:08 pm, 050, Dry, N, Night, Hit Fixed Object, Not Injured, N, N
AUS, 2, 0, 0, 0, 2017, December, Sunday, 11:12 pm, 050, Dry, N, Night, Hit Pedestrian, Not Injured, N, N
AUS, 3, 0, 0, 2, 2017, January, Sunday, 07:58 am, 060, Dry, N, Daylight, Hit Fixed Object, Minor Injury, N, N
AUS, 2, 0, 0, 0, 2017, December, Sunday, 05:00 pm, 060, Dry, N, Daylight, Hit Fixed Object, Not Injured, N, N
AUS, 2, 0, 0, 1, 2017, December, Friday, 12:30 pm, 050, Dry, N, Daylight, Rear End, Minor Injury, N, N
AUS, 2, 0, 0, 0, 2017, December, Friday, 09:57 pm, 050, Dry, N, Night, Hit Fixed Object, Not Injured, N, N
AUS, 2, 0, 0, 0, 2017, December, Saturday, 10:50 pm, 050, Dry, N, Night, Hit Fixed Object, Not Injured, N, N
AUS, 2, 0, 0, 0, 2017, December, Sunday, 11:45 pm, 100, Dry, N, Night, Hit Fixed Object, Not Injured, N, N
AUS, 2, 0, 0, 0, 2017, December, Friday, 02:00 pm, 060, Dry, N, Daylight, Rear End, Not Injured, N, N
AUS, 2, 0, 0, 0, 2017, December, Saturday, 01:28 pm, 050, Dry, N, Daylight, Right Angle, Not Injured, N, N
AUS, 4, 0, 0, 0, 2017, December, Saturday, 09:40 am, 100, Dry, N, Daylight, Side Swipe, Not Injured, N, N
AUS, 2, 0, 0, 0, 2017, December, Saturday, 07:00 pm, 050, Dry, N, Daylight, Hit Fixed Object, Not Injured, N, N
AUS, 3, 0, 0, 1, 2017, September, Monday, 12:58 pm, 080, Wet, Y, Daylight, Rear End, Minor Injury, N, N
AUS, 2, 0, 0, 0, 2017, January, Thursday, 09:15 am, 050, Dry, N, Daylight, Hit Fixed Object, Not Injured, N, N
AUS, 2, 0, 0, 1, 2017, December, Thursday, 11:30 am, 050, Dry, N, Daylight, Side Swipe, Minor Injury, N, N
AUS, 2, 0, 0, 1, 2017, November, Wednesday, 06:50 pm, 060, Dry, N, Daylight, Rear End, Minor Injury, N, N
AUS, 2, 0, 0, 1, 2017, December, Friday, 07:30 am, 060, Dry, N, Daylight, Right Angle, Minor Injury, N, N
AUS, 2, 0, 0, 0, 2017, December, Saturday, 04:00 pm, 050, Dry, N, Daylight, Rear End, Not Injured, N, N
AUS, 2, 0, 0, 1, 2017, December, Tuesday, 05:00 pm, 060, Dry, N, Daylight, Rear End, Minor Injury, N, N
AUS, 2, 0, 0, 1, 2017, April, Thursday, 06:50 am, 060, Dry, N, Daylight, Rear End, Minor Injury, N, N
AUS, 2, 0, 0, 1, 2017, December, Friday, 05:30 pm, 060, Dry, N, Daylight, Rear End, Minor Injury, N, N
AUS, 2, 0, 0, 1, 2017, January, Sunday, 10:00 pm, 060, Wet, Y, Night, Hit Pedestrian, Minor Injury, N, N
AUS, 2, 0, 0, 1, 2017, November, Saturday, 12:30 pm, 050, Dry, N, Daylight, Rear End, Minor Injury, N, N
AUS, 2, 0, 0, 1, 2017, November, Monday, 07:23 pm, 050, Dry, N, Daylight, Right Angle, Minor Injury, N, N
AUS, 2, 0, 0, 1, 2017, December, Saturday, 04:30 pm, 060, Dry, N, Daylight, Rear End, Minor Injury, N, N
AUS, 4, 0, 0, 1, 2017, December, Monday, 06:35 am, 050, Dry, N, Daylight, Hit Fixed Object, Minor Injury, N, N
AUS, 2, 0, 0, 0, 2017, March, Friday, 07:05 am, 060, Dry, N, Night, Hit Fixed Object, Not Injured, N, N
AUS, 2, 0, 0, 1, 2017, December, Monday, 09:15 am, 060, Dry, N, Daylight, Rear End, Minor Injury, N, N
AUS, 2, 0, 0, 1, 2017, October, Tuesday, 01:30 pm, 060, Dry, N, Daylight, Hit Fixed Object, Minor Injury, N, N
AUS, 2, 0, 0, 1, 2017, November, Thursday, 01:30 am, 050, Dry, N, Night, Rear End, Minor Injury, N, N
AUS, 2, 0, 0, 0, 2017, April, Saturday, 10:15 am, 050, Dry, N, Daylight, Side Swipe, Not Injured, N, N
US, 2, 0, 0, 0, 2017, January, Sunday, 1:55 am, 60, Wet, Y, Night, Side Swipe, Not Injured, N, N
US, 2, 0, 0, 0, 2017, January, Sunday, 3:18 am, 40, Wet, Y, Night, Right Angle, Not Injured, N, N
US, 4, 0, 0, 0, 2017, January, Sunday, 9:20 am, 40, Dry, N, Daylight, Right Angle, Not Injured, Y, N
US, 2, 0, 0, 0, 2017, January, Sunday, 11:35 am, 40, Dry, N, Daylight, Right Angle, Not Injured, N, N
US, 2, 0, 0, 0, 2017, January, Sunday, 6:19 pm, 20, Dry, N, Night, Right Angle, Not Injured, N, N
US, 4, 0, 0, 0, 2017, January, Sunday, 3:42 pm, 50, Dry, N, Daylight, Rear End, Minor Injury, N, N
US, 2, 0, 0, 0, 2017, January, Sunday, 12:55 am, 40, Dry, N, Night, Right Angle, Not Injured, N, Y
US, 3, 0, 0, 0, 2017, January, Sunday, 6:27 pm, 40, Dry, N, Night, Rear End, Minor Injury, N, Y
US, 4, 0, 0, 0, 2017, January, Sunday, 5:20 am, 40, Wet, Y, Night, Rear End, Not Injured, Y, N
US, 3, 0, 1, 0, 2017, January, Sunday, 1:40 pm, 40, Dry, N, Daylight, Rear End, Major Injury, N, N
US, 3, 0, 0, 0, 2017, January, Monday, 11:40 am, 60, Wet, Y, Daylight, Right Angle, Not Injured, N, N
US, 2, 0, 0, 1, 2017, January, Monday, 11:19 am, 60, Dry, N, Daylight, Right Angle, Minor Injury, N, N
US, 2, 0, 0, 0, 2017, January, Monday, 1:30 pm, 40, Wet, Y, Daylight, Side Swipe, Not Injured, N, N
US, 2, 0, 0, 0, 2017, January, Monday, 2:45 pm, 40, Wet, N, Daylight, Rear End, Not Injured, N, N
US, 3, 0, 0, 0, 2017, January, Monday, 5:34 pm, 60, Wet, N, Night, Rear End, Not Injured, N, N
US, 2, 0, 0, 0, 2017, January, Tuesday, 8:29 am, 40, Wet, Y, Daylight, Side Swipe, Not Injured, N, N
US, 3, 0, 0, 0, 2017, January, Tuesday, 11:49 am, 40, Wet, Y, Daylight, Side Swipe, Not Injured, N, N
US, 2, 0, 0, 1, 2017, January, Tuesday, 1:48 pm, 60, Wet, Y, Daylight, Rear End, Minor Injury, N, N
US, 2, 0, 0, 0, 2017, January, Monday, 7:09 pm, 40, Wet, Y, Night, Hit Pedestrian, Minor Injury, N, N
US, 2, 0, 0, 0, 2017, January, Tuesday, 1:20 pm, 40, Wet, Y, Daylight, Rear End, Not Injured, Y, N
US, 2, 0, 0, 1, 2017, January, Tuesday, 3:18 pm, 50, Wet, Y, Daylight, Side Swipe, Minor Injury, N, N
US, 2, 0, 0, 0, 2017, January, Monday, 10:05 pm, 40, Wet, N, Night, Rear End, Not Injured, Y, N
US, 2, 0, 0, 0, 2017, January, Tuesday, 7:14 pm, 60, Wet, Y, Night, Side Swipe, Not Injured, N, N
US, 2, 0, 0, 0, 2017, January, Wednesday, 5:43 am, 40, Wet, N, Night, Right Angle, Not Injured, N, N
US, 2, 0, 0, 0, 2017, January, Wednesday, 7:00 am, 40, Wet, Y, Daylight, Right Angle, Minor Injury, N, N
US, 2, 0, 0, 0, 2017, January, Tuesday, 12:27 am, 40, Wet, Y, Daylight, Rear End, Minor Injury, N, N
US, 2, 0, 0, 1, 2017, January, Tuesday, 2:38 pm, 60, Wet, Y, Daylight, Rear End, Minor Injury, N, N
US, 2, 0, 0, 0, 2017, January, Wednesday, 11:00 am, 40, Dry, N, Daylight, Rear End, Not Injured, N, N
US, 3, 0, 0, 0, 2017, January, Tuesday, 4:55 pm, 90, Wet, Y, Night, Rear End, Not Injured, N, N
US, 2, 0, 0, 0, 2017, January, Wednesday, 3:45 pm, 40, Dry, N, Daylight, Rear End, Not Injured, N, N
US, 2, 0, 0, 0, 2017, January, Wednesday, 4:30 pm, 40, Dry, N, Daylight, Right Angle, Minor Injury, N, N
US, 2, 0, 0, 0, 2017, January, Wednesday, 5:59 pm, 40, Dry, N, Night, Rear End, Not Injured, N, N
US, 2, 0, 0, 1, 2017, January, Tuesday, 5:22 pm, 40, Wet, Y, Night, Right Angle, Minor Injury, N, N
US, 2, 0, 0, 0, 2017, January, Tuesday, 4:54 pm, 90, Wet, Y, Night, Rear End, Not Injured, N, N
US, 3, 0, 0, 0, 2017, January, Thursday, 7:00 am, 60, Dry, N, Daylight, Rear End, Not Injured, N, N
US, 3, 0, 0, 0, 2017, January, Thursday, 8:05 am, 60, Dry, N, Daylight, Right Angle, Not Injured, N, N
US, 3, 0, 0, 0, 2017, January, Wednesday, 12:49 am, 60, Dry, N, Daylight, Right Angle, Not Injured, N, N
US, 2, 0, 0, 0, 2017, January, Thursday, 9:42 am, 40, Dry, N, Daylight, Head On, Not Injured, N, N
US, 2, 0, 0, 0, 2017, January, Thursday, 7:20 am, 40, Dry, N, Daylight, Head On, Minor Injury, N, N
US, 3, 0, 0, 2, 2017, January, Tuesday, 11:57 am, 40, Wet, Y, Daylight, Rear End, Minor Injury, N, Y
US, 2, 0, 0, 0, 2017, January, Thursday, 11:53 am, 40, Dry, N, Daylight, Right Angle, Not Injured, N, N
US, 2, 0, 0, 1, 2017, January, Sunday, 2:48 pm, 40, Dry, N, Daylight, Rear End, Minor Injury, N, N
US, 2, 0, 0, 1, 2017, January, Thursday, 4:32 pm, 40, Dry, Y, Daylight, Rear End, Minor Injury, N, N
US, 2, 0, 0, 1, 2017, January, Thursday, 4:25 pm, 60, Dry, Y, Daylight, Right Angle, Minor Injury, N, N
US, 2, 0, 0, 0, 2017, January, Thursday, 4:54 pm, 40, Dry, Y, Night, Rear End, Not Injured, N, N
US, 2, 0, 0, 0, 2017, January, Thursday, 4:46 pm, 20, Dry, Y, Night, Rear End, Not Injured, N, N
US, 4, 0, 0, 0, 2017, January, Thursday, 5:10 pm, 40, Dry, Y, Night, Rear End, Minor Injury, N, N
US, 2, 0, 0, 0, 2017, January, Thursday, 5:10 pm, 60, Dry, Y, Night, Head On, Minor Injury, N, N
US, 2, 0, 0, 0, 2017, January, Wednesday, 6:19 pm, 40, Dry, N, Night, Side Swipe, Not Injured, N, N
US, 2, 0, 0, 0, 2017, January, Tuesday, 7:35 am, 60, Wet, Y, Night, Rear End, Not Injured, N, N
US, 2, 0, 0, 0, 2017, January, Thursday, 5:21 pm, 40, Dry, Y, Daylight, Head On, Not Injured, N, N
US, 3, 0, 0, 1, 2017, January, Thursday, 6:00 pm, 60, Dry, Y, Night, Rear End, Minor Injury, N, N
US, 3, 0, 0, 1, 2017, January, Thursday, 6:44 pm, 50, Dry, Y, Night, Rear End, Minor Injury, N, N
US, 2, 0, 0, 0, 2017, January, Thursday, 5:50 pm, 40, Dry, Y, Night, Right Angle, Not Injured, N, N
US, 2, 0, 0, 0, 2017, January, Thursday, 5:37 pm, 40, Wet, Y, Night, Side Swipe, Not Injured, N, N
US, 3, 0, 0, 0, 2017, January, Wednesday, 7:35 pm, 90, Dry, Y, Night, Side Swipe, Not Injured, N, N
US, 2, 0, 0, 0, 2017, January, Thursday, 9:13 pm, 60, Dry, Y, Night, Rear End, Not Injured, N, N
US, 2, 0, 0, 0, 2017, January, Thursday, 4:58 am, 40, Dry, N, Night, Rear End, Not Injured, Y, N
US, 2, 0, 0, 0, 2017, January, Thursday, 10:00 pm, 40, Dry, Y, Night, Head On, Minor Injury, N, N
US, 2, 0, 0, 0, 2017, January, Thursday, 11:20 pm, 40, Dry, Y, Night, Rear End, Not Injured, N, N
US, 2, 0, 0, 0, 2017, January, Monday, 10:47 pm, 60, Dry, N, Night, Rear End, Not Injured, Y, N
US, 2, 0, 0, 2, 2017, January, Friday, 4:20 am, 60, Wet, Y, Night, Head On, Minor Injury, Y, N
US, 2, 0, 0, 0, 2017, January, Wednesday, 3:53 pm, 40, Dry, N, Daylight, Rear End, Minor Injury, N, N
US, 2, 0, 0, 0, 2017, January, Friday, 7:50 am, 40, Dry, Y, Daylight, Right Angle, Not Injured, N, N
US, 2, 0, 0, 0, 2017, January, Friday, 8:25 am, 60, Dry, Y, Daylight, Right Angle, Not Injured, N, N
US, 2, 0, 0, 0, 2017, January, Thursday, 7:44 am, 60, Dry, N, Daylight, Right Angle, Not Injured, N, N
US, 2, 0, 0, 0, 2017, January, Friday, 8:36 am, 40, Dry, N, Daylight, Right Angle, Not Injured, N, N
US, 2, 0, 0, 0, 2017, January, Friday, 10:45 am, 40, Wet, N, Daylight, Rear End, Minor Injury, N, N
US, 2, 0, 0, 1, 2017, January, Friday, 10:00 am, 60, Wet, N, Daylight, Rear End, Minor Injury, N, N
US, 2, 0, 0, 0, 2017, January, Friday, 11:12 am, 40, Wet, N, Daylight, Right Angle, Not Injured, N, N
US, 2, 0, 0, 0, 2017, January, Friday, 10:27 am, 40, Wet, N, Daylight, Head On, Not Injured, N, N
US, 2, 0, 0, 1, 2017, January, Friday, 2:05 pm, 40, Wet, N, Daylight, Hit Pedestrian, Minor Injury, N, N
US, 3, 0, 0, 0, 2017, January, Friday, 2:30 pm, 40, Dry, N, Daylight, Rear End, Not Injured, Y, N
US, 2, 0, 0, 0, 2017, January, Thursday, 2:58 pm, 20, Dry, N, Daylight, Hit Pedestrian, Minor Injury, N, N
US, 2, 0, 0, 0, 2017, January, Wednesday, 5:20 pm, 90, Dry, N, Night, Rear End, Not Injured, N, N
US, 4, 0, 0, 0, 2017, January, Wednesday, 5:55 pm, 90, Dry, N, Night, Right Angle, Not Injured, N, N
US, 2, 0, 0, 0, 2017, January, Friday, 12:19 am, 40, Dry, N, Daylight, Right Angle, Not Injured, N, N
US, 2, 0, 0, 0, 2017, January, Monday, 6:40 pm, 60, Dry, N, Night, Right Angle, Minor Injury, N, N