Nation,Total Units,Total Fatalities,Total Serious Injuries,Total Minor Injuries,Year,Month,Day,Time,Speed Limit,Moisture,Adverse Weather Conditions,DayNight,Crash Type,Crash Severity,Alcohol Related ,Drug Related
US, 2, 0, 0, 0, 2017, January, Thursday, 10:30 pm, 40, Dry, Y, Night, Rear End, Not Injured, N, N
US, 2, 0, 0, 1, 2017, January, Thursday, 7:58 pm, 40, Dry, Y, Night, Rear End, Minor Injury, N, N
US, 3, 0, 0, 1, 2017, January, Friday, 6:35 pm, 40, Dry, N, Night, Rear End, Minor Injury, N, N
US, 2, 0, 0, 0, 2017, January, Friday, 7:43 pm, 40, Dry, N, Night, Right Angle, Not Injured, N, N
US, 2, 0, 0, 0, 2017, January, Friday, 8:00 pm, 40, Dry, N, Night, Side Swipe, Not Injured, N, N
US, 3, 0, 0, 0, 2017, January, Saturday, 12:54 am, 40, Dry, N, Night, Side Swipe, Not Injured, Y, N
US, 2, 0, 0, 0, 2017, January, Wednesday, 9:38 am, 90, Dry, N, Daylight, Rear End, Not Injured, N, N
US, 2, 0, 0, 0, 2017, January, Friday, 9:49 am, 40, Wet, Y, Daylight, Right Angle, Not Injured, N, N
US, 2, 0, 0, 0, 2017, January, Saturday, 10:45 am, 40, Dry, N, Daylight, Right Angle, Not Injured, N, N
US, 3, 0, 0, 1, 2017, January, Saturday, 9:55 am, 40, Dry, N, Daylight, Right Angle, Minor Injury, N, N
US, 2, 0, 0, 0, 2017, January, Saturday, 1:30 pm, 40, Dry, N, Daylight, Right Angle, Not Injured, N, N
US, 2, 0, 0, 1, 2017, January, Friday, 4:37 pm, 60, Dry, N, Daylight, Rear End, Minor Injury, N, N
US, 4, 0, 1, 0, 2017, January, Saturday, 4:42 pm, 60, Dry, N, Daylight, Rear End, Major Injury, N, N
US, 2, 0, 0, 0, 2017, January, Thursday, 11:12 pm, 60, Dry, Y, Night, Right Angle, Not Injured, N, N
US, 3, 0, 0, 0, 2017, January, Friday, 4:56 pm, 90, Dry, N, Daylight, Rear End, Not Injured, N, N
US, 2, 0, 0, 0, 2017, January, Saturday, 9:38 pm, 90, Dry, N, Night, Right Angle, Not Injured, N, N
US, 2, 0, 0, 0, 2017, January, Saturday, 2:45 pm, 60, Dry, N, Daylight, Rear End, Minor Injury, N, N
US, 2, 0, 0, 0, 2017, January, Monday, 1:53 pm, 70, Wet, Y, Daylight, Side Swipe, Not Injured, N, N
US, 2, 0, 1, 1, 2017, January, Thursday, 10:48 am, 40, Dry, N, Daylight, Right Angle, Major Injury, Y, N
US, 2, 0, 0, 0, 2017, January, Saturday, 9:04 pm, 40, Dry, N, Night, Rear End, Not Injured, N, N
US, 2, 0, 0, 0, 2017, January, Sunday, 10:06 am, 60, Dry, N, Daylight, Right Angle, Minor Injury, N, N
US, 2, 0, 0, 0, 2017, January, Sunday, 7:40 am, 40, Dry, N, Daylight, Right Angle, Not Injured, N, N
US, 2, 0, 0, 0, 2017, January, Sunday, 11:00 am, 20, Dry, N, Daylight, Right Angle, Not Injured, N, N
US, 2, 0, 0, 0, 2017, January, Sunday, 1:30 pm, 60, Dry, N, Daylight, Right Angle, Not Injured, N, N
US, 2, 0, 0, 0, 2017, January, Sunday, 12:40 am, 60, Dry, N, Daylight, Right Angle, Not Injured, N, N
US, 3, 0, 0, 0, 2017, January, Saturday, 10:23 pm, 40, Dry, N, Night, Rear End, Not Injured, N, N
US, 2, 0, 0, 0, 2017, January, Sunday, 9:00 pm, 40, Dry, N, Night, Right Angle, Minor Injury, N, N
US, 2, 0, 0, 0, 2017, January, Sunday, 9:20 pm, 40, Dry, N, Night, Right Angle, Minor Injury, N, N
US, 2, 0, 0, 1, 2017, January, Sunday, 7:19 pm, 60, Dry, N, Night, Rear End, Minor Injury, N, N
US, 2, 0, 0, 0, 2017, January, Monday, 12:10 am, 40, Dry, N, Night, Right Angle, Not Injured, N, N
US, 2, 0, 0, 0, 2017, January, Sunday, 11:12 pm, 40, Dry, N, Night, Rear End, Minor Injury, Y, N
US, 2, 0, 0, 0, 2017, January, Monday, 7:46 am, 60, Dry, N, Daylight, Side Swipe, Not Injured, N, N
US, 2, 0, 0, 0, 2017, January, Monday, 9:00 am, 40, Dry, N, Daylight, Right Angle, Not Injured, N, N
US, 2, 0, 0, 0, 2017, January, Saturday, 12:20 am, 40, Dry, N, Daylight, Right Angle, Not Injured, N, N
US, 2, 0, 0, 0, 2017, January, Monday, 10:20 am, 40, Dry, N, Daylight, Side Swipe, Not Injured, N, N
US, 3, 0, 0, 0, 2017, January, Tuesday, 12:19 am, 60, Wet, Y, Daylight, Right Angle, Not Injured, N, N
US, 2, 0, 0, 0, 2017, January, Monday, 2:05 pm, 40, Wet, N, Daylight, Right Angle, Not Injured, N, N
US, 2, 0, 0, 1, 2017, January, Monday, 7:54 am, 60, Dry, N, Daylight, Rear End, Minor Injury, N, N
US, 2, 0, 0, 0, 2017, January, Saturday, 2:37 pm, 40, Dry, N, Daylight, Right Angle, Not Injured, N, N
US, 2, 0, 0, 0, 2017, January, Monday, 6:01 pm, 60, Dry, N, Night, Right Angle, Minor Injury, N, N
US, 2, 0, 0, 0, 2017, January, Monday, 5:42 pm, 40, Dry, N, Night, Head On, Not Injured, N, N
US, 2, 0, 0, 0, 2017, January, Monday, 8:50 pm, 60, Dry, N, Night, Right Angle, Not Injured, N, N
US, 5, 0, 0, 0, 2017, January, Monday, 6:30 am, 40, Dry, N, Daylight, Rear End, Not Injured, N, N
US, 2, 0, 0, 0, 2017, January, Tuesday, 2:00 am, 40, Dry, N, Night, Rear End, Not Injured, Y, N
US, 2, 0, 0, 0, 2017, January, Monday, 6:15 pm, 60, Dry, N, Night, Rear End, Minor Injury, Y, N
US, 2, 0, 0, 0, 2017, January, Sunday, 1:39 pm, 40, Wet, Y, Daylight, Right Angle, Not Injured, N, N
US, 2, 0, 0, 0, 2017, January, Sunday, 1:48 pm, 40, Dry, N, Daylight, Right Angle, Not Injured, N, N
US, 2, 0, 0, 0, 2017, January, Tuesday, 9:45 am, 90, Dry, N, Daylight, Side Swipe, Not Injured, N, N
US, 2, 0, 0, 0, 2017, January, Tuesday, 7:30 am, 40, Dry, Y, Daylight, Side Swipe, Not Injured, N, N
US, 2, 0, 0, 0, 2017, January, Tuesday, 1:29 pm, 40, Wet, Y, Daylight, Right Angle, Not Injured, N, N
US, 2, 0, 0, 1, 2017, January, Tuesday, 3:40 pm, 40, Wet, Y, Daylight, Head On, Minor Injury, N, N
US, 3, 0, 0, 0, 2017, January, Wednesday, 4:03 pm, 60, Dry, N, Daylight, Rear End, Not Injured, N, N
US, 2, 0, 0, 0, 2017, January, Tuesday, 5:37 pm, 60, Wet, N, Night, Right Angle, Minor Injury, N, N
US, 2, 0, 0, 0, 2017, January, Tuesday, 7:13 pm, 40, Dry, N, Night, Right Angle, Not Injured, N, N
US, 2, 0, 0, 0, 2017, January, Tuesday, 6:30 pm, 60, Wet, N, Night, Rear End, Not Injured, N, N
US, 2, 0, 0, 0, 2017, January, Tuesday, 6:40 am, 40, Dry, Y, Night, Right Angle, Not Injured, N, N
US, 3, 0, 0, 0, 2017, January, Tuesday, 10:07 pm, 40, Wet, Y, Night, Side Swipe, Not Injured, N, N
US, 2, 0, 0, 0, 2017, January, Wednesday, 1:21 am, 40, Wet, Y, Night, Right Angle, Not Injured, N, N
US, 3, 0, 0, 0, 2017, January, Wednesday, 1:40 am, 60, Dry, N, Night, Head On, Not Injured, N, Y
US, 3, 0, 0, 0, 2017, January, Wednesday, 5:40 pm, 90, Dry, N, Night, Rear End, Minor Injury, N, N
US, 2, 0, 0, 1, 2017, January, Tuesday, 3:06 pm, 50, Dry, N, Daylight, Rear End, Minor Injury, N, N
US, 2, 0, 0, 0, 2017, January, Monday, 3:36 pm, 60, Dry, N, Daylight, Rear End, Not Injured, N, N
US, 2, 0, 0, 0, 2017, January, Wednesday, 8:40 am, 40, Wet, Y, Daylight, Rear End, Not Injured, N, N
US, 2, 0, 0, 0, 2017, January, Wednesday, 6:50 am, 40, Dry, Y, Night, Right Angle, Not Injured, N, N
US, 2, 0, 0, 0, 2017, January, Sunday, 11:51 pm, 70, Dry, N, Night, Head On, Minor Injury, N, N
US, 2, 0, 0, 0, 2017, January, Wednesday, 12:58 am, 90, Dry, N, Daylight, Right Angle, Not Injured, N, N
US, 2, 0, 0, 0, 2017, January, Monday, 8:23 am, 90, Dry, N, Daylight, Rear End, Not Injured, N, N
US, 3, 0, 0, 0, 2017, January, Wednesday, 6:10 pm, 40, Wet, Y, Night, Right Angle, Not Injured, N, N
US, 2, 0, 0, 0, 2017, January, Wednesday, 7:17 pm, 40, Wet, Y, Night, Hit Pedestrian, Minor Injury, N, N
US, 2, 0, 0, 0, 2017, January, Wednesday, 5:26 pm, 90, Wet, Y, Night, Side Swipe, Not Injured, N, N
US, 2, 0, 1, 0, 2017, January, Wednesday, 7:34 am, 70, Dry, N, Daylight, Head On, Major Injury, N, N
US, 3, 0, 0, 0, 2017, January, Saturday, 2:23 am, 40, Dry, N, Night, Head On, Not Injured, Y, N
US, 2, 0, 0, 0, 2017, January, Sunday, 11:21 pm, 40, Dry, N, Night, Right Angle, Minor Injury, N, N
US, 2, 0, 0, 0, 2017, January, Monday, 12:41 am, 40, Dry, N, Daylight, Rear End, Not Injured, N, N
US, 3, 0, 0, 0, 2017, January, Monday, 7:29 pm, 60, Dry, N, Night, Rear End, Not Injured, N, N
US, 2, 0, 0, 0, 2017, January, Thursday, 5:34 pm, 40, Wet, Y, Night, Right Angle, Not Injured, N, N
US, 2, 0, 0, 0, 2017, January, Thursday, 9:17 am, 40, Wet, N, Daylight, Right Angle, Not Injured, N, N
US, 2, 0, 0, 0, 2017, January, Tuesday, 6:27 pm, 60, Wet, Y, Night, Head On, Not Injured, N, N
US, 2, 0, 0, 0, 2017, January, Thursday, 9:45 am, 50, Dry, N, Daylight, Right Angle, Not Injured, N, N
US, 2, 0, 0, 0, 2017, January, Thursday, 12:35 am, 40, Dry, N, Daylight, Rear End, Not Injured, N, N
US, 2, 0, 0, 0, 2017, January, Thursday, 2:35 pm, 40, Dry, N, Daylight, Side Swipe, Not Injured, N, N
US, 2, 0, 0, 2, 2017, January, Friday, 8:55 pm, 70, Wet, N, Night, Right Angle, Minor Injury, N, N
US, 2, 0, 0, 0, 2017, January, Wednesday, 1:51 pm, 60, Dry, N, Daylight, Rear End, Not Injured, N, N
US, 2, 0, 0, 0, 2017, January, Tuesday, 5:43 pm, 40, Wet, N, Night, Right Angle, Not Injured, N, N
US, 2, 0, 0, 0, 2017, January, Saturday, 11:27 am, 30, Dry, N, Daylight, Right Angle, Not Injured, N, N
US, 2, 0, 0, 0, 2017, January, Thursday, 6:44 pm, 50, Wet, Y, Night, Head On, Not Injured, N, N
US, 2, 0, 0, 1, 2017, January, Thursday, 2:30 pm, 40, Wet, Y, Daylight, Right Angle, Minor Injury, N, N
US, 2, 0, 0, 0, 2017, January, Thursday, 5:42 am, 60, Wet, N, Night, Right Angle, Minor Injury, N, N
US, 2, 0, 0, 1, 2017, January, Friday, 6:30 am, 60, Dry, Y, Night, Side Swipe, Minor Injury, N, N
US, 3, 0, 0, 0, 2017, January, Thursday, 6:07 am, 40, Wet, N, Night, Rear End, Not Injured, N, N
US, 2, 0, 0, 0, 2017, January, Thursday, 3:30 pm, 40, Wet, Y, Daylight, Head On, Not Injured, N, N
US, 2, 0, 0, 0, 2017, January, Friday, 8:15 am, 60, Dry, N, Daylight, Right Angle, Not Injured, N, N
US, 2, 0, 0, 2, 2017, January, Friday, 8:12 am, 60, Dry, N, Daylight, Rear End, Minor Injury, N, N
US, 3, 0, 0, 2, 2017, January, Friday, 8:30 am, 50, Dry, N, Daylight, Rear End, Minor Injury, N, N
US, 2, 0, 0, 0, 2017, January, Friday, 9:20 am, 50, Dry, N, Daylight, Right Angle, Not Injured, N, N
US, 2, 0, 0, 0, 2017, January, Friday, 9:52 am, 40, Dry, N, Daylight, Side Swipe, Not Injured, N, N
US, 2, 0, 0, 0, 2017, January, Friday, 9:15 am, 40, Dry, N, Daylight, Right Angle, Not Injured, N, N
US, 2, 0, 1, 0, 2017, January, Friday, 11:10 am, 60, Dry, N, Daylight, Rear End, Major Injury, N, N
US, 2, 0, 0, 0, 2017, January, Friday, 12:05 am, 60, Dry, N, Daylight, Side Swipe, Not Injured, N, N
US, 2, 0, 0, 0, 2017, January, Friday, 12:53 am, 60, Dry, N, Daylight, Rear End, Not Injured, N, N
US, 2, 0, 0, 0, 2017, January, Friday, 8:44 am, 60, Dry, N, Daylight, Rear End, Not Injured, N, N
US, 3, 0, 0, 1, 2017, January, Friday, 5:40 pm, 40, Dry, N, Night, Rear End, Minor Injury, N, N
US, 2, 0, 0, 0, 2017, January, Friday, 4:20 pm, 40, Dry, N, Daylight, Rear End, Minor Injury, N, N
US, 2, 0, 0, 0, 2017, January, Friday, 6:25 pm, 40, Dry, N, Night, Head On, Not Injured, N, N
US, 2, 0, 0, 0, 2017, January, Friday, 5:14 pm, 60, Dry, N, Daylight, Right Angle, Not Injured, N, N
US, 2, 0, 0, 0, 2017, January, Friday, 7:47 pm, 40, Dry, N, Night, Side Swipe, Not Injured, N, N
US, 2, 0, 0, 0, 2017, January, Saturday, 12:45 am, 40, Dry, N, Night, Head On, Not Injured, Y, N
US, 2, 0, 1, 0, 2017, January, Saturday, 1:00 am, 40, Dry, N, Night, Hit Pedestrian, Major Injury, Y, N
US, 2, 0, 0, 2, 2017, January, Friday, 6:49 pm, 40, Dry, N, Night, Right Angle, Minor Injury, N, N
US, 2, 0, 0, 0, 2017, January, Friday, 1:25 pm, 40, Dry, N, Daylight, Rear End, Not Injured, N, N
US, 2, 0, 0, 0, 2017, January, Friday, 12:36 am, 30, Dry, N, Daylight, Right Angle, Not Injured, N, N
US, 2, 0, 0, 0, 2017, January, Saturday, 8:39 am, 40, Dry, N, Daylight, Head On, Not Injured, N, N
US, 2, 0, 0, 1, 2017, January, Saturday, 11:25 am, 40, Dry, N, Daylight, Right Angle, Minor Injury, N, N
US, 2, 0, 0, 0, 2017, January, Saturday, 3:15 pm, 40, Wet, Y, Daylight, Rear End, Not Injured, N, N
US, 2, 0, 0, 1, 2017, January, Monday, 7:07 am, 40, Dry, N, Daylight, Rear End, Minor Injury, N, N
US, 3, 0, 0, 1, 2017, January, Saturday, 3:59 pm, 60, Wet, N, Daylight, Rear End, Minor Injury, Y, N
US, 2, 0, 1, 0, 2017, January, Saturday, 6:12 pm, 40, Wet, Y, Night, Hit Pedestrian, Major Injury, Y, N
US, 2, 0, 0, 1, 2017, January, Saturday, 6:43 pm, 40, Dry, N, Night, Rear End, Minor Injury, N, N
US, 3, 0, 0, 0, 2017, January, Saturday, 5:09 am, 40, Dry, N, Night, Rear End, Not Injured, N, N
US, 2, 0, 0, 0, 2017, January, Saturday, 11:23 pm, 60, Dry, N, Night, Rear End, Not Injured, N, N
US, 2, 0, 0, 1, 2017, January, Sunday, 10:48 am, 60, Dry, N, Daylight, Head On, Minor Injury, N, N
US, 3, 0, 0, 0, 2017, January, Wednesday, 8:06 am, 90, Dry, N, Daylight, Rear End, Not Injured, N, N
US, 2, 0, 0, 0, 2017, January, Sunday, 5:05 pm, 40, Dry, N, Night, Right Angle, Not Injured, N, N
US, 2, 0, 0, 0, 2017, January, Saturday, 8:40 am, 110, Wet, N, Daylight, Right Angle, Not Injured, N, N
US, 2, 0, 0, 0, 2017, January, Wednesday, 6:37 pm, 60, Wet, Y, Night, Right Angle, Not Injured, N, N
US, 2, 0, 0, 0, 2017, January, Sunday, 6:43 pm, 40, Dry, N, Night, Side Swipe, Not Injured, N, N
US, 2, 0, 0, 0, 2017, January, Sunday, 7:40 pm, 40, Dry, N, Night, Right Angle, Not Injured, N, N
US, 2, 0, 0, 0, 2017, January, Saturday, 11:25 pm, 40, Dry, N, Night, Right Angle, Not Injured, Y, N
US, 2, 0, 0, 0, 2017, January, Saturday, 12:39 am, 60, Dry, N, Night, Head On, Minor Injury, N, N
US, 4, 0, 0, 0, 2017, January, Sunday, 2:53 am, 40, Dry, N, Night, Rear End, Not Injured, Y, N
US, 3, 0, 0, 0, 2017, January, Sunday, 12:49 am, 40, Dry, N, Night, Side Swipe, Not Injured, N, N
US, 2, 0, 0, 0, 2017, January, Monday, 2:20 am, 60, Dry, N, Night, Side Swipe, Not Injured, N, N
US, 2, 0, 0, 0, 2017, January, Sunday, 2:10 am, 40, Dry, N, Night, Right Angle, Not Injured, Y, N
US, 2, 0, 0, 0, 2017, January, Monday, 9:05 am, 40, Dry, N, Daylight, Right Angle, Not Injured, N, N
US, 3, 0, 0, 0, 2017, January, Monday, 8:36 am, 40, Dry, N, Daylight, Right Angle, Minor Injury, N, Y
US, 4, 0, 0, 0, 2017, January, Monday, 7:22 am, 60, Dry, N, Daylight, Right Angle, Not Injured, N, N
US, 2, 0, 0, 0, 2017, January, Wednesday, 12:53 am, 40, Dry, N, Daylight, Rear End, Not Injured, N, N
US, 2, 0, 0, 0, 2017, January, Friday, 6:54 pm, 60, Dry, N, Night, Head On, Not Injured, N, N
US, 2, 0, 0, 1, 2017, January, Friday, 8:41 pm, 40, Dry, N, Night, Head On, Minor Injury, Y, N
US, 2, 0, 0, 0, 2017, January, Thursday, 6:20 am, 90, Wet, N, Night, Right Angle, Minor Injury, N, N
US, 2, 0, 0, 0, 2017, January, Monday, 4:45 pm, 40, Dry, N, Night, Rear End, Not Injured, N, N
US, 2, 0, 0, 2, 2017, January, Monday, 3:51 pm, 40, Wet, N, Daylight, Rear End, Minor Injury, N, N
US, 2, 0, 1, 0, 2017, January, Monday, 3:30 pm, 60, Dry, N, Daylight, Rear End, Major Injury, N, N
US, 2, 0, 0, 0, 2017, January, Monday, 9:17 pm, 40, Wet, N, Night, Rear End, Not Injured, Y, N
US, 2, 0, 0, 0, 2017, January, Monday, 6:22 pm, 60, Dry, N, Night, Rear End, Not Injured, Y, N
US, 2, 0, 0, 0, 2017, January, Monday, 1:28 am, 20, Dry, N, Night, Right Angle, Minor Injury, N, N
US, 2, 0, 0, 0, 2017, January, Wednesday, 8:23 am, 60, Dry, N, Daylight, Head On, Minor Injury, N, N
US, 2, 0, 0, 0, 2017, January, Monday, 9:10 am, 40, Dry, N, Daylight, Right Angle, Not Injured, N, N
US, 2, 0, 0, 1, 2017, January, Tuesday, 9:07 am, 40, Wet, Y, Daylight, Right Angle, Minor Injury, N, N
US, 4, 0, 0, 0, 2017, January, Thursday, 7:40 am, 60, Wet, N, Daylight, Rear End, Minor Injury, N, N
US, 2, 0, 0, 0, 2017, January, Thursday, 8:45 am, 40, Wet, Y, Daylight, Head On, Not Injured, N, N
US, 2, 0, 1, 0, 2017, January, Tuesday, 9:15 am, 40, Wet, Y, Daylight, Rear End, Major Injury, N, N
US, 2, 0, 0, 1, 2017, January, Monday, 11:01 pm, 40, Dry, N, Night, Right Angle, Minor Injury, N, N
US, 3, 0, 0, 0, 2017, January, Tuesday, 3:13 pm, 40, Dry, N, Daylight, Head On, Not Injured, N, N
US, 2, 0, 0, 1, 2017, January, Friday, 12:16 am, 60, Dry, N, Daylight, Rear End, Minor Injury, N, N
US, 2, 0, 0, 0, 2017, January, Monday, 1:31 pm, 60, Dry, N, Daylight, Rear End, Minor Injury, N, N
US, 2, 0, 0, 0, 2017, January, Tuesday, 4:56 pm, 90, Wet, Y, Night, Rear End, Not Injured, N, N
US, 3, 0, 0, 2, 2017, January, Tuesday, 7:04 pm, 90, Wet, Y, Night, Rear End, Minor Injury, N, N
US, 2, 0, 0, 0, 2017, January, Thursday, 8:45 pm, 90, Dry, N, Night, Rear End, Not Injured, N, N
US, 3, 0, 0, 0, 2017, January, Tuesday, 5:15 pm, 60, Wet, Y, Night, Right Angle, Not Injured, N, N
US, 2, 0, 0, 1, 2017, January, Tuesday, 5:02 pm, 60, Wet, Y, Daylight, Right Angle, Minor Injury, N, N
US, 4, 0, 0, 0, 2017, January, Saturday, 1:10 am, 40, Dry, N, Night, Rear End, Minor Injury, Y, N
US, 2, 0, 0, 0, 2017, January, Tuesday, 11:20 pm, 90, Wet, Y, Night, Rear End, Not Injured, N, N
US, 2, 0, 0, 0, 2017, January, Tuesday, 6:00 am, 40, Wet, Y, Night, Right Angle, Not Injured, N, N
US, 3, 0, 0, 0, 2017, January, Wednesday, 3:25 am, 40, Wet, Y, Night, Rear End, Not Injured, Y, N
US, 2, 0, 0, 1, 2017, January, Saturday, 9:17 pm, 40, Dry, N, Night, Right Angle, Minor Injury, N, N
US, 3, 0, 0, 0, 2017, January, Monday, 10:35 am, 90, Dry, N, Daylight, Rear End, Not Injured, N, N
US, 2, 0, 0, 0, 2017, January, Friday, 6:52 pm, 90, Dry, N, Night, Rear End, Not Injured, N, N
US, 2, 0, 0, 0, 2017, January, Wednesday, 7:00 am, 40, Wet, Y, Night, Head On, Not Injured, N, N
US, 2, 0, 0, 0, 2017, January, Friday, 2:45 pm, 70, Dry, N, Daylight, Right Angle, Not Injured, N, N
US, 2, 0, 0, 0, 2017, January, Sunday, 9:39 am, 60, Dry, N, Daylight, Rear End, Not Injured, N, N
US, 2, 0, 0, 0, 2017, January, Monday, 1:50 pm, 50, Dry, N, Daylight, Right Angle, Not Injured, N, N
US, 2, 0, 0, 0, 2017, January, Wednesday, 9:25 am, 40, Wet, N, Daylight, Side Swipe, Not Injured, N, N
US, 2, 0, 0, 0, 2017, January, Tuesday, 4:24 pm, 60, Wet, Y, Daylight, Rear End, Not Injured, N, N
US, 2, 0, 0, 0, 2017, January, Wednesday, 8:17 am, 20, Dry, N, Daylight, Right Angle, Not Injured, N, N
US, 2, 0, 0, 0, 2017, January, Wednesday, 11:57 am, 60, Dry, N, Daylight, Rear End, Not Injured, N, N
US, 2, 0, 0, 0, 2017, January, Wednesday, 11:25 am, 40, Dry, N, Daylight, Rear End, Not Injured, N, N
US, 2, 0, 0, 0, 2017, January, Tuesday, 9:11 pm, 50, Wet, N, Night, Head On, Not Injured, N, N
US, 2, 0, 0, 0, 2017, January, Tuesday, 10:54 am, 90, Wet, Y, Daylight, Rear End, Not Injured, N, N
US, 3, 0, 0, 0, 2017, January, Monday, 5:16 pm, 60, Dry, N, Night, Side Swipe, Not Injured, N, N
US, 2, 0, 1, 0, 2017, January, Wednesday, 4:50 pm, 40, Dry, N, Daylight, Hit Pedestrian, Major Injury, N, N
US, 2, 0, 0, 0, 2017, January, Wednesday, 3:56 pm, 40, Dry, N, Daylight, Right Angle, Not Injured, N, N
US, 2, 0, 0, 0, 2017, January, Wednesday, 6:30 pm, 90, Dry, N, Night, Rear End, Not Injured, N, N
US, 3, 0, 0, 0, 2017, January, Wednesday, 7:50 pm, 40, Dry, N, Night, Rear End, Not Injured, Y, N
US, 2, 0, 0, 0, 2017, January, Wednesday, 7:57 pm, 60, Dry, N, Night, Right Angle, Not Injured, N, N
US, 2, 0, 0, 0, 2017, January, Tuesday, 8:08 am, 90, Wet, Y, Daylight, Rear End, Not Injured, N, N
US, 2, 0, 0, 0, 2017, January, Thursday, 5:30 am, 40, Dry, N, Night, Right Angle, Not Injured, N, N
US, 2, 0, 0, 0, 2017, January, Thursday, 8:50 am, 40, Dry, N, Daylight, Rear End, Not Injured, N, N
US, 2, 0, 0, 0, 2017, January, Thursday, 8:45 am, 60, Dry, N, Daylight, Right Angle, Not Injured, N, N
US, 2, 0, 0, 0, 2017, January, Tuesday, 1:05 pm, 60, Wet, Y, Daylight, Rear End, Not Injured, N, N
US, 2, 0, 0, 0, 2017, January, Thursday, 7:15 am, 70, Dry, N, Daylight, Rear End, Not Injured, Y, N
US, 2, 0, 0, 0, 2017, January, Thursday, 7:05 pm, 40, Dry, N, Night, Rear End, Not Injured, N, N
US, 2, 0, 0, 0, 2017, January, Thursday, 3:30 pm, 40, Dry, N, Daylight, Right Angle, Not Injured, N, N
US, 2, 0, 0, 0, 2017, January, Thursday, 3:37 pm, 40, Wet, Y, Daylight, Side Swipe, Not Injured, N, Y
US, 2, 0, 0, 0, 2017, January, Thursday, 4:12 pm, 60, Dry, N, Daylight, Rear End, Minor Injury, N, N
US, 3, 0, 0, 0, 2017, January, Tuesday, 5:35 pm, 20, Wet, Y, Night, Rear End, Not Injured, N, N
US, 3, 0, 0, 0, 2017, January, Tuesday, 5:38 pm, 90, Wet, Y, Night, Rear End, Not Injured, N, N
US, 3, 0, 0, 0, 2017, January, Thursday, 6:42 pm, 90, Dry, N, Night, Rear End, Not Injured, N, N
US, 2, 0, 0, 1, 2017, January, Thursday, 4:50 pm, 70, Dry, N, Daylight, Right Angle, Minor Injury, N, N
US, 2, 0, 0, 1, 2017, January, Thursday, 5:30 pm, 20, Dry, N, Night, Right Angle, Minor Injury, N, N
US, 2, 0, 0, 0, 2017, January, Thursday, 6:49 pm, 70, Dry, N, Night, Right Angle, Not Injured, N, N
US, 2, 0, 0, 0, 2017, January, Thursday, 4:34 pm, 60, Dry, N, Daylight, Head On, Minor Injury, Y, N
US, 2, 0, 0, 0, 2017, January, Thursday, 6:40 pm, 60, Dry, N, Night, Right Angle, Not Injured, N, N
US, 2, 0, 0, 0, 2017, January, Tuesday, 7:25 pm, 40, Wet, N, Night, Right Angle, Not Injured, N, N
US, 2, 0, 0, 0, 2017, January, Thursday, 6:36 pm, 60, Dry, N, Night, Rear End, Not Injured, N, N
US, 2, 0, 0, 0, 2017, January, Thursday, 6:45 am, 60, Dry, N, Daylight, Rear End, Not Injured, N, N
US, 2, 0, 0, 0, 2017, January, Friday, 7:11 am, 60, Wet, Y, Daylight, Head On, Not Injured, N, N
US, 2, 0, 0, 0, 2017, January, Friday, 9:20 pm, 60, Dry, N, Night, Rear End, Not Injured, N, N
US, 2, 0, 0, 0, 2017, January, Friday, 11:12 am, 40, Wet, Y, Daylight, Rear End, Not Injured, N, N
US, 2, 0, 0, 0, 2017, January, Friday, 3:28 pm, 40, Wet, Y, Daylight, Rear End, Minor Injury, N, N
US, 2, 1, 0, 0, 2017, January, Tuesday, 7:40 pm, 20, Wet, N, Night, Hit Pedestrian, Fatal, N, N
US, 2, 0, 0, 0, 2017, January, Friday, 5:00 pm, 60, Wet, N, Night, Right Angle, Not Injured, N, N
US, 2, 0, 0, 0, 2017, January, Thursday, 8:00 pm, 60, Dry, N, Night, Right Angle, Not Injured, N, N
US, 2, 0, 0, 0, 2017, January, Thursday, 5:24 am, 90, Dry, N, Night, Right Angle, Not Injured, N, N
US, 2, 0, 0, 0, 2017, January, Friday, 4:56 pm, 40, Wet, N, Daylight, Right Angle, Minor Injury, N, N
US, 2, 0, 0, 0, 2017, January, Friday, 6:25 pm, 20, Dry, N, Night, Right Angle, Not Injured, N, N
US, 2, 0, 0, 0, 2017, January, Friday, 7:15 pm, 60, Wet, N, Night, Rear End, Not Injured, N, N
US, 3, 0, 0, 0, 2017, January, Friday, 2:15 am, 20, Dry, N, Night, Side Swipe, Not Injured, N, N
US, 4, 0, 0, 0, 2017, January, Friday, 8:20 pm, 40, Dry, N, Night, Side Swipe, Not Injured, N, Y
US, 2, 0, 0, 1, 2017, January, Saturday, 2:47 am, 40, Wet, N, Night, Side Swipe, Minor Injury, Y, N