Nation,Total Units,Total Fatalities,Total Serious Injuries,Total Minor Injuries,Year,Month,Day,Time,Speed Limit,Moisture,Adverse Weather Conditions,DayNight,Crash Type,Crash Severity,Alcohol Related ,Drug Related
US, 2, 0, 0, 0, 2017, February, Thursday, 3:45 am, 60, Dry, N, Night, Right Angle, Minor Injury, N, N
US, 2, 0, 0, 0, 2017, February, Friday, 3:11 am, 60, Dry, N, Night, Side Swipe, Not Injured, Y, N
US, 3, 0, 0, 0, 2017, January, Monday, 10:17 am, 90, Wet, N, Daylight, Right Angle, Not Injured, N, N
US, 2, 0, 0, 0, 2017, February, Thursday, 9:57 am, 40, Wet, Y, Daylight, Rear End, Not Injured, N, N
US, 2, 0, 0, 0, 2017, February, Friday, 6:14 am, 40, Dry, N, Night, Right Angle, Not Injured, N, N
US, 2, 0, 0, 0, 2017, February, Thursday, 2:28 pm, 60, Dry, N, Daylight, Right Angle, Not Injured, N, N
US, 2, 0, 0, 0, 2017, February, Wednesday, 12:49 am, 40, Dry, N, Daylight, Side Swipe, Not Injured, N, N
US, 2, 0, 0, 0, 2017, January, Tuesday, 9:17 am, 90, Dry, Y, Daylight, Head On, Minor Injury, N, N
US, 2, 0, 0, 0, 2017, February, Thursday, 2:39 pm, 60, Dry, N, Daylight, Head On, Not Injured, N, N
US, 2, 0, 0, 2, 2017, January, Monday, 8:17 pm, 60, Dry, N, Night, Rear End, Minor Injury, N, N
US, 2, 0, 0, 0, 2017, February, Friday, 1:15 pm, 40, Dry, N, Daylight, Right Angle, Not Injured, N, N
US, 2, 0, 0, 0, 2017, February, Friday, 9:53 am, 50, Dry, N, Daylight, Head On, Not Injured, N, N
US, 2, 0, 0, 0, 2017, February, Thursday, 3:42 pm, 40, Dry, N, Daylight, Right Angle, Not Injured, N, N
US, 2, 0, 0, 0, 2017, February, Friday, 7:01 am, 60, Dry, N, Daylight, Right Angle, Not Injured, N, N
US, 2, 0, 0, 0, 2017, February, Thursday, 6:41 pm, 60, Dry, N, Night, Side Swipe, Not Injured, Y, N
US, 2, 0, 0, 0, 2017, February, Friday, 4:49 pm, 60, Dry, N, Daylight, Rear End, Minor Injury, N, N
US, 2, 0, 0, 1, 2017, February, Friday, 5:47 pm, 50, Dry, N, Night, Side Swipe, Minor Injury, N, N
US, 2, 0, 0, 0, 2017, February, Friday, 6:35 pm, 60, Dry, N, Night, Right Angle, Minor Injury, N, N
US, 2, 0, 0, 0, 2017, February, Friday, 6:46 pm, 40, Dry, N, Night, Rear End, Not Injured, N, N
US, 2, 0, 0, 0, 2017, February, Friday, 8:55 pm, 40, Dry, N, Night, Right Angle, Minor Injury, N, N
US, 2, 0, 0, 0, 2017, February, Friday, 9:34 pm, 40, Dry, N, Night, Head On, Not Injured, Y, N
US, 2, 0, 0, 0, 2017, February, Saturday, 1:10 am, 40, Dry, N, Night, Right Angle, Not Injured, Y, N
US, 2, 0, 0, 0, 2017, February, Saturday, 8:00 am, 40, Dry, N, Daylight, Rear End, Not Injured, N, N
US, 3, 0, 0, 0, 2017, February, Saturday, 8:38 am, 40, Dry, N, Daylight, Rear End, Not Injured, N, N
US, 2, 0, 0, 0, 2017, February, Wednesday, 11:02 am, 60, Dry, Y, Daylight, Rear End, Not Injured, N, N
US, 2, 0, 0, 1, 2017, February, Saturday, 9:55 am, 40, Dry, N, Daylight, Right Angle, Minor Injury, N, N
US, 2, 0, 0, 0, 2017, January, Tuesday, 3:50 pm, 40, Wet, N, Daylight, Head On, Not Injured, N, N
US, 2, 0, 0, 0, 2017, February, Friday, 5:15 am, 40, Dry, N, Night, Right Angle, Not Injured, Y, N
US, 2, 0, 0, 1, 2017, February, Saturday, 2:40 pm, 40, Dry, N, Daylight, Rear End, Minor Injury, N, N
US, 3, 0, 0, 0, 2017, February, Saturday, 6:25 pm, 60, Dry, N, Night, Rear End, Not Injured, N, N
US, 2, 0, 0, 1, 2017, February, Saturday, 3:24 pm, 60, Dry, N, Daylight, Right Angle, Minor Injury, N, N
US, 2, 0, 0, 0, 2017, February, Saturday, 6:30 pm, 40, Dry, N, Night, Side Swipe, Not Injured, N, N
US, 2, 0, 0, 0, 2017, February, Friday, 4:40 pm, 60, Dry, N, Daylight, Rear End, Not Injured, N, N
US, 2, 0, 0, 1, 2017, February, Saturday, 6:44 pm, 60, Dry, N, Night, Right Angle, Minor Injury, N, N
US, 2, 0, 0, 0, 2017, February, Saturday, 6:15 pm, 60, Dry, N, Night, Hit Pedestrian, Minor Injury, N, N
US, 2, 0, 0, 0, 2017, January, Tuesday, 4:31 pm, 90, Wet, Y, Daylight, Rear End, Not Injured, N, N
US, 2, 0, 0, 0, 2017, January, Monday, 11:35 pm, 90, Wet, N, Night, Rear End, Not Injured, N, Y
US, 2, 0, 0, 0, 2017, February, Friday, 2:40 pm, 40, Dry, N, Daylight, Rear End, Not Injured, N, N
US, 2, 0, 0, 0, 2017, February, Saturday, 6:00 pm, 40, Dry, N, Night, Hit Pedestrian, Minor Injury, N, N
US, 3, 0, 0, 1, 2017, February, Saturday, 1:07 pm, 60, Dry, N, Daylight, Right Angle, Minor Injury, N, N
US, 2, 0, 0, 0, 2017, February, Saturday, 2:25 pm, 40, Dry, N, Daylight, Rear End, Not Injured, N, N
US, 2, 0, 0, 2, 2017, February, Sunday, 10:21 am, 40, Dry, N, Daylight, Head On, Minor Injury, N, N
US, 2, 0, 0, 0, 2017, February, Sunday, 1:10 pm, 60, Dry, N, Daylight, Rear End, Minor Injury, N, N
US, 2, 0, 0, 0, 2017, February, Saturday, 3:37 pm, 50, Dry, N, Daylight, Right Angle, Not Injured, N, N
US, 2, 0, 0, 0, 2017, February, Sunday, 1:50 pm, 60, Dry, N, Daylight, Side Swipe, Not Injured, N, N
US, 2, 0, 0, 0, 2017, February, Thursday, 6:35 pm, 50, Dry, N, Night, Right Angle, Not Injured, N, N
US, 2, 0, 0, 1, 2017, February, Saturday, 3:46 pm, 70, Dry, N, Daylight, Rear End, Minor Injury, N, N
US, 2, 0, 0, 0, 2017, February, Sunday, 12:10 am, 90, Dry, N, Night, Right Angle, Minor Injury, Y, N
US, 2, 0, 0, 0, 2017, January, Friday, 9:31 am, 90, Dry, N, Daylight, Rear End, Minor Injury, N, N
US, 2, 0, 0, 0, 2017, February, Saturday, 7:00 pm, 40, Dry, N, Night, Side Swipe, Not Injured, N, N
US, 2, 0, 0, 0, 2017, February, Thursday, 5:12 pm, 90, Dry, N, Night, Right Angle, Not Injured, N, N
US, 3, 0, 0, 0, 2017, February, Monday, 2:25 am, 40, Wet, Y, Night, Head On, Not Injured, Y, N
US, 2, 0, 0, 0, 2017, February, Monday, 6:15 am, 40, Dry, N, Night, Right Angle, Not Injured, N, N
US, 3, 0, 0, 1, 2017, January, Tuesday, 7:17 am, 60, Wet, Y, Daylight, Rear End, Minor Injury, N, N
US, 3, 0, 0, 0, 2017, February, Monday, 11:00 am, 40, Dry, N, Daylight, Rear End, Not Injured, N, N
US, 2, 0, 0, 0, 2017, February, Monday, 7:34 pm, 70, Dry, N, Night, Rear End, Not Injured, N, N
US, 2, 0, 0, 0, 2017, February, Wednesday, 9:35 pm, 60, Dry, N, Night, Rear End, Not Injured, N, N
US, 2, 0, 0, 0, 2017, February, Sunday, 3:24 pm, 60, Dry, N, Daylight, Rear End, Not Injured, N, N
US, 3, 0, 0, 0, 2017, January, Sunday, 3:50 am, 40, Dry, Y, Night, Rear End, Minor Injury, N, N
US, 4, 0, 0, 0, 2017, February, Tuesday, 7:55 am, 40, Wet, Y, Daylight, Rear End, Not Injured, N, N
US, 2, 0, 0, 0, 2017, February, Friday, 9:53 pm, 60, Dry, N, Night, Side Swipe, Not Injured, Y, N
US, 2, 0, 0, 0, 2017, February, Tuesday, 9:50 am, 60, Wet, Y, Daylight, Right Angle, Not Injured, N, N
US, 2, 0, 0, 0, 2017, February, Monday, 9:44 am, 60, Dry, N, Daylight, Side Swipe, Not Injured, N, N
US, 2, 0, 0, 0, 2017, February, Tuesday, 6:35 am, 40, Wet, Y, Night, Side Swipe, Not Injured, N, N
US, 2, 0, 0, 0, 2017, February, Tuesday, 1:30 pm, 40, Wet, N, Daylight, Hit Pedestrian, Minor Injury, N, N
US, 3, 0, 0, 0, 2017, February, Tuesday, 2:44 pm, 60, Dry, N, Daylight, Rear End, Not Injured, N, N
US, 2, 0, 0, 0, 2017, February, Tuesday, 1:40 pm, 40, Wet, Y, Daylight, Right Angle, Not Injured, N, N
US, 3, 0, 0, 0, 2017, February, Tuesday, 3:44 pm, 60, Wet, Y, Daylight, Rear End, Not Injured, N, N
US, 2, 0, 0, 0, 2017, February, Tuesday, 4:56 pm, 60, Wet, N, Daylight, Right Angle, Not Injured, N, N
US, 2, 0, 0, 0, 2017, February, Tuesday, 4:15 pm, 40, Dry, N, Daylight, Right Angle, Not Injured, N, N
US, 2, 0, 0, 0, 2017, February, Monday, 4:15 am, 40, Dry, N, Night, Rear End, Not Injured, Y, N
US, 2, 0, 0, 0, 2017, February, Tuesday, 3:00 pm, 40, Wet, Y, Daylight, Side Swipe, Not Injured, N, N
US, 2, 0, 0, 0, 2017, February, Tuesday, 2:20 pm, 60, Wet, Y, Daylight, Right Angle, Minor Injury, N, N
US, 2, 0, 0, 0, 2017, February, Tuesday, 6:45 pm, 40, Wet, Y, Night, Hit Pedestrian, Minor Injury, N, N
US, 2, 0, 0, 0, 2017, February, Tuesday, 3:42 pm, 20, Wet, Y, Daylight, Right Angle, Minor Injury, N, N
US, 2, 0, 0, 0, 2017, February, Tuesday, 4:35 pm, 60, Wet, Y, Night, Right Angle, Minor Injury, N, N
US, 2, 0, 0, 0, 2017, February, Tuesday, 5:51 pm, 60, Wet, Y, Night, Right Angle, Not Injured, N, N
US, 2, 0, 1, 0, 2017, February, Sunday, 2:03 am, 40, Dry, N, Night, Hit Pedestrian, Major Injury, Y, N
US, 2, 0, 0, 0, 2017, February, Saturday, 1:06 pm, 40, Dry, N, Daylight, Right Angle, Not Injured, N, N
US, 2, 0, 0, 0, 2017, February, Monday, 12:25 am, 40, Dry, N, Daylight, Right Angle, Not Injured, N, N
US, 2, 0, 0, 0, 2017, February, Saturday, 10:44 am, 60, Dry, N, Daylight, Rear End, Not Injured, N, N
US, 2, 0, 0, 0, 2017, February, Wednesday, 9:08 am, 60, Dry, N, Daylight, Rear End, Not Injured, N, N
US, 2, 0, 0, 0, 2017, February, Wednesday, 7:25 am, 60, Dry, N, Daylight, Right Angle, Minor Injury, N, N
US, 3, 0, 0, 0, 2017, February, Wednesday, 9:21 am, 50, Dry, N, Daylight, Head On, Not Injured, N, N
US, 2, 0, 0, 0, 2017, February, Wednesday, 7:30 am, 60, Dry, N, Daylight, Rear End, Not Injured, N, N
US, 3, 0, 0, 0, 2017, February, Thursday, 3:40 pm, 60, Dry, N, Daylight, Rear End, Not Injured, N, N
US, 2, 0, 0, 1, 2017, February, Tuesday, 2:40 pm, 20, Wet, Y, Daylight, Right Angle, Minor Injury, N, N
US, 2, 0, 0, 0, 2017, February, Wednesday, 7:03 am, 60, Dry, N, Night, Right Angle, Not Injured, N, N
US, 2, 0, 0, 0, 2017, February, Tuesday, 12:20 am, 20, Wet, Y, Daylight, Right Angle, Not Injured, N, N
US, 2, 0, 0, 0, 2017, February, Wednesday, 3:20 pm, 40, Dry, N, Daylight, Side Swipe, Not Injured, N, N
US, 2, 0, 0, 0, 2017, February, Wednesday, 2:58 pm, 60, Dry, N, Daylight, Rear End, Not Injured, N, N
US, 3, 0, 0, 0, 2017, February, Wednesday, 7:29 am, 90, Wet, N, Night, Rear End, Not Injured, N, N
US, 2, 0, 0, 0, 2017, February, Monday, 12:13 am, 60, Dry, N, Daylight, Right Angle, Not Injured, N, N
US, 3, 0, 0, 1, 2017, February, Tuesday, 11:05 am, 60, Wet, Y, Daylight, Rear End, Minor Injury, N, N
US, 2, 0, 0, 0, 2017, January, Wednesday, 8:40 am, 90, Dry, N, Daylight, Rear End, Not Injured, N, N
US, 2, 0, 0, 0, 2017, February, Tuesday, 5:28 am, 40, Wet, Y, Night, Rear End, Not Injured, N, N
US, 2, 0, 0, 0, 2017, January, Wednesday, 7:21 pm, 90, Wet, N, Night, Rear End, Not Injured, N, N
US, 3, 0, 0, 0, 2017, February, Wednesday, 5:33 pm, 110, Wet, Y, Night, Rear End, Not Injured, N, N
US, 2, 0, 0, 0, 2017, February, Wednesday, 6:22 pm, 40, Wet, Y, Night, Right Angle, Not Injured, N, N
US, 2, 0, 0, 1, 2017, February, Friday, 4:55 pm, 60, Dry, N, Daylight, Rear End, Minor Injury, N, N
US, 4, 0, 0, 1, 2017, February, Tuesday, 10:00 pm, 40, Wet, Y, Night, Side Swipe, Minor Injury, N, N
US, 3, 0, 0, 0, 2017, February, Friday, 10:30 pm, 60, Dry, N, Night, Rear End, Not Injured, N, N
US, 2, 0, 0, 0, 2017, January, Tuesday, 6:53 pm, 90, Dry, N, Night, Rear End, Not Injured, N, N
US, 2, 0, 0, 0, 2017, February, Wednesday, 8:20 am, 90, Dry, N, Daylight, Rear End, Minor Injury, N, N
US, 2, 0, 0, 1, 2017, January, Wednesday, 4:40 pm, 40, Dry, N, Night, Right Angle, Minor Injury, N, N
US, 3, 0, 0, 2, 2017, February, Thursday, 6:25 am, 40, Dry, Y, Daylight, Hit Pedestrian, Minor Injury, N, N
US, 2, 0, 0, 1, 2017, February, Tuesday, 12:02 am, 40, Dry, N, Daylight, Right Angle, Minor Injury, N, N
US, 2, 0, 0, 0, 2017, February, Thursday, 8:10 am, 40, Dry, Y, Daylight, Side Swipe, Not Injured, N, N
US, 3, 0, 0, 0, 2017, February, Thursday, 8:58 am, 40, Wet, Y, Daylight, Rear End, Minor Injury, N, N
US, 2, 0, 0, 0, 2017, February, Thursday, 9:37 am, 60, Dry, N, Daylight, Side Swipe, Not Injured, N, N
US, 2, 0, 0, 0, 2017, February, Thursday, 10:07 am, 40, Dry, N, Daylight, Rear End, Not Injured, N, N
US, 2, 0, 0, 0, 2017, February, Thursday, 12:05 am, 60, Wet, Y, Daylight, Right Angle, Not Injured, N, N
US, 3, 0, 0, 0, 2017, February, Thursday, 4:10 pm, 40, Dry, Y, Daylight, Right Angle, Minor Injury, N, N
US, 2, 0, 0, 0, 2017, February, Thursday, 3:52 pm, 40, Dry, N, Daylight, Right Angle, Not Injured, N, N
US, 2, 0, 0, 1, 2017, February, Thursday, 5:20 pm, 60, Dry, Y, Night, Rear End, Minor Injury, N, N
US, 3, 0, 0, 0, 2017, February, Thursday, 6:10 pm, 60, Dry, Y, Night, Rear End, Not Injured, N, N
US, 2, 0, 0, 0, 2017, February, Wednesday, 10:15 pm, 40, Dry, Y, Night, Head On, Minor Injury, N, N
US, 2, 0, 0, 0, 2017, February, Thursday, 6:45 pm, 60, Dry, N, Night, Right Angle, Not Injured, N, N
US, 2, 0, 0, 1, 2017, February, Thursday, 6:15 pm, 40, Wet, Y, Night, Hit Pedestrian, Minor Injury, N, N
US, 2, 0, 0, 1, 2017, February, Thursday, 9:15 pm, 40, Dry, N, Night, Hit Pedestrian, Minor Injury, N, N
US, 2, 0, 0, 1, 2017, February, Thursday, 6:29 am, 40, Dry, Y, Night, Hit Pedestrian, Minor Injury, N, N
US, 3, 0, 0, 0, 2017, February, Wednesday, 2:28 pm, 40, Dry, N, Daylight, Rear End, Not Injured, N, N
US, 3, 0, 0, 0, 2017, February, Tuesday, 12:12 am, 60, Dry, N, Daylight, Rear End, Minor Injury, N, N
US, 2, 0, 0, 0, 2017, February, Friday, 6:55 am, 40, Dry, N, Daylight, Right Angle, Not Injured, N, N
US, 2, 0, 0, 0, 2017, February, Friday, 8:37 am, 40, Dry, N, Daylight, Right Angle, Not Injured, N, N
US, 2, 0, 0, 0, 2017, February, Thursday, 8:50 am, 60, Dry, N, Daylight, Right Angle, Not Injured, N, N
US, 2, 0, 0, 1, 2017, February, Wednesday, 7:12 am, 60, Dry, N, Daylight, Right Angle, Minor Injury, N, N
US, 2, 0, 0, 0, 2017, February, Friday, 8:30 am, 60, Dry, N, Daylight, Rear End, Not Injured, N, N
US, 6, 0, 1, 0, 2017, February, Friday, 7:42 am, 70, Dry, N, Daylight, Rear End, Major Injury, N, N
US, 2, 0, 0, 0, 2017, February, Friday, 11:50 am, 20, Dry, N, Daylight, Head On, Not Injured, N, N
US, 2, 0, 0, 0, 2017, February, Friday, 1:55 pm, 40, Dry, N, Daylight, Side Swipe, Not Injured, N, N
US, 2, 0, 0, 1, 2017, February, Friday, 2:02 pm, 40, Dry, N, Daylight, Rear End, Minor Injury, N, N
US, 4, 0, 0, 0, 2017, February, Friday, 3:25 pm, 60, Dry, N, Daylight, Rear End, Not Injured, N, N
US, 2, 1, 0, 0, 2017, January, Tuesday, 10:10 pm, 90, Dry, N, Night, Hit Pedestrian, Fatal, Y, N
US, 2, 0, 0, 0, 2017, February, Thursday, 11:40 am, 110, Dry, Y, Daylight, Rear End, Not Injured, N, N
US, 2, 0, 0, 1, 2017, February, Sunday, 10:40 pm, 50, Dry, N, Night, Head On, Minor Injury, Y, N
US, 2, 0, 0, 0, 2017, February, Wednesday, 2:04 pm, 110, Dry, N, Daylight, Rear End, Not Injured, N, N
US, 2, 0, 0, 0, 2017, February, Friday, 3:46 pm, 20, Dry, N, Daylight, Rear End, Not Injured, N, N
US, 2, 0, 0, 0, 2017, February, Friday, 7:40 pm, 60, Dry, N, Night, Right Angle, Not Injured, N, N
US, 2, 0, 0, 0, 2017, February, Friday, 7:53 pm, 40, Dry, N, Night, Rear End, Not Injured, N, N
US, 3, 0, 0, 1, 2017, February, Friday, 6:15 pm, 60, Wet, N, Night, Rear End, Minor Injury, N, N
US, 2, 0, 0, 0, 2017, February, Friday, 6:35 am, 40, Dry, N, Daylight, Rear End, Not Injured, N, N
US, 2, 0, 0, 0, 2017, February, Wednesday, 11:59 pm, 40, Dry, Y, Night, Rear End, Not Injured, N, N
US, 2, 0, 0, 0, 2017, February, Tuesday, 1:28 pm, 60, Wet, N, Daylight, Right Angle, Not Injured, N, N
US, 2, 0, 0, 1, 2017, February, Thursday, 11:10 am, 40, Dry, Y, Daylight, Rear End, Minor Injury, N, N
US, 2, 0, 0, 0, 2017, February, Friday, 8:00 am, 40, Dry, N, Daylight, Rear End, Not Injured, N, N
US, 2, 0, 0, 0, 2017, February, Wednesday, 9:20 pm, 40, Wet, Y, Night, Head On, Not Injured, Y, N
US, 2, 0, 0, 1, 2017, February, Monday, 9:29 am, 60, Dry, N, Daylight, Rear End, Minor Injury, N, N
US, 2, 0, 0, 0, 2017, February, Tuesday, 9:07 pm, 50, Wet, Y, Night, Rear End, Not Injured, N, N
US, 3, 0, 0, 1, 2017, January, Friday, 3:39 pm, 40, Dry, N, Daylight, Right Angle, Minor Injury, Y, N
US, 3, 0, 0, 0, 2017, February, Saturday, 9:20 am, 40, Dry, N, Daylight, Rear End, Not Injured, N, N
US, 2, 0, 0, 0, 2017, February, Saturday, 9:56 am, 40, Wet, N, Daylight, Right Angle, Not Injured, N, N
US, 2, 0, 0, 0, 2017, February, Saturday, 9:18 am, 40, Dry, N, Daylight, Right Angle, Not Injured, N, N
US, 3, 0, 1, 2, 2017, February, Saturday, 11:54 am, 40, Dry, N, Daylight, Rear End, Major Injury, N, N
US, 2, 0, 0, 0, 2017, February, Friday, 5:35 pm, 40, Dry, N, Night, Rear End, Not Injured, N, N
US, 2, 0, 0, 0, 2017, February, Tuesday, 9:20 pm, 40, Dry, N, Night, Side Swipe, Not Injured, Y, N
US, 2, 0, 0, 0, 2017, February, Saturday, 5:35 pm, 40, Dry, N, Night, Hit Pedestrian, Minor Injury, N, N
US, 2, 0, 0, 0, 2017, February, Friday, 6:41 pm, 40, Dry, N, Night, Rear End, Not Injured, N, N
US, 2, 0, 0, 0, 2017, February, Saturday, 6:23 pm, 40, Dry, N, Night, Hit Pedestrian, Minor Injury, N, N
US, 3, 0, 0, 0, 2017, February, Friday, 4:47 pm, 20, Dry, N, Daylight, Right Angle, Not Injured, Y, N
US, 2, 0, 0, 0, 2017, February, Saturday, 8:20 pm, 60, Dry, N, Night, Side Swipe, Not Injured, N, N
US, 2, 0, 1, 0, 2017, February, Saturday, 10:01 pm, 60, Wet, N, Night, Right Angle, Major Injury, N, N
US, 2, 0, 0, 1, 2017, February, Sunday, 12:30 am, 40, Wet, N, Night, Right Angle, Minor Injury, N, N
US, 2, 0, 0, 0, 2017, February, Saturday, 11:05 am, 40, Wet, N, Daylight, Right Angle, Not Injured, N, N
US, 2, 0, 0, 0, 2017, February, Saturday, 3:00 pm, 40, Dry, N, Daylight, Right Angle, Not Injured, N, N
US, 2, 0, 0, 0, 2017, February, Sunday, 12:08 am, 50, Dry, N, Daylight, Rear End, Not Injured, N, N
US, 2, 0, 0, 0, 2017, January, Friday, 7:02 am, 60, Wet, Y, Daylight, Rear End, Not Injured, N, N
US, 2, 0, 0, 1, 2017, February, Thursday, 9:06 am, 60, Dry, Y, Daylight, Side Swipe, Minor Injury, N, N
US, 2, 0, 0, 0, 2017, February, Friday, 2:52 pm, 40, Dry, N, Daylight, Right Angle, Not Injured, N, N
US, 2, 0, 0, 0, 2017, February, Saturday, 8:20 pm, 40, Dry, N, Night, Rear End, Not Injured, N, N
US, 5, 0, 0, 0, 2017, February, Sunday, 6:35 pm, 60, Dry, N, Night, Right Angle, Minor Injury, N, N
US, 2, 0, 0, 0, 2017, February, Sunday, 6:16 pm, 80, Wet, N, Night, Right Angle, Minor Injury, N, N
US, 2, 0, 0, 0, 2017, February, Sunday, 7:42 pm, 90, Wet, Y, Night, Rear End, Minor Injury, N, N
US, 2, 0, 0, 0, 2017, February, Sunday, 8:54 pm, 60, Wet, Y, Night, Head On, Minor Injury, N, N
US, 2, 0, 0, 0, 2017, February, Friday, 10:45 pm, 60, Dry, N, Night, Right Angle, Not Injured, N, N
US, 2, 0, 0, 0, 2017, February, Monday, 12:34 am, 40, Dry, N, Night, Right Angle, Not Injured, N, N
US, 2, 0, 0, 0, 2017, February, Sunday, 12:55 am, 60, Dry, N, Daylight, Right Angle, Not Injured, N, N
US, 2, 0, 0, 2, 2017, February, Sunday, 1:32 pm, 60, Dry, N, Daylight, Rear End, Minor Injury, N, N
US, 2, 0, 0, 1, 2017, February, Sunday, 4:30 am, 40, Wet, Y, Night, Right Angle, Minor Injury, N, N
US, 2, 0, 0, 0, 2017, February, Friday, 6:42 am, 60, Dry, N, Daylight, Right Angle, Minor Injury, N, N
US, 2, 0, 0, 0, 2017, February, Wednesday, 9:05 pm, 40, Dry, N, Night, Rear End, Not Injured, N, N
US, 2, 0, 0, 0, 2017, February, Saturday, 6:44 pm, 60, Dry, N, Night, Rear End, Not Injured, N, N
US, 2, 0, 0, 0, 2017, February, Tuesday, 12:53 am, 60, Dry, N, Daylight, Right Angle, Minor Injury, N, N
US, 2, 0, 0, 1, 2017, February, Wednesday, 7:41 pm, 40, Dry, N, Night, Right Angle, Minor Injury, N, N
US, 2, 0, 0, 0, 2017, February, Monday, 11:05 am, 40, Dry, N, Daylight, Side Swipe, Minor Injury, N, N
US, 2, 0, 1, 1, 2017, February, Monday, 12:20 am, 40, Dry, N, Daylight, Right Angle, Major Injury, N, N
US, 2, 0, 0, 0, 2017, February, Monday, 12:15 am, 40, Dry, N, Daylight, Side Swipe, Not Injured, N, N
US, 2, 0, 0, 0, 2017, February, Monday, 1:48 pm, 70, Dry, N, Daylight, Side Swipe, Not Injured, N, N
US, 3, 0, 1, 1, 2017, February, Monday, 3:40 pm, 40, Dry, N, Daylight, Hit Pedestrian, Major Injury, N, N
US, 2, 0, 0, 1, 2017, February, Tuesday, 12:24 am, 40, Dry, N, Daylight, Right Angle, Minor Injury, N, N
US, 2, 0, 0, 1, 2017, February, Sunday, 4:11 pm, 40, Wet, N, Daylight, Right Angle, Minor Injury, N, N
US, 2, 0, 0, 0, 2017, February, Thursday, 6:12 pm, 60, Dry, N, Night, Rear End, Not Injured, N, N
US, 2, 0, 0, 0, 2017, February, Friday, 4:42 pm, 60, Dry, N, Daylight, Right Angle, Not Injured, N, N
US, 2, 0, 0, 0, 2017, February, Thursday, 7:36 am, 90, Dry, Y, Daylight, Side Swipe, Not Injured, N, N
US, 2, 0, 0, 0, 2017, February, Saturday, 2:15 pm, 30, Dry, N, Daylight, Head On, Minor Injury, N, N
US, 2, 0, 0, 0, 2017, February, Monday, 4:30 pm, 40, Dry, N, Daylight, Right Angle, Not Injured, N, N
US, 2, 0, 0, 0, 2017, February, Monday, 5:30 pm, 60, Dry, N, Daylight, Right Angle, Not Injured, N, N
US, 2, 0, 0, 0, 2017, January, Wednesday, 5:27 pm, 60, Wet, Y, Night, Rear End, Not Injured, N, N
US, 2, 0, 0, 0, 2017, February, Monday, 7:58 pm, 60, Dry, N, Night, Rear End, Not Injured, N, N
US, 2, 0, 0, 0, 2017, February, Monday, 5:20 am, 20, Dry, Y, Night, Side Swipe, Not Injured, N, N
US, 2, 0, 0, 0, 2017, January, Tuesday, 7:40 am, 60, Wet, Y, Daylight, Right Angle, Not Injured, N, N
US, 2, 0, 0, 0, 2017, February, Friday, 1:30 pm, 90, Dry, N, Daylight, Rear End, Not Injured, N, N
US, 2, 0, 0, 0, 2017, February, Friday, 9:31 pm, 60, Dry, N, Night, Rear End, Not Injured, N, N
US, 3, 0, 0, 0, 2017, February, Thursday, 5:30 pm, 90, Dry, N, Night, Rear End, Minor Injury, N, N
US, 2, 0, 0, 0, 2017, February, Tuesday, 7:40 am, 60, Dry, N, Daylight, Right Angle, Not Injured, N, N
US, 2, 0, 0, 0, 2017, February, Monday, 1:45 pm, 40, Dry, N, Daylight, Rear End, Minor Injury, N, N
US, 2, 0, 0, 0, 2017, February, Tuesday, 10:20 am, 40, Dry, N, Daylight, Head On, Minor Injury, N, N
US, 2, 0, 0, 0, 2017, February, Monday, 8:29 am, 60, Wet, N, Daylight, Right Angle, Not Injured, N, N
US, 2, 0, 0, 0, 2017, February, Tuesday, 1:00 pm, 40, Dry, N, Daylight, Side Swipe, Not Injured, N, N
US, 2, 0, 0, 0, 2017, February, Thursday, 11:26 am, 60, Dry, N, Daylight, Right Angle, Minor Injury, N, N
US, 2, 0, 0, 0, 2017, February, Monday, 3:57 pm, 60, Dry, N, Daylight, Rear End, Not Injured, N, N
US, 2, 0, 0, 1, 2017, February, Monday, 6:38 pm, 60, Dry, N, Night, Right Angle, Minor Injury, N, N
US, 2, 0, 0, 0, 2017, February, Friday, 10:18 am, 20, Dry, N, Daylight, Right Angle, Not Injured, N, N
US, 3, 0, 0, 0, 2017, February, Monday, 8:42 am, 60, Dry, N, Daylight, Right Angle, Not Injured, N, N
US, 2, 1, 0, 0, 2017, February, Friday, 6:34 pm, 90, Dry, N, Night, Hit Pedestrian, Fatal, N, Y
US, 2, 0, 0, 0, 2017, February, Tuesday, 5:24 pm, 40, Dry, N, Daylight, Right Angle, Not Injured, N, N
US, 2, 0, 0, 1, 2017, February, Tuesday, 5:30 pm, 40, Dry, N, Daylight, Rear End, Minor Injury, N, N