Nation,Total Units,Total Fatalities,Total Serious Injuries,Total Minor Injuries,Year,Month,Day,Time,Speed Limit,Moisture,Adverse Weather Conditions,DayNight,Crash Type,Crash Severity,Alcohol Related ,Drug Related
US, 2, 0, 0, 0, 2017, February, Sunday, 6:13 am, 70, Wet, Y, Night, Right Angle, Not Injured, N, N
US, 2, 0, 0, 0, 2017, February, Tuesday, 7:35 pm, 40, Dry, N, Night, Right Angle, Not Injured, N, N
US, 3, 0, 0, 0, 2017, February, Sunday, 1:40 am, 40, Dry, N, Night, Head On, Minor Injury, Y, N
US, 2, 0, 0, 0, 2017, February, Saturday, 1:00 am, 40, Dry, N, Night, Head On, Not Injured, N, N
US, 3, 0, 0, 1, 2017, January, Friday, 12:29 am, 90, Dry, N, Daylight, Rear End, Minor Injury, N, N
US, 2, 0, 0, 0, 2017, January, Monday, 1:00 pm, 110, Dry, Y, Daylight, Side Swipe, Not Injured, N, N
US, 2, 0, 0, 0, 2017, February, Friday, 8:08 am, 20, Dry, N, Daylight, Rear End, Not Injured, N, N
US, 3, 0, 0, 0, 2017, February, Tuesday, 1:14 pm, 40, Dry, N, Daylight, Rear End, Not Injured, N, N
US, 3, 0, 0, 0, 2017, February, Tuesday, 2:52 pm, 40, Dry, N, Daylight, Rear End, Minor Injury, N, N
US, 2, 0, 0, 0, 2017, February, Monday, 12:56 am, 40, Dry, N, Daylight, Right Angle, Not Injured, N, N
US, 3, 0, 0, 0, 2017, February, Wednesday, 5:45 pm, 40, Wet, Y, Night, Rear End, Not Injured, N, N
US, 2, 0, 0, 0, 2017, February, Wednesday, 5:35 pm, 40, Dry, N, Night, Rear End, Not Injured, N, N
US, 2, 0, 0, 2, 2017, February, Wednesday, 7:23 pm, 40, Wet, Y, Night, Right Angle, Minor Injury, N, N
US, 3, 0, 0, 0, 2017, February, Wednesday, 4:59 pm, 60, Wet, N, Daylight, Rear End, Not Injured, N, N
US, 7, 0, 0, 0, 2017, February, Saturday, 12:40 am, 40, Dry, N, Night, Side Swipe, Minor Injury, Y, N
US, 2, 0, 0, 0, 2017, February, Thursday, 5:03 am, 40, Dry, Y, Night, Rear End, Not Injured, N, N
US, 2, 0, 0, 0, 2017, February, Thursday, 1:41 am, 90, Dry, Y, Night, Side Swipe, Minor Injury, N, N
US, 2, 0, 0, 0, 2017, February, Wednesday, 10:59 am, 40, Dry, N, Daylight, Rear End, Not Injured, N, N
US, 2, 0, 0, 0, 2017, February, Tuesday, 2:30 pm, 60, Dry, N, Daylight, Side Swipe, Not Injured, N, N
US, 2, 0, 0, 0, 2017, February, Thursday, 8:18 am, 60, Dry, N, Daylight, Rear End, Not Injured, N, N
US, 2, 0, 0, 0, 2017, February, Thursday, 9:00 am, 90, Dry, N, Daylight, Rear End, Not Injured, N, N
US, 2, 0, 0, 0, 2017, February, Tuesday, 8:42 am, 40, Dry, N, Daylight, Side Swipe, Minor Injury, N, N
US, 2, 0, 0, 1, 2017, February, Thursday, 8:35 am, 60, Wet, Y, Daylight, Right Angle, Minor Injury, N, N
US, 2, 0, 0, 0, 2017, February, Thursday, 9:18 am, 60, Wet, Y, Daylight, Head On, Not Injured, N, N
US, 3, 0, 0, 2, 2017, February, Wednesday, 2:15 pm, 40, Dry, N, Daylight, Rear End, Minor Injury, N, N
US, 2, 0, 0, 2, 2017, February, Wednesday, 2:23 pm, 40, Dry, N, Daylight, Rear End, Minor Injury, N, N
US, 2, 0, 0, 1, 2017, February, Thursday, 8:30 am, 60, Wet, N, Daylight, Right Angle, Minor Injury, N, N
US, 2, 0, 0, 0, 2017, February, Tuesday, 8:54 pm, 80, Dry, N, Night, Right Angle, Not Injured, N, N
US, 3, 0, 0, 0, 2017, February, Thursday, 12:40 am, 40, Dry, N, Daylight, Right Angle, Not Injured, N, N
US, 2, 0, 0, 0, 2017, February, Tuesday, 11:33 am, 60, Dry, N, Daylight, Rear End, Not Injured, N, N
US, 2, 0, 0, 0, 2017, February, Thursday, 3:54 pm, 40, Dry, N, Daylight, Right Angle, Minor Injury, N, N
US, 2, 0, 0, 0, 2017, February, Tuesday, 1:28 pm, 60, Dry, N, Daylight, Head On, Not Injured, N, N
US, 2, 0, 0, 0, 2017, February, Wednesday, 5:20 pm, 70, Dry, N, Night, Side Swipe, Not Injured, N, N
US, 3, 0, 0, 0, 2017, February, Thursday, 5:49 pm, 40, Dry, N, Night, Rear End, Minor Injury, N, N
US, 2, 0, 0, 0, 2017, February, Thursday, 7:14 pm, 40, Dry, N, Night, Right Angle, Not Injured, N, N
US, 2, 0, 0, 1, 2017, February, Thursday, 5:10 pm, 50, Dry, N, Daylight, Right Angle, Minor Injury, N, N
US, 2, 0, 0, 0, 2017, February, Thursday, 8:22 pm, 30, Dry, N, Night, Head On, Not Injured, N, N
US, 2, 0, 0, 0, 2017, February, Thursday, 11:21 pm, 40, Dry, N, Night, Side Swipe, Not Injured, N, N
US, 4, 0, 0, 0, 2017, February, Friday, 3:15 pm, 90, Dry, N, Daylight, Rear End, Minor Injury, N, N
US, 3, 0, 0, 0, 2017, February, Friday, 3:49 pm, 90, Dry, N, Daylight, Rear End, Minor Injury, N, N
US, 3, 0, 0, 0, 2017, February, Saturday, 7:06 pm, 90, Dry, N, Night, Rear End, Not Injured, N, N
US, 3, 0, 0, 0, 2017, February, Tuesday, 7:24 am, 90, Dry, N, Daylight, Rear End, Not Injured, N, N
US, 3, 0, 0, 0, 2017, January, Wednesday, 5:10 pm, 90, Dry, N, Night, Rear End, Minor Injury, N, N
US, 2, 0, 1, 0, 2017, February, Thursday, 12:00 am, 60, Dry, N, Daylight, Head On, Major Injury, N, N
US, 2, 0, 0, 0, 2017, February, Thursday, 1:41 pm, 60, Dry, N, Daylight, Right Angle, Not Injured, N, N
US, 2, 0, 0, 1, 2017, February, Wednesday, 8:33 pm, 70, Wet, Y, Night, Right Angle, Minor Injury, N, N
US, 2, 0, 0, 0, 2017, February, Friday, 8:16 am, 40, Dry, N, Daylight, Side Swipe, Not Injured, N, N
US, 2, 0, 0, 0, 2017, February, Friday, 8:15 am, 40, Dry, N, Daylight, Rear End, Not Injured, N, N
US, 2, 0, 0, 0, 2017, February, Tuesday, 5:06 pm, 60, Dry, N, Daylight, Side Swipe, Not Injured, N, N
US, 2, 0, 0, 0, 2017, February, Friday, 12:06 am, 40, Dry, N, Daylight, Right Angle, Minor Injury, N, N
US, 2, 0, 0, 0, 2017, February, Monday, 10:13 pm, 40, Dry, N, Night, Rear End, Not Injured, N, N
US, 2, 0, 0, 0, 2017, February, Thursday, 7:15 am, 40, Dry, N, Daylight, Rear End, Not Injured, N, N
US, 2, 0, 0, 0, 2017, February, Friday, 6:55 am, 40, Dry, N, Daylight, Side Swipe, Not Injured, N, N
US, 2, 0, 0, 1, 2017, February, Friday, 12:53 am, 40, Dry, N, Daylight, Rear End, Minor Injury, N, N
US, 2, 0, 0, 0, 2017, February, Wednesday, 1:28 pm, 90, Dry, N, Daylight, Rear End, Not Injured, N, N
US, 3, 0, 0, 0, 2017, February, Tuesday, 6:43 am, 60, Dry, N, Night, Rear End, Not Injured, N, N
US, 2, 0, 0, 0, 2017, February, Friday, 8:39 pm, 40, Dry, N, Night, Right Angle, Not Injured, N, N
US, 4, 0, 0, 0, 2017, February, Saturday, 1:53 am, 40, Dry, N, Night, Side Swipe, Minor Injury, N, N
US, 3, 0, 0, 0, 2017, February, Wednesday, 7:00 am, 90, Dry, N, Daylight, Right Angle, Minor Injury, N, N
US, 2, 0, 0, 0, 2017, February, Saturday, 2:40 am, 60, Dry, N, Night, Side Swipe, Not Injured, Y, Y
US, 2, 0, 0, 0, 2017, February, Saturday, 1:03 pm, 60, Dry, N, Daylight, Right Angle, Not Injured, N, N
US, 2, 0, 0, 0, 2017, February, Saturday, 7:59 am, 70, Dry, N, Daylight, Side Swipe, Not Injured, N, N
US, 2, 0, 0, 0, 2017, February, Thursday, 10:40 am, 40, Dry, N, Daylight, Right Angle, Not Injured, N, N
US, 2, 0, 0, 1, 2017, February, Saturday, 10:05 am, 40, Dry, N, Daylight, Hit Pedestrian, Minor Injury, N, N
US, 2, 0, 0, 2, 2017, February, Saturday, 10:46 am, 60, Dry, N, Daylight, Rear End, Minor Injury, N, N
US, 2, 0, 0, 0, 2017, February, Saturday, 11:20 am, 60, Dry, N, Daylight, Right Angle, Not Injured, N, N
US, 2, 0, 0, 0, 2017, February, Thursday, 9:24 am, 40, Wet, Y, Daylight, Right Angle, Minor Injury, N, N
US, 2, 0, 0, 0, 2017, February, Friday, 5:40 pm, 40, Dry, N, Daylight, Rear End, Not Injured, N, N
US, 2, 0, 0, 0, 2017, February, Saturday, 1:19 pm, 40, Dry, N, Daylight, Head On, Not Injured, N, N
US, 2, 0, 0, 0, 2017, February, Saturday, 3:50 pm, 40, Dry, N, Daylight, Rear End, Not Injured, N, N
US, 2, 0, 0, 0, 2017, February, Saturday, 3:40 pm, 40, Dry, N, Daylight, Side Swipe, Not Injured, N, N
US, 3, 0, 0, 0, 2017, February, Saturday, 4:50 pm, 60, Dry, N, Daylight, Rear End, Not Injured, N, N
US, 2, 0, 0, 0, 2017, February, Friday, 3:50 pm, 90, Dry, N, Daylight, Rear End, Not Injured, N, N
US, 2, 0, 0, 0, 2017, January, Friday, 6:04 pm, 40, Dry, N, Night, Rear End, Not Injured, N, N
US, 2, 0, 0, 0, 2017, February, Saturday, 4:40 pm, 40, Dry, N, Daylight, Rear End, Minor Injury, N, N
US, 2, 0, 0, 0, 2017, February, Friday, 4:41 am, 40, Dry, N, Night, Rear End, Not Injured, N, N
US, 2, 0, 0, 1, 2017, February, Saturday, 6:30 am, 40, Dry, N, Daylight, Side Swipe, Minor Injury, N, N
US, 2, 0, 0, 0, 2017, February, Sunday, 2:35 am, 40, Dry, N, Night, Right Angle, Not Injured, N, N
US, 2, 0, 0, 0, 2017, February, Saturday, 11:19 am, 60, Dry, N, Daylight, Rear End, Not Injured, N, N
US, 2, 0, 0, 1, 2017, February, Sunday, 8:39 am, 40, Dry, N, Daylight, Right Angle, Minor Injury, N, N
US, 2, 0, 0, 0, 2017, February, Sunday, 9:07 am, 60, Dry, N, Daylight, Right Angle, Not Injured, N, N
US, 2, 0, 0, 0, 2017, February, Sunday, 9:46 am, 50, Dry, N, Daylight, Head On, Not Injured, N, N
US, 2, 0, 0, 0, 2017, February, Saturday, 7:45 pm, 60, Dry, N, Night, Rear End, Not Injured, Y, N
US, 2, 0, 0, 0, 2017, February, Sunday, 10:50 am, 60, Dry, N, Daylight, Right Angle, Not Injured, N, N
US, 2, 0, 0, 1, 2017, February, Sunday, 11:03 am, 40, Dry, N, Daylight, Rear End, Minor Injury, N, N
US, 2, 0, 0, 0, 2017, February, Sunday, 10:42 am, 40, Dry, N, Daylight, Right Angle, Not Injured, N, N
US, 2, 0, 0, 0, 2017, February, Sunday, 2:24 pm, 60, Dry, N, Daylight, Right Angle, Not Injured, N, N
US, 2, 0, 0, 1, 2017, February, Saturday, 8:30 pm, 60, Dry, N, Night, Side Swipe, Minor Injury, N, N
US, 2, 0, 0, 0, 2017, February, Sunday, 4:32 pm, 20, Dry, N, Daylight, Right Angle, Not Injured, N, N
US, 2, 0, 0, 0, 2017, February, Thursday, 6:54 pm, 50, Dry, N, Night, Side Swipe, Not Injured, N, N
US, 2, 0, 0, 0, 2017, February, Monday, 8:38 pm, 40, Dry, N, Night, Right Angle, Not Injured, N, N
US, 2, 0, 0, 2, 2017, February, Sunday, 1:50 am, 40, Dry, N, Night, Right Angle, Minor Injury, Y, N
US, 2, 0, 0, 0, 2017, February, Monday, 4:00 am, 40, Wet, N, Night, Right Angle, Not Injured, N, N
US, 2, 0, 0, 0, 2017, January, Saturday, 10:15 pm, 40, Dry, N, Night, Side Swipe, Not Injured, N, N
US, 2, 0, 0, 0, 2017, February, Sunday, 12:20 am, 60, Dry, N, Daylight, Right Angle, Not Injured, N, N
US, 2, 0, 0, 0, 2017, February, Monday, 10:00 am, 40, Dry, N, Daylight, Right Angle, Not Injured, N, N
US, 2, 0, 0, 0, 2017, February, Monday, 2:07 pm, 40, Dry, N, Daylight, Rear End, Not Injured, N, N
US, 2, 0, 0, 0, 2017, February, Monday, 8:48 am, 60, Dry, N, Daylight, Side Swipe, Minor Injury, N, N
US, 2, 0, 0, 0, 2017, February, Saturday, 7:47 pm, 60, Dry, N, Night, Right Angle, Not Injured, N, N
US, 2, 0, 0, 0, 2017, February, Monday, 3:39 pm, 20, Dry, N, Daylight, Right Angle, Not Injured, N, N
US, 2, 0, 0, 1, 2017, February, Monday, 7:00 pm, 60, Dry, N, Night, Side Swipe, Minor Injury, N, N
US, 4, 0, 0, 0, 2017, February, Sunday, 3:53 pm, 40, Dry, N, Daylight, Side Swipe, Not Injured, N, N
US, 2, 0, 0, 0, 2017, February, Friday, 2:30 pm, 70, Dry, N, Daylight, Rear End, Not Injured, N, N
US, 2, 0, 0, 1, 2017, February, Monday, 9:20 pm, 40, Dry, N, Night, Head On, Minor Injury, Y, N
US, 4, 0, 0, 1, 2017, February, Tuesday, 5:00 pm, 90, Dry, N, Daylight, Rear End, Minor Injury, N, N
US, 2, 0, 1, 0, 2017, February, Sunday, 12:36 am, 40, Dry, N, Daylight, Hit Pedestrian, Major Injury, N, N
US, 2, 0, 0, 0, 2017, February, Sunday, 1:15 pm, 30, Dry, N, Daylight, Right Angle, Not Injured, N, N
US, 2, 0, 0, 0, 2017, February, Friday, 9:39 am, 90, Dry, N, Daylight, Side Swipe, Not Injured, N, N
US, 2, 0, 0, 0, 2017, February, Saturday, 6:28 pm, 90, Dry, N, Night, Rear End, Not Injured, N, N
US, 2, 0, 0, 0, 2017, February, Sunday, 3:58 pm, 90, Dry, N, Daylight, Rear End, Minor Injury, N, N
US, 4, 0, 0, 0, 2017, February, Sunday, 12:48 am, 70, Dry, N, Daylight, Rear End, Not Injured, N, N
US, 2, 0, 0, 0, 2017, February, Monday, 3:03 pm, 40, Dry, N, Daylight, Right Angle, Not Injured, N, N
US, 2, 0, 0, 0, 2017, February, Tuesday, 7:59 am, 40, Dry, N, Daylight, Right Angle, Not Injured, N, N
US, 3, 0, 0, 2, 2017, February, Saturday, 2:49 pm, 60, Dry, N, Daylight, Right Angle, Minor Injury, N, N
US, 2, 0, 0, 0, 2017, February, Thursday, 3:44 pm, 40, Wet, N, Daylight, Right Angle, Minor Injury, N, N
US, 2, 0, 0, 0, 2017, February, Tuesday, 7:38 am, 60, Dry, N, Daylight, Rear End, Not Injured, N, N
US, 2, 0, 0, 0, 2017, February, Tuesday, 1:40 pm, 60, Dry, N, Daylight, Rear End, Not Injured, N, N
US, 2, 0, 0, 0, 2017, February, Tuesday, 4:10 pm, 40, Dry, N, Daylight, Head On, Not Injured, N, N
US, 2, 0, 0, 0, 2017, February, Sunday, 6:55 pm, 20, Dry, N, Night, Head On, Not Injured, N, N
US, 2, 0, 0, 0, 2017, February, Sunday, 2:47 am, 90, Dry, N, Night, Right Angle, Not Injured, N, N
US, 3, 0, 0, 0, 2017, February, Friday, 8:29 pm, 40, Dry, N, Night, Rear End, Minor Injury, N, N
US, 2, 0, 0, 1, 2017, February, Tuesday, 12:55 am, 40, Dry, N, Daylight, Right Angle, Minor Injury, N, N
US, 2, 0, 0, 0, 2017, February, Wednesday, 7:40 am, 60, Dry, N, Daylight, Right Angle, Minor Injury, N, N
US, 2, 0, 0, 0, 2017, February, Wednesday, 9:07 am, 40, Dry, N, Daylight, Right Angle, Not Injured, N, N
US, 2, 0, 0, 0, 2017, February, Wednesday, 11:00 am, 60, Dry, N, Daylight, Rear End, Not Injured, N, N
US, 2, 0, 0, 0, 2017, February, Wednesday, 11:50 am, 40, Dry, N, Daylight, Side Swipe, Not Injured, N, N
US, 2, 0, 0, 0, 2017, February, Wednesday, 12:28 am, 60, Dry, N, Daylight, Rear End, Not Injured, N, N
US, 3, 0, 1, 1, 2017, February, Wednesday, 11:28 am, 40, Dry, N, Daylight, Hit Pedestrian, Major Injury, N, N
US, 3, 0, 0, 0, 2017, February, Monday, 6:20 pm, 50, Dry, N, Night, Rear End, Not Injured, N, N
US, 3, 0, 0, 2, 2017, February, Wednesday, 12:48 am, 40, Dry, N, Daylight, Rear End, Minor Injury, N, N
US, 2, 0, 0, 0, 2017, February, Thursday, 4:25 pm, 60, Dry, N, Daylight, Rear End, Not Injured, N, N
US, 2, 0, 0, 0, 2017, February, Friday, 8:46 pm, 40, Dry, N, Daylight, Rear End, Not Injured, N, N
US, 3, 0, 0, 0, 2017, February, Saturday, 5:54 pm, 60, Dry, N, Daylight, Right Angle, Not Injured, N, N
US, 2, 0, 0, 1, 2017, February, Wednesday, 4:00 pm, 60, Dry, N, Daylight, Side Swipe, Minor Injury, N, N
US, 2, 0, 0, 0, 2017, February, Wednesday, 3:25 pm, 40, Dry, N, Daylight, Right Angle, Minor Injury, N, N
US, 2, 0, 0, 1, 2017, February, Wednesday, 7:51 pm, 60, Dry, N, Night, Rear End, Minor Injury, N, N
US, 2, 0, 0, 0, 2017, February, Sunday, 6:04 pm, 60, Dry, N, Daylight, Side Swipe, Not Injured, Y, N
US, 2, 0, 0, 1, 2017, February, Monday, 5:18 pm, 60, Dry, N, Daylight, Rear End, Minor Injury, N, N
US, 2, 0, 0, 1, 2017, February, Wednesday, 5:35 pm, 40, Dry, N, Daylight, Rear End, Minor Injury, N, N
US, 2, 0, 0, 0, 2017, February, Wednesday, 8:20 pm, 40, Dry, N, Night, Side Swipe, Not Injured, N, Y
US, 2, 0, 0, 0, 2017, February, Thursday, 6:43 am, 60, Wet, N, Daylight, Rear End, Not Injured, N, N
US, 2, 0, 0, 0, 2017, February, Thursday, 9:36 am, 60, Dry, N, Daylight, Rear End, Not Injured, N, N
US, 2, 0, 0, 0, 2017, January, Sunday, 11:58 am, 40, Dry, N, Daylight, Right Angle, Minor Injury, N, N
US, 2, 0, 0, 0, 2017, February, Sunday, 1:55 pm, 40, Dry, N, Daylight, Right Angle, Not Injured, N, N
US, 2, 0, 0, 1, 2017, February, Thursday, 3:00 pm, 40, Dry, N, Daylight, Hit Pedestrian, Minor Injury, N, N
US, 2, 0, 0, 0, 2017, February, Thursday, 4:42 pm, 70, Dry, N, Daylight, Right Angle, Not Injured, N, N
US, 2, 0, 0, 0, 2017, February, Thursday, 4:03 pm, 40, Dry, N, Daylight, Rear End, Not Injured, N, N
US, 2, 0, 0, 0, 2017, February, Thursday, 7:01 pm, 60, Dry, N, Night, Right Angle, Not Injured, N, N
US, 3, 0, 0, 0, 2017, February, Thursday, 3:23 pm, 40, Dry, N, Daylight, Side Swipe, Not Injured, N, Y
US, 2, 0, 0, 0, 2017, February, Thursday, 6:58 pm, 60, Dry, N, Night, Hit Pedestrian, Minor Injury, N, N
US, 2, 0, 0, 0, 2017, February, Thursday, 9:00 pm, 60, Dry, N, Night, Right Angle, Not Injured, N, N
US, 2, 0, 0, 0, 2017, February, Thursday, 5:13 pm, 60, Dry, N, Daylight, Rear End, Not Injured, N, N
US, 2, 0, 0, 1, 2017, February, Thursday, 7:50 am, 40, Wet, N, Daylight, Right Angle, Minor Injury, N, N
US, 2, 0, 0, 0, 2017, February, Sunday, 6:27 pm, 40, Dry, N, Night, Side Swipe, Not Injured, N, N
US, 3, 0, 0, 0, 2017, February, Friday, 7:12 am, 40, Dry, N, Daylight, Rear End, Not Injured, N, N
US, 2, 0, 0, 1, 2017, February, Friday, 8:09 am, 60, Dry, N, Daylight, Rear End, Minor Injury, N, N
US, 2, 0, 0, 0, 2017, February, Wednesday, 5:13 pm, 60, Dry, N, Daylight, Rear End, Not Injured, N, N
US, 3, 0, 0, 1, 2017, February, Wednesday, 11:09 am, 40, Dry, N, Daylight, Right Angle, Minor Injury, N, N
US, 3, 0, 0, 0, 2017, February, Wednesday, 4:20 pm, 90, Dry, N, Daylight, Rear End, Not Injured, N, N
US, 2, 0, 0, 0, 2017, February, Thursday, 7:55 pm, 40, Dry, N, Night, Side Swipe, Not Injured, N, N
US, 2, 0, 0, 2, 2017, February, Friday, 9:20 am, 60, Dry, N, Daylight, Rear End, Minor Injury, N, N
US, 2, 0, 1, 0, 2017, February, Friday, 10:57 am, 40, Dry, N, Daylight, Right Angle, Major Injury, N, N
US, 3, 0, 0, 0, 2017, February, Friday, 1:45 pm, 40, Dry, N, Daylight, Side Swipe, Not Injured, N, N
US, 2, 0, 0, 0, 2017, February, Friday, 2:00 pm, 60, Dry, N, Daylight, Right Angle, Not Injured, N, N
US, 2, 0, 0, 0, 2017, February, Friday, 4:30 pm, 40, Dry, N, Daylight, Rear End, Not Injured, N, N
US, 2, 0, 0, 0, 2017, February, Friday, 3:45 pm, 40, Dry, N, Daylight, Side Swipe, Not Injured, N, N
US, 2, 0, 0, 1, 2017, February, Tuesday, 2:17 pm, 60, Dry, N, Daylight, Right Angle, Minor Injury, N, N
US, 2, 0, 0, 2, 2017, February, Friday, 6:28 pm, 40, Dry, N, Night, Right Angle, Minor Injury, N, N
US, 3, 0, 0, 0, 2017, February, Friday, 6:30 pm, 60, Dry, N, Night, Rear End, Not Injured, N, N
US, 2, 0, 0, 1, 2017, February, Friday, 4:07 pm, 60, Dry, N, Daylight, Right Angle, Minor Injury, N, N
US, 2, 0, 0, 0, 2017, February, Friday, 9:45 pm, 40, Dry, N, Night, Right Angle, Not Injured, N, N
US, 2, 0, 0, 0, 2017, February, Saturday, 3:09 am, 40, Dry, N, Night, Head On, Not Injured, Y, N
US, 2, 0, 0, 0, 2017, February, Friday, 5:21 pm, 60, Dry, N, Daylight, Rear End, Not Injured, N, N
US, 2, 0, 0, 0, 2017, February, Friday, 1:08 pm, 40, Dry, N, Daylight, Right Angle, Not Injured, N, N
US, 2, 0, 0, 0, 2017, February, Friday, 11:28 am, 60, Dry, N, Daylight, Rear End, Not Injured, N, N
US, 2, 0, 0, 0, 2017, February, Monday, 12:50 am, 40, Dry, N, Daylight, Right Angle, Not Injured, N, N
US, 2, 0, 0, 1, 2017, February, Saturday, 12:50 am, 90, Wet, Y, Daylight, Head On, Minor Injury, N, N
US, 2, 0, 0, 0, 2017, February, Saturday, 2:59 pm, 60, Dry, N, Daylight, Right Angle, Not Injured, N, N
US, 2, 0, 0, 0, 2017, February, Saturday, 3:27 pm, 40, Dry, N, Daylight, Hit Pedestrian, Minor Injury, N, N
US, 2, 0, 0, 0, 2017, February, Wednesday, 6:55 pm, 50, Dry, N, Night, Right Angle, Not Injured, N, N
US, 2, 0, 0, 0, 2017, February, Friday, 10:07 pm, 40, Dry, N, Night, Right Angle, Minor Injury, N, N
US, 2, 0, 0, 0, 2017, February, Tuesday, 5:53 pm, 60, Wet, Y, Night, Rear End, Minor Injury, N, N
US, 2, 0, 0, 0, 2017, February, Friday, 8:57 pm, 60, Dry, N, Night, Right Angle, Not Injured, Y, N
US, 2, 0, 0, 0, 2017, February, Saturday, 5:55 am, 40, Wet, Y, Night, Right Angle, Minor Injury, N, N
US, 2, 0, 0, 0, 2017, February, Sunday, 3:50 am, 60, Dry, N, Night, Head On, Not Injured, N, N
US, 2, 0, 0, 1, 2017, February, Friday, 10:05 am, 40, Dry, N, Daylight, Right Angle, Minor Injury, N, N
US, 2, 0, 0, 0, 2017, February, Monday, 2:12 pm, 40, Dry, N, Daylight, Rear End, Not Injured, N, N
US, 2, 0, 0, 0, 2017, February, Tuesday, 4:45 pm, 50, Dry, N, Daylight, Right Angle, Not Injured, N, N
US, 2, 0, 0, 0, 2017, February, Sunday, 11:06 am, 60, Dry, N, Daylight, Rear End, Not Injured, N, N
US, 2, 0, 0, 0, 2017, February, Saturday, 6:50 pm, 40, Dry, N, Night, Side Swipe, Minor Injury, Y, N
US, 2, 0, 0, 0, 2017, February, Friday, 2:30 pm, 40, Dry, N, Daylight, Rear End, Minor Injury, N, N
US, 2, 0, 1, 0, 2017, February, Saturday, 8:50 pm, 40, Wet, Y, Night, Side Swipe, Major Injury, N, N
US, 2, 0, 0, 0, 2017, February, Saturday, 10:20 am, 40, Dry, N, Daylight, Side Swipe, Not Injured, N, N
US, 2, 0, 0, 0, 2017, February, Friday, 2:18 pm, 110, Dry, N, Daylight, Rear End, Not Injured, N, N
US, 2, 0, 0, 0, 2017, February, Wednesday, 6:46 pm, 110, Dry, N, Night, Rear End, Minor Injury, Y, N
US, 2, 0, 0, 0, 2017, January, Sunday, 6:05 pm, 30, Dry, N, Night, Right Angle, Not Injured, N, N
US, 2, 0, 0, 1, 2017, January, Thursday, 5:14 pm, 40, Dry, N, Night, Side Swipe, Minor Injury, N, N
US, 4, 0, 0, 0, 2017, February, Saturday, 4:15 pm, 40, Dry, N, Daylight, Rear End, Not Injured, N, N
US, 2, 0, 2, 0, 2017, February, Sunday, 8:05 pm, 60, Dry, N, Night, Rear End, Major Injury, N, N
US, 5, 0, 0, 0, 2017, February, Sunday, 8:59 pm, 40, Dry, N, Night, Side Swipe, Not Injured, Y, N
US, 2, 0, 0, 2, 2017, February, Sunday, 2:20 am, 40, Dry, N, Night, Right Angle, Minor Injury, Y, N
US, 2, 0, 0, 0, 2017, February, Friday, 6:32 am, 40, Dry, N, Daylight, Right Angle, Not Injured, N, N
US, 3, 0, 0, 0, 2017, February, Friday, 9:23 am, 90, Dry, N, Daylight, Rear End, Not Injured, N, N
US, 2, 1, 0, 0, 2017, February, Saturday, 7:00 am, 40, Wet, Y, Night, Hit Pedestrian, Fatal, N, N
US, 2, 0, 0, 0, 2017, February, Monday, 4:15 pm, 40, Dry, N, Daylight, Right Angle, Minor Injury, N, N
US, 2, 0, 0, 0, 2017, February, Monday, 5:10 pm, 60, Wet, Y, Night, Rear End, Not Injured, N, N
US, 3, 0, 0, 1, 2017, February, Friday, 4:23 pm, 40, Dry, N, Daylight, Head On, Minor Injury, N, N
US, 2, 0, 0, 1, 2017, February, Monday, 2:06 pm, 40, Dry, N, Daylight, Hit Pedestrian, Minor Injury, N, N
US, 2, 0, 0, 0, 2017, February, Monday, 8:43 am, 60, Dry, N, Daylight, Rear End, Not Injured, N, N
US, 2, 0, 0, 0, 2017, February, Thursday, 1:50 pm, 90, Dry, N, Daylight, Rear End, Not Injured, N, N
US, 2, 0, 0, 0, 2017, February, Tuesday, 1:02 pm, 90, Dry, N, Daylight, Rear End, Not Injured, N, Y
US, 2, 0, 0, 2, 2017, February, Monday, 5:28 pm, 40, Wet, Y, Daylight, Right Angle, Minor Injury, N, N
US, 2, 0, 0, 0, 2017, February, Monday, 3:54 pm, 60, Dry, N, Daylight, Rear End, Not Injured, N, N
US, 2, 0, 0, 0, 2017, February, Monday, 9:48 pm, 60, Dry, N, Night, Right Angle, Not Injured, N, N
US, 3, 0, 0, 0, 2017, February, Tuesday, 2:05 am, 40, Dry, N, Night, Right Angle, Minor Injury, Y, N
US, 2, 0, 0, 0, 2017, February, Sunday, 5:28 pm, 90, Dry, N, Daylight, Rear End, Not Injured, N, N