Nation,Total Units,Total Fatalities,Total Serious Injuries,Total Minor Injuries,Year,Month,Day,Time,Speed Limit,Moisture,Adverse Weather Conditions,DayNight,Crash Type,Crash Severity,Alcohol Related ,Drug Related
US, 2, 0, 0, 0, 2017, January, Monday, 2:23 am, 90, Dry, N, Night, Rear End, Minor Injury, Y, N
US, 2, 0, 0, 0, 2017, January, Friday, 5:39 pm, 90, Dry, N, Daylight, Rear End, Minor Injury, N, N
US, 2, 0, 0, 0, 2017, February, Tuesday, 9:30 pm, 60, Dry, N, Night, Rear End, Not Injured, N, N
US, 4, 0, 0, 2, 2017, February, Tuesday, 10:24 pm, 90, Dry, N, Night, Rear End, Minor Injury, N, N
US, 2, 0, 0, 0, 2017, February, Tuesday, 7:15 am, 40, Dry, N, Daylight, Head On, Not Injured, N, N
US, 2, 0, 0, 0, 2017, February, Saturday, 11:56 am, 40, Dry, N, Daylight, Side Swipe, Not Injured, N, N
US, 2, 0, 0, 1, 2017, February, Tuesday, 9:00 am, 40, Dry, N, Daylight, Head On, Minor Injury, N, N
US, 2, 0, 0, 0, 2017, February, Tuesday, 9:14 am, 40, Dry, N, Daylight, Right Angle, Not Injured, N, N
US, 2, 0, 0, 0, 2017, February, Saturday, 4:58 pm, 60, Dry, N, Daylight, Rear End, Not Injured, N, N
US, 2, 0, 0, 1, 2017, February, Thursday, 11:02 pm, 40, Dry, N, Night, Right Angle, Minor Injury, N, N
US, 2, 1, 0, 0, 2017, February, Monday, 8:45 am, 60, Dry, N, Daylight, Right Angle, Fatal, N, N
US, 2, 0, 0, 0, 2017, February, Sunday, 6:45 pm, 90, Dry, N, Night, Rear End, Not Injured, N, N
US, 2, 0, 0, 0, 2017, February, Friday, 11:03 pm, 40, Wet, Y, Night, Rear End, Not Injured, N, N
US, 2, 0, 0, 0, 2017, February, Monday, 2:53 pm, 40, Dry, N, Daylight, Rear End, Not Injured, N, N
US, 2, 0, 0, 0, 2017, February, Tuesday, 4:32 pm, 60, Dry, N, Daylight, Right Angle, Not Injured, N, N
US, 2, 0, 0, 0, 2017, February, Tuesday, 7:56 pm, 30, Wet, Y, Night, Rear End, Not Injured, N, N
US, 2, 0, 0, 1, 2017, February, Saturday, 1:31 pm, 60, Dry, N, Daylight, Rear End, Minor Injury, N, N
US, 2, 0, 0, 2, 2017, February, Monday, 6:11 am, 40, Dry, N, Daylight, Head On, Minor Injury, N, N
US, 3, 0, 0, 0, 2017, February, Monday, 10:15 am, 60, Dry, N, Daylight, Rear End, Minor Injury, N, N
US, 2, 0, 0, 0, 2017, January, Friday, 6:59 am, 90, Dry, N, Daylight, Rear End, Minor Injury, N, N
US, 2, 0, 0, 0, 2017, March, Wednesday, 6:19 am, 40, Wet, Y, Night, Hit Pedestrian, Minor Injury, N, N
US, 2, 0, 0, 1, 2017, March, Wednesday, 8:34 am, 60, Wet, Y, Daylight, Right Angle, Minor Injury, N, N
US, 2, 0, 0, 0, 2017, March, Wednesday, 7:06 am, 60, Wet, Y, Daylight, Rear End, Not Injured, N, N
US, 2, 0, 0, 0, 2017, March, Wednesday, 9:05 am, 70, Dry, Y, Daylight, Rear End, Not Injured, N, N
US, 2, 0, 0, 0, 2017, March, Wednesday, 8:20 am, 60, Wet, Y, Daylight, Right Angle, Not Injured, N, N
US, 2, 0, 0, 0, 2017, March, Wednesday, 9:24 am, 60, Wet, Y, Daylight, Right Angle, Not Injured, N, N
US, 2, 0, 0, 0, 2017, February, Monday, 5:58 pm, 70, Dry, N, Daylight, Rear End, Not Injured, N, N
US, 2, 0, 0, 0, 2017, February, Saturday, 12:00 am, 40, Dry, N, Daylight, Right Angle, Not Injured, N, N
US, 2, 0, 0, 0, 2017, March, Wednesday, 12:45 am, 60, Wet, N, Daylight, Right Angle, Not Injured, N, N
US, 3, 0, 0, 0, 2017, March, Wednesday, 2:55 pm, 40, Dry, N, Daylight, Rear End, Not Injured, N, N
US, 2, 0, 0, 0, 2017, March, Wednesday, 9:11 pm, 40, Wet, N, Night, Right Angle, Not Injured, N, N
US, 4, 0, 0, 0, 2017, March, Wednesday, 8:47 pm, 40, Wet, N, Night, Side Swipe, Not Injured, N, N
US, 2, 0, 0, 0, 2017, March, Wednesday, 2:14 am, 40, Dry, N, Night, Rear End, Not Injured, Y, N
US, 2, 0, 0, 0, 2017, February, Sunday, 1:42 pm, 40, Dry, N, Daylight, Right Angle, Not Injured, N, N
US, 2, 0, 0, 0, 2017, March, Thursday, 10:00 am, 40, Dry, N, Daylight, Side Swipe, Not Injured, N, N
US, 2, 0, 0, 0, 2017, March, Wednesday, 11:55 am, 40, Wet, Y, Daylight, Rear End, Not Injured, Y, N
US, 2, 0, 0, 0, 2017, March, Wednesday, 6:40 pm, 40, Wet, Y, Night, Right Angle, Not Injured, N, N
US, 2, 0, 0, 0, 2017, March, Thursday, 3:13 pm, 40, Dry, N, Daylight, Right Angle, Not Injured, N, N
US, 2, 0, 0, 0, 2017, March, Wednesday, 8:08 pm, 60, Dry, N, Night, Right Angle, Not Injured, N, N
US, 2, 0, 0, 0, 2017, January, Tuesday, 10:45 am, 40, Dry, N, Daylight, Rear End, Not Injured, N, N
US, 2, 0, 0, 0, 2017, March, Thursday, 5:56 pm, 40, Dry, N, Daylight, Rear End, Not Injured, N, N
US, 2, 0, 0, 0, 2017, March, Friday, 4:56 am, 60, Dry, N, Night, Right Angle, Not Injured, N, N
US, 2, 0, 0, 0, 2017, February, Monday, 2:43 pm, 60, Dry, N, Daylight, Rear End, Not Injured, N, N
US, 2, 0, 0, 0, 2017, March, Friday, 7:41 am, 40, Dry, N, Daylight, Rear End, Not Injured, N, N
US, 2, 0, 0, 0, 2017, March, Friday, 7:54 am, 40, Dry, N, Daylight, Right Angle, Not Injured, N, N
US, 2, 0, 2, 0, 2017, March, Friday, 8:52 am, 40, Dry, N, Daylight, Right Angle, Major Injury, N, N
US, 2, 0, 0, 0, 2017, March, Friday, 6:43 am, 60, Dry, N, Daylight, Right Angle, Not Injured, N, N
US, 2, 0, 0, 2, 2017, March, Friday, 9:30 am, 60, Wet, N, Daylight, Rear End, Minor Injury, N, N
US, 2, 0, 0, 1, 2017, February, Saturday, 10:44 am, 60, Dry, N, Daylight, Rear End, Minor Injury, N, N
US, 4, 0, 0, 0, 2017, March, Friday, 2:54 pm, 60, Dry, N, Daylight, Rear End, Not Injured, N, N
US, 2, 0, 0, 1, 2017, March, Friday, 2:57 pm, 40, Dry, N, Daylight, Hit Pedestrian, Minor Injury, N, N
US, 2, 0, 0, 1, 2017, March, Friday, 2:25 pm, 40, Dry, N, Daylight, Head On, Minor Injury, N, N
US, 2, 0, 0, 0, 2017, March, Thursday, 11:50 pm, 40, Dry, N, Night, Side Swipe, Not Injured, N, N
US, 2, 0, 0, 1, 2017, March, Thursday, 5:37 pm, 40, Dry, N, Daylight, Right Angle, Minor Injury, N, N
US, 2, 0, 0, 0, 2017, March, Friday, 10:00 pm, 60, Dry, N, Night, Right Angle, Not Injured, N, N
US, 2, 0, 0, 1, 2017, March, Friday, 11:42 pm, 40, Dry, N, Night, Right Angle, Minor Injury, Y, N
US, 3, 0, 1, 1, 2017, February, Friday, 6:46 pm, 40, Dry, N, Night, Right Angle, Major Injury, Y, N
US, 2, 0, 0, 0, 2017, March, Friday, 3:20 pm, 60, Dry, N, Daylight, Rear End, Not Injured, N, N
US, 2, 0, 0, 2, 2017, March, Saturday, 2:47 am, 50, Dry, N, Night, Side Swipe, Minor Injury, N, N
US, 2, 0, 0, 0, 2017, March, Friday, 8:18 am, 60, Dry, N, Daylight, Right Angle, Not Injured, N, N
US, 2, 0, 0, 0, 2017, March, Friday, 7:30 am, 40, Dry, N, Daylight, Right Angle, Not Injured, N, N
US, 2, 0, 0, 0, 2017, February, Tuesday, 5:15 pm, 40, Dry, N, Daylight, Right Angle, Not Injured, N, N
US, 2, 0, 0, 0, 2017, March, Saturday, 6:05 am, 60, Dry, N, Daylight, Rear End, Minor Injury, Y, N
US, 2, 0, 0, 0, 2017, March, Saturday, 9:10 am, 40, Dry, N, Daylight, Side Swipe, Minor Injury, N, N
US, 2, 0, 0, 0, 2017, March, Friday, 2:59 pm, 60, Dry, N, Daylight, Rear End, Not Injured, N, N
US, 2, 0, 0, 0, 2017, February, Wednesday, 8:59 am, 20, Dry, N, Daylight, Side Swipe, Not Injured, N, N
US, 2, 0, 0, 0, 2017, March, Saturday, 2:00 pm, 40, Dry, N, Daylight, Right Angle, Minor Injury, N, N
US, 2, 0, 0, 0, 2017, March, Saturday, 2:51 pm, 40, Dry, N, Daylight, Right Angle, Not Injured, N, N
US, 2, 0, 0, 0, 2017, March, Friday, 2:41 pm, 60, Dry, N, Daylight, Rear End, Not Injured, N, N
US, 2, 0, 0, 1, 2017, March, Friday, 7:37 pm, 60, Dry, N, Night, Rear End, Minor Injury, N, N
US, 2, 0, 0, 0, 2017, March, Saturday, 3:53 pm, 40, Dry, N, Daylight, Right Angle, Not Injured, N, N
US, 2, 0, 0, 0, 2017, March, Saturday, 4:50 pm, 40, Dry, N, Daylight, Right Angle, Minor Injury, N, N
US, 2, 0, 0, 0, 2017, March, Friday, 6:47 pm, 40, Dry, N, Night, Right Angle, Not Injured, N, N
US, 2, 0, 0, 0, 2017, March, Saturday, 2:17 am, 40, Dry, N, Night, Head On, Not Injured, N, N
US, 2, 0, 0, 0, 2017, March, Thursday, 1:35 pm, 40, Dry, N, Daylight, Rear End, Minor Injury, Y, N
US, 3, 0, 0, 0, 2017, March, Saturday, 8:42 am, 60, Dry, N, Daylight, Right Angle, Minor Injury, N, N
US, 2, 0, 0, 0, 2017, February, Tuesday, 5:49 pm, 60, Dry, N, Daylight, Rear End, Not Injured, N, N
US, 2, 0, 0, 0, 2017, March, Saturday, 10:13 am, 60, Dry, N, Daylight, Right Angle, Minor Injury, N, N
US, 2, 0, 0, 0, 2017, March, Thursday, 10:35 pm, 60, Dry, N, Night, Side Swipe, Not Injured, N, N
US, 2, 0, 0, 0, 2017, February, Saturday, 1:40 am, 40, Dry, N, Night, Right Angle, Not Injured, N, N
US, 2, 0, 0, 0, 2017, March, Saturday, 8:20 pm, 40, Dry, N, Night, Side Swipe, Not Injured, Y, N
US, 2, 0, 0, 0, 2017, March, Sunday, 5:50 pm, 40, Dry, N, Daylight, Right Angle, Not Injured, N, N
US, 2, 0, 0, 1, 2017, March, Saturday, 10:12 pm, 40, Dry, N, Night, Right Angle, Minor Injury, N, N
US, 2, 0, 0, 0, 2017, March, Saturday, 8:38 pm, 60, Dry, N, Night, Rear End, Not Injured, N, N
US, 2, 0, 0, 0, 2017, March, Saturday, 3:30 pm, 50, Dry, N, Daylight, Right Angle, Not Injured, N, N
US, 3, 0, 0, 0, 2017, March, Sunday, 2:15 am, 40, Dry, N, Night, Side Swipe, Not Injured, N, N
US, 2, 0, 0, 1, 2017, March, Sunday, 10:17 am, 40, Dry, N, Daylight, Right Angle, Minor Injury, N, N
US, 2, 0, 0, 2, 2017, March, Monday, 8:50 am, 50, Wet, Y, Daylight, Rear End, Minor Injury, N, N
US, 3, 0, 2, 0, 2017, March, Monday, 6:43 am, 40, Dry, N, Daylight, Right Angle, Major Injury, N, N
US, 2, 0, 0, 2, 2017, March, Monday, 8:30 am, 40, Wet, Y, Daylight, Right Angle, Minor Injury, N, N
US, 2, 0, 0, 0, 2017, March, Monday, 10:00 am, 40, Wet, N, Daylight, Rear End, Not Injured, N, N
US, 2, 0, 0, 0, 2017, March, Monday, 8:40 am, 60, Wet, N, Daylight, Right Angle, Not Injured, N, N
US, 2, 0, 0, 0, 2017, March, Sunday, 1:57 pm, 40, Dry, N, Daylight, Right Angle, Not Injured, N, N
US, 2, 0, 0, 0, 2017, March, Monday, 12:25 am, 60, Dry, N, Daylight, Side Swipe, Minor Injury, N, N
US, 2, 0, 0, 0, 2017, February, Tuesday, 6:58 am, 40, Dry, N, Daylight, Rear End, Not Injured, N, N
US, 2, 0, 0, 0, 2017, March, Thursday, 2:23 pm, 60, Dry, N, Daylight, Right Angle, Not Injured, N, N
US, 2, 0, 0, 0, 2017, February, Thursday, 8:00 pm, 40, Dry, N, Night, Right Angle, Not Injured, N, N
US, 2, 0, 0, 0, 2017, March, Monday, 12:45 am, 60, Dry, N, Daylight, Right Angle, Not Injured, N, N
US, 2, 0, 0, 0, 2017, February, Wednesday, 3:30 pm, 40, Dry, N, Daylight, Rear End, Minor Injury, N, N
US, 2, 0, 0, 0, 2017, March, Friday, 3:46 pm, 90, Dry, N, Daylight, Rear End, Not Injured, N, N
US, 2, 0, 0, 0, 2017, February, Friday, 9:52 am, 90, Dry, N, Daylight, Rear End, Minor Injury, N, N
US, 3, 0, 0, 0, 2017, February, Saturday, 5:30 pm, 90, Dry, N, Daylight, Rear End, Minor Injury, N, N
US, 2, 0, 0, 0, 2017, March, Wednesday, 5:58 am, 110, Wet, Y, Night, Right Angle, Not Injured, Y, N
US, 4, 0, 0, 0, 2017, March, Friday, 3:28 pm, 90, Dry, N, Daylight, Rear End, Not Injured, N, N
US, 2, 0, 0, 0, 2017, February, Friday, 12:56 am, 90, Dry, N, Daylight, Rear End, Not Injured, N, N
US, 2, 0, 0, 0, 2017, March, Wednesday, 10:02 am, 90, Dry, Y, Daylight, Rear End, Not Injured, N, N
US, 2, 0, 0, 1, 2017, March, Wednesday, 10:08 am, 90, Wet, Y, Daylight, Right Angle, Minor Injury, N, N
US, 3, 0, 0, 0, 2017, February, Sunday, 3:09 am, 40, Dry, N, Night, Right Angle, Not Injured, N, N
US, 2, 0, 0, 0, 2017, March, Monday, 3:15 pm, 60, Dry, N, Daylight, Side Swipe, Not Injured, N, N
US, 2, 0, 1, 0, 2017, March, Monday, 4:17 pm, 60, Wet, Y, Daylight, Rear End, Major Injury, N, N
US, 2, 0, 0, 0, 2017, February, Friday, 2:39 pm, 40, Dry, N, Daylight, Right Angle, Minor Injury, N, N
US, 2, 0, 0, 2, 2017, March, Monday, 4:35 pm, 40, Wet, Y, Daylight, Right Angle, Minor Injury, Y, N
US, 2, 0, 0, 0, 2017, March, Monday, 3:40 pm, 40, Dry, N, Daylight, Right Angle, Not Injured, N, N
US, 2, 0, 0, 0, 2017, March, Monday, 5:00 pm, 40, Wet, Y, Daylight, Right Angle, Minor Injury, N, N
US, 2, 0, 0, 0, 2017, March, Monday, 5:30 pm, 40, Wet, Y, Daylight, Right Angle, Not Injured, N, N
US, 2, 0, 0, 1, 2017, March, Monday, 5:10 pm, 40, Wet, Y, Daylight, Right Angle, Minor Injury, N, N
US, 2, 0, 0, 0, 2017, March, Monday, 7:00 pm, 40, Wet, Y, Night, Side Swipe, Not Injured, N, N
US, 3, 0, 0, 0, 2017, March, Friday, 10:25 pm, 40, Dry, N, Night, Head On, Minor Injury, Y, N
US, 2, 0, 0, 0, 2017, March, Monday, 11:48 pm, 40, Wet, Y, Night, Rear End, Not Injured, N, N
US, 2, 0, 0, 0, 2017, February, Monday, 1:04 pm, 40, Dry, N, Daylight, Rear End, Not Injured, N, N
US, 2, 0, 0, 0, 2017, March, Wednesday, 12:46 am, 40, Wet, N, Daylight, Rear End, Not Injured, N, N
US, 6, 0, 0, 0, 2017, February, Friday, 1:57 pm, 90, Dry, N, Daylight, Rear End, Minor Injury, N, N
US, 3, 0, 0, 0, 2017, March, Friday, 4:16 pm, 90, Dry, N, Daylight, Rear End, Not Injured, N, N
US, 2, 0, 0, 0, 2017, March, Saturday, 11:00 am, 70, Dry, N, Daylight, Right Angle, Not Injured, N, N
US, 2, 0, 0, 0, 2017, March, Sunday, 1:00 pm, 70, Dry, N, Daylight, Rear End, Not Injured, N, N
US, 2, 0, 0, 0, 2017, March, Monday, 12:30 am, 60, Dry, N, Daylight, Rear End, Not Injured, N, N
US, 2, 0, 0, 0, 2017, March, Tuesday, 9:03 am, 40, Wet, Y, Daylight, Rear End, Not Injured, N, N
US, 2, 0, 0, 0, 2017, February, Tuesday, 9:04 am, 60, Dry, N, Daylight, Right Angle, Not Injured, N, N
US, 2, 0, 0, 0, 2017, March, Monday, 8:35 am, 40, Wet, Y, Daylight, Right Angle, Not Injured, N, N
US, 2, 0, 0, 1, 2017, March, Tuesday, 7:20 am, 60, Dry, N, Daylight, Rear End, Minor Injury, N, N
US, 2, 0, 0, 0, 2017, March, Tuesday, 4:29 pm, 40, Wet, Y, Daylight, Hit Pedestrian, Minor Injury, N, N
US, 2, 0, 0, 2, 2017, March, Monday, 5:00 pm, 40, Wet, Y, Night, Right Angle, Minor Injury, N, N
US, 3, 0, 0, 0, 2017, February, Thursday, 6:15 pm, 40, Dry, N, Night, Rear End, Not Injured, N, N
US, 2, 0, 0, 0, 2017, March, Monday, 10:45 pm, 90, Wet, Y, Night, Right Angle, Not Injured, Y, N
US, 2, 0, 0, 0, 2017, March, Tuesday, 5:39 pm, 40, Wet, N, Daylight, Rear End, Not Injured, N, N
US, 2, 0, 0, 0, 2017, March, Thursday, 5:10 pm, 70, Dry, N, Daylight, Rear End, Not Injured, N, N
US, 2, 0, 0, 0, 2017, March, Tuesday, 4:17 pm, 50, Wet, Y, Daylight, Right Angle, Minor Injury, N, N
US, 2, 0, 0, 0, 2017, March, Tuesday, 12:15 am, 60, Wet, Y, Daylight, Rear End, Not Injured, N, N
US, 2, 0, 0, 0, 2017, March, Wednesday, 5:12 pm, 70, Dry, N, Daylight, Rear End, Not Injured, N, N
US, 2, 0, 0, 0, 2017, March, Tuesday, 10:19 pm, 40, Wet, Y, Night, Right Angle, Not Injured, N, N
US, 2, 0, 0, 0, 2017, March, Tuesday, 11:20 pm, 40, Wet, Y, Night, Right Angle, Not Injured, N, N
US, 2, 0, 0, 0, 2017, February, Friday, 7:26 pm, 40, Dry, N, Night, Head On, Not Injured, Y, N
US, 2, 0, 0, 0, 2017, March, Sunday, 6:35 pm, 40, Dry, N, Night, Side Swipe, Not Injured, Y, N
US, 2, 0, 0, 0, 2017, March, Friday, 2:30 pm, 90, Dry, N, Daylight, Rear End, Not Injured, N, N
US, 2, 0, 0, 1, 2017, March, Saturday, 6:56 pm, 90, Dry, N, Night, Rear End, Minor Injury, N, N
US, 2, 0, 0, 0, 2017, March, Tuesday, 4:09 pm, 60, Wet, Y, Daylight, Right Angle, Not Injured, N, N
US, 3, 0, 0, 0, 2017, March, Tuesday, 3:48 pm, 40, Wet, Y, Daylight, Rear End, Not Injured, N, N
US, 2, 0, 0, 0, 2017, March, Tuesday, 11:48 am, 60, Dry, N, Daylight, Rear End, Not Injured, N, N
US, 2, 0, 0, 0, 2017, March, Wednesday, 7:00 am, 40, Dry, N, Daylight, Right Angle, Not Injured, N, N
US, 2, 0, 0, 0, 2017, March, Saturday, 9:25 am, 60, Dry, N, Daylight, Rear End, Not Injured, N, N
US, 2, 0, 0, 1, 2017, March, Wednesday, 9:02 am, 60, Dry, N, Daylight, Right Angle, Minor Injury, N, N
US, 3, 0, 0, 0, 2017, February, Monday, 4:58 pm, 60, Dry, N, Daylight, Rear End, Not Injured, N, N
US, 2, 0, 0, 1, 2017, March, Tuesday, 10:02 pm, 60, Wet, Y, Night, Right Angle, Minor Injury, N, N
US, 2, 0, 0, 1, 2017, March, Wednesday, 4:04 pm, 40, Dry, N, Daylight, Right Angle, Minor Injury, N, N
US, 3, 0, 0, 0, 2017, March, Tuesday, 3:39 pm, 40, Wet, Y, Daylight, Rear End, Not Injured, N, N
US, 2, 0, 0, 0, 2017, March, Wednesday, 2:17 pm, 60, Dry, N, Daylight, Rear End, Not Injured, N, N
US, 2, 0, 0, 0, 2017, March, Tuesday, 10:59 pm, 90, Wet, Y, Night, Rear End, Not Injured, N, N
US, 2, 0, 0, 0, 2017, March, Wednesday, 7:55 pm, 60, Dry, N, Night, Right Angle, Not Injured, N, N
US, 2, 0, 0, 0, 2017, February, Thursday, 5:40 pm, 60, Dry, N, Daylight, Rear End, Not Injured, N, N
US, 2, 0, 0, 0, 2017, March, Friday, 7:35 pm, 90, Dry, N, Night, Rear End, Minor Injury, N, N
US, 2, 0, 0, 0, 2017, March, Monday, 9:45 pm, 90, Wet, Y, Night, Right Angle, Not Injured, Y, N
US, 2, 0, 0, 0, 2017, February, Thursday, 2:37 pm, 30, Dry, N, Daylight, Head On, Not Injured, N, N
US, 2, 0, 0, 0, 2017, March, Wednesday, 12:45 am, 40, Dry, N, Daylight, Right Angle, Not Injured, N, N
US, 3, 0, 0, 1, 2017, March, Wednesday, 4:12 pm, 60, Dry, N, Daylight, Rear End, Minor Injury, N, N
US, 2, 0, 0, 0, 2017, March, Thursday, 8:17 am, 40, Dry, N, Daylight, Right Angle, Not Injured, N, N
US, 2, 0, 0, 0, 2017, March, Thursday, 7:47 am, 40, Dry, N, Daylight, Right Angle, Not Injured, N, N
US, 2, 0, 0, 0, 2017, March, Thursday, 8:17 am, 40, Dry, N, Daylight, Rear End, Not Injured, N, N
US, 2, 0, 0, 1, 2017, March, Tuesday, 9:12 pm, 60, Wet, Y, Night, Head On, Minor Injury, N, N
US, 2, 0, 0, 0, 2017, February, Wednesday, 9:07 pm, 40, Dry, N, Night, Right Angle, Not Injured, N, N
US, 2, 0, 0, 0, 2017, March, Thursday, 10:00 am, 40, Dry, N, Daylight, Hit Pedestrian, Minor Injury, N, N
US, 2, 0, 0, 0, 2017, March, Thursday, 8:00 am, 70, Dry, N, Daylight, Right Angle, Not Injured, N, N
US, 2, 0, 0, 0, 2017, March, Thursday, 2:45 pm, 60, Dry, N, Daylight, Side Swipe, Not Injured, N, N
US, 3, 0, 0, 0, 2017, March, Thursday, 10:59 am, 40, Dry, N, Daylight, Side Swipe, Not Injured, N, N
US, 2, 0, 0, 0, 2017, March, Wednesday, 8:06 pm, 60, Dry, N, Night, Head On, Minor Injury, Y, N
US, 2, 0, 0, 1, 2017, March, Thursday, 6:16 pm, 40, Dry, N, Daylight, Right Angle, Minor Injury, N, N
US, 2, 0, 0, 0, 2017, March, Thursday, 3:45 pm, 60, Dry, N, Daylight, Right Angle, Minor Injury, N, N
US, 2, 0, 0, 0, 2017, March, Thursday, 5:01 pm, 20, Dry, N, Daylight, Head On, Minor Injury, Y, N
US, 5, 0, 0, 0, 2017, March, Thursday, 10:47 pm, 40, Wet, Y, Night, Rear End, Not Injured, N, N
US, 2, 0, 0, 0, 2017, March, Wednesday, 7:00 am, 40, Dry, N, Daylight, Side Swipe, Not Injured, N, N
US, 2, 0, 0, 0, 2017, March, Friday, 2:00 am, 60, Wet, Y, Night, Right Angle, Minor Injury, N, N
US, 2, 0, 0, 0, 2017, March, Thursday, 11:00 am, 40, Dry, N, Daylight, Rear End, Not Injured, N, N
US, 3, 0, 0, 1, 2017, March, Friday, 2:07 am, 60, Wet, Y, Night, Head On, Minor Injury, Y, N
US, 2, 0, 0, 0, 2017, March, Thursday, 12:00 am, 40, Dry, N, Daylight, Head On, Not Injured, N, N
US, 2, 0, 0, 0, 2017, March, Tuesday, 7:23 am, 60, Dry, N, Daylight, Right Angle, Not Injured, N, N
US, 2, 0, 0, 0, 2017, March, Saturday, 6:45 pm, 50, Dry, N, Night, Head On, Not Injured, N, N
US, 2, 0, 0, 0, 2017, March, Friday, 10:22 am, 60, Wet, Y, Daylight, Right Angle, Minor Injury, N, N
US, 2, 0, 0, 0, 2017, March, Friday, 9:30 am, 40, Dry, N, Daylight, Side Swipe, Not Injured, N, N
US, 2, 0, 0, 0, 2017, March, Thursday, 10:59 pm, 40, Wet, Y, Night, Side Swipe, Not Injured, N, N
US, 2, 0, 0, 0, 2017, March, Wednesday, 5:39 pm, 40, Dry, N, Daylight, Rear End, Not Injured, N, N
US, 2, 0, 0, 0, 2017, March, Thursday, 6:55 pm, 60, Dry, N, Night, Right Angle, Minor Injury, N, N
US, 2, 0, 0, 0, 2017, March, Tuesday, 9:27 pm, 40, Wet, Y, Night, Right Angle, Not Injured, N, N
US, 2, 0, 0, 0, 2017, March, Friday, 4:40 pm, 40, Dry, N, Daylight, Right Angle, Not Injured, N, N
US, 2, 0, 0, 0, 2017, March, Friday, 4:44 pm, 60, Dry, N, Daylight, Right Angle, Not Injured, N, N
US, 2, 0, 0, 0, 2017, March, Friday, 5:08 pm, 60, Dry, N, Daylight, Right Angle, Not Injured, N, N
US, 2, 0, 0, 0, 2017, March, Friday, 6:15 pm, 70, Dry, N, Daylight, Side Swipe, Not Injured, N, N
US, 2, 0, 0, 0, 2017, March, Friday, 5:55 am, 40, Wet, Y, Night, Right Angle, Not Injured, N, N
US, 2, 0, 0, 0, 2017, March, Friday, 9:55 pm, 60, Dry, N, Night, Right Angle, Not Injured, N, N
US, 2, 0, 0, 0, 2017, March, Friday, 5:15 am, 40, Wet, Y, Night, Rear End, Not Injured, N, N
US, 2, 0, 0, 2, 2017, March, Friday, 4:25 pm, 40, Dry, N, Daylight, Right Angle, Minor Injury, N, N
US, 2, 0, 0, 0, 2017, March, Saturday, 11:48 am, 40, Dry, N, Daylight, Right Angle, Not Injured, N, N
US, 2, 0, 0, 0, 2017, March, Saturday, 11:10 am, 50, Dry, N, Daylight, Right Angle, Not Injured, N, N
US, 2, 0, 0, 0, 2017, March, Saturday, 12:05 am, 40, Dry, N, Daylight, Side Swipe, Not Injured, N, N
US, 2, 0, 0, 0, 2017, March, Saturday, 11:55 am, 40, Dry, N, Daylight, Rear End, Not Injured, N, N
US, 2, 0, 0, 1, 2017, March, Friday, 1:19 pm, 60, Wet, N, Daylight, Rear End, Minor Injury, N, N
US, 3, 0, 0, 2, 2017, March, Friday, 8:45 am, 30, Dry, N, Night, Rear End, Minor Injury, N, N
US, 2, 0, 0, 0, 2017, March, Friday, 7:09 pm, 60, Dry, N, Night, Rear End, Minor Injury, N, N
US, 2, 0, 0, 0, 2017, March, Saturday, 3:28 pm, 60, Dry, N, Daylight, Right Angle, Not Injured, N, N
US, 2, 0, 0, 1, 2017, March, Saturday, 4:03 pm, 40, Dry, N, Daylight, Rear End, Minor Injury, N, N
US, 2, 0, 0, 0, 2017, March, Saturday, 10:44 am, 60, Dry, N, Daylight, Right Angle, Not Injured, N, N
US, 2, 0, 0, 0, 2017, March, Saturday, 4:00 pm, 60, Dry, N, Daylight, Rear End, Not Injured, N, N
US, 2, 0, 0, 0, 2017, March, Saturday, 5:00 pm, 40, Dry, N, Daylight, Side Swipe, Not Injured, N, N
US, 2, 0, 0, 1, 2017, March, Friday, 10:18 pm, 60, Dry, N, Night, Rear End, Minor Injury, Y, N
US, 2, 0, 0, 0, 2017, March, Saturday, 5:51 pm, 60, Dry, N, Daylight, Side Swipe, Not Injured, Y, N
US, 2, 0, 0, 1, 2017, February, Thursday, 10:05 pm, 60, Dry, N, Night, Rear End, Minor Injury, N, N
US, 2, 0, 0, 0, 2017, March, Saturday, 11:35 pm, 40, Dry, N, Night, Rear End, Not Injured, Y, N
US, 2, 0, 0, 0, 2017, March, Sunday, 3:00 am, 40, Dry, N, Night, Right Angle, Not Injured, N, N
US, 2, 0, 0, 0, 2017, March, Tuesday, 10:16 pm, 40, Wet, Y, Night, Hit Pedestrian, Minor Injury, N, N
US, 2, 0, 0, 0, 2017, March, Saturday, 4:28 pm, 30, Dry, N, Daylight, Right Angle, Not Injured, N, N
US, 2, 0, 1, 0, 2017, March, Sunday, 12:38 am, 50, Dry, N, Night, Head On, Major Injury, N, N
US, 2, 0, 0, 1, 2017, March, Wednesday, 12:24 am, 40, Dry, N, Daylight, Right Angle, Minor Injury, N, N
US, 2, 0, 0, 0, 2017, March, Sunday, 8:50 am, 20, Dry, N, Daylight, Right Angle, Not Injured, N, N
US, 2, 0, 0, 0, 2017, March, Friday, 1:25 pm, 60, Wet, N, Daylight, Rear End, Not Injured, N, N