Nation,Total Units,Total Fatalities,Total Serious Injuries,Total Minor Injuries,Year,Month,Day,Time,Speed Limit,Moisture,Adverse Weather Conditions,DayNight,Crash Type,Crash Severity,Alcohol Related ,Drug Related
US, 2, 0, 0, 0, 2017, March, Friday, 8:40 am, 60, Wet, Y, Daylight, Right Angle, Minor Injury, N, N
US, 2, 0, 0, 0, 2017, March, Sunday, 12:23 am, 30, Dry, N, Daylight, Right Angle, Minor Injury, N, N
US, 3, 0, 0, 0, 2017, March, Sunday, 4:15 pm, 60, Dry, N, Daylight, Rear End, Not Injured, N, N
US, 2, 0, 0, 0, 2017, March, Friday, 11:42 am, 90, Wet, Y, Daylight, Right Angle, Not Injured, N, N
US, 2, 0, 0, 1, 2017, March, Saturday, 4:48 pm, 40, Dry, N, Daylight, Head On, Minor Injury, N, N
US, 3, 0, 0, 0, 2017, March, Sunday, 10:05 pm, 40, Dry, N, Night, Side Swipe, Not Injured, N, N
US, 2, 0, 0, 0, 2017, March, Saturday, 3:00 am, 40, Dry, Y, Night, Rear End, Not Injured, N, N
US, 2, 0, 0, 0, 2017, March, Sunday, 3:50 am, 40, Dry, N, Night, Side Swipe, Not Injured, N, N
US, 2, 0, 0, 1, 2017, March, Monday, 1:30 am, 40, Dry, N, Night, Rear End, Minor Injury, Y, N
US, 2, 0, 0, 1, 2017, March, Friday, 7:15 pm, 70, Dry, N, Night, Rear End, Minor Injury, N, N
US, 2, 0, 0, 0, 2017, March, Wednesday, 11:20 am, 60, Dry, N, Daylight, Side Swipe, Not Injured, N, N
US, 3, 0, 0, 1, 2017, March, Thursday, 1:00 pm, 40, Dry, N, Daylight, Right Angle, Minor Injury, N, N
US, 2, 0, 0, 0, 2017, March, Monday, 6:51 am, 60, Dry, N, Daylight, Right Angle, Not Injured, N, N
US, 2, 0, 0, 0, 2017, March, Friday, 3:43 pm, 60, Dry, N, Daylight, Rear End, Minor Injury, N, N
US, 6, 0, 0, 0, 2017, March, Monday, 10:56 am, 60, Dry, N, Daylight, Rear End, Minor Injury, N, N
US, 2, 0, 0, 0, 2017, March, Thursday, 9:33 am, 40, Dry, N, Daylight, Right Angle, Not Injured, N, N
US, 2, 0, 0, 0, 2017, March, Monday, 1:05 pm, 60, Dry, N, Daylight, Side Swipe, Not Injured, N, N
US, 2, 0, 1, 1, 2017, March, Monday, 1:15 pm, 60, Dry, N, Daylight, Rear End, Major Injury, N, N
US, 3, 0, 0, 2, 2017, March, Monday, 3:50 pm, 60, Dry, N, Daylight, Rear End, Minor Injury, N, N
US, 2, 0, 0, 0, 2017, March, Monday, 4:28 pm, 50, Dry, N, Daylight, Rear End, Minor Injury, N, N
US, 2, 0, 0, 0, 2017, March, Saturday, 4:10 pm, 60, Dry, N, Daylight, Rear End, Not Injured, N, N
US, 2, 0, 0, 0, 2017, March, Saturday, 3:09 pm, 60, Dry, N, Daylight, Rear End, Not Injured, N, N
US, 2, 0, 0, 0, 2017, March, Monday, 7:45 pm, 40, Wet, Y, Night, Side Swipe, Not Injured, N, N
US, 2, 0, 0, 0, 2017, February, Thursday, 5:56 pm, 60, Dry, N, Night, Rear End, Minor Injury, N, N
US, 2, 0, 0, 2, 2017, March, Friday, 10:38 pm, 40, Dry, N, Night, Head On, Minor Injury, Y, N
US, 2, 0, 0, 0, 2017, March, Thursday, 1:59 pm, 40, Dry, N, Daylight, Head On, Not Injured, N, N
US, 2, 0, 0, 0, 2017, March, Monday, 3:28 pm, 40, Dry, N, Daylight, Right Angle, Not Injured, N, N
US, 2, 0, 0, 0, 2017, March, Monday, 4:16 pm, 40, Dry, N, Daylight, Right Angle, Not Injured, N, N
US, 3, 0, 0, 0, 2017, March, Saturday, 8:21 am, 40, Dry, N, Daylight, Rear End, Not Injured, N, N
US, 2, 0, 0, 0, 2017, March, Tuesday, 9:05 am, 40, Wet, Y, Daylight, Rear End, Minor Injury, N, N
US, 2, 0, 0, 0, 2017, March, Tuesday, 10:18 am, 40, Dry, Y, Daylight, Right Angle, Minor Injury, N, N
US, 2, 0, 0, 0, 2017, March, Monday, 12:03 am, 60, Dry, N, Daylight, Right Angle, Not Injured, N, N
US, 2, 0, 0, 0, 2017, March, Saturday, 1:12 pm, 40, Dry, N, Daylight, Rear End, Minor Injury, N, N
US, 2, 0, 0, 0, 2017, March, Monday, 11:51 am, 40, Dry, N, Daylight, Right Angle, Minor Injury, N, N
US, 2, 0, 0, 0, 2017, March, Tuesday, 8:00 am, 60, Wet, Y, Daylight, Side Swipe, Not Injured, N, N
US, 2, 0, 0, 0, 2017, March, Monday, 9:12 am, 40, Dry, N, Daylight, Right Angle, Not Injured, N, N
US, 2, 0, 0, 0, 2017, March, Tuesday, 12:37 am, 40, Wet, Y, Daylight, Right Angle, Not Injured, N, N
US, 3, 0, 0, 1, 2017, March, Tuesday, 1:50 pm, 40, Wet, N, Daylight, Rear End, Minor Injury, N, N
US, 2, 0, 0, 0, 2017, March, Friday, 5:15 pm, 60, Dry, N, Daylight, Right Angle, Not Injured, N, N
US, 3, 0, 0, 0, 2017, March, Tuesday, 3:14 pm, 40, Wet, N, Daylight, Right Angle, Not Injured, N, N
US, 2, 0, 0, 0, 2017, March, Tuesday, 4:41 pm, 40, Wet, Y, Daylight, Rear End, Not Injured, N, N
US, 2, 0, 0, 0, 2017, March, Thursday, 3:13 pm, 50, Dry, N, Daylight, Rear End, Not Injured, N, N
US, 2, 0, 0, 1, 2017, March, Wednesday, 7:03 am, 90, Wet, N, Daylight, Rear End, Minor Injury, N, N
US, 2, 0, 0, 1, 2017, March, Monday, 8:03 am, 90, Dry, N, Daylight, Rear End, Minor Injury, N, N
US, 2, 0, 0, 0, 2017, January, Monday, 4:19 pm, 90, Dry, N, Night, Rear End, Not Injured, N, N
US, 2, 0, 0, 1, 2017, March, Tuesday, 5:02 pm, 50, Wet, Y, Daylight, Rear End, Minor Injury, N, N
US, 2, 0, 0, 0, 2017, March, Tuesday, 3:13 pm, 40, Wet, Y, Daylight, Head On, Not Injured, N, N
US, 3, 0, 0, 1, 2017, March, Tuesday, 4:27 pm, 60, Wet, Y, Daylight, Head On, Minor Injury, N, N
US, 2, 0, 0, 0, 2017, March, Monday, 4:44 pm, 60, Dry, N, Daylight, Right Angle, Not Injured, N, N
US, 2, 0, 0, 2, 2017, March, Tuesday, 7:23 pm, 40, Wet, Y, Night, Head On, Minor Injury, N, N
US, 3, 0, 0, 1, 2017, March, Tuesday, 4:08 pm, 60, Dry, Y, Daylight, Rear End, Minor Injury, N, N
US, 3, 0, 0, 0, 2017, March, Tuesday, 3:10 pm, 40, Wet, Y, Daylight, Side Swipe, Not Injured, N, N
US, 3, 0, 0, 1, 2017, February, Wednesday, 4:37 pm, 40, Dry, N, Daylight, Rear End, Minor Injury, N, N
US, 2, 0, 0, 0, 2017, March, Sunday, 4:10 am, 40, Dry, N, Night, Side Swipe, Not Injured, N, N
US, 2, 0, 0, 0, 2017, March, Tuesday, 4:11 pm, 40, Dry, N, Daylight, Right Angle, Not Injured, N, N
US, 2, 0, 0, 0, 2017, March, Wednesday, 7:29 am, 60, Dry, Y, Daylight, Right Angle, Minor Injury, N, N
US, 2, 0, 0, 0, 2017, March, Wednesday, 7:33 am, 60, Wet, Y, Daylight, Right Angle, Not Injured, N, N
US, 2, 0, 0, 0, 2017, March, Wednesday, 10:03 am, 60, Dry, Y, Daylight, Right Angle, Not Injured, N, N
US, 4, 0, 0, 0, 2017, March, Saturday, 8:45 pm, 60, Dry, N, Night, Rear End, Minor Injury, Y, N
US, 2, 0, 0, 0, 2017, March, Wednesday, 3:08 pm, 40, Dry, N, Daylight, Right Angle, Not Injured, N, N
US, 2, 0, 0, 0, 2017, March, Wednesday, 3:35 pm, 40, Dry, N, Daylight, Rear End, Not Injured, N, N
US, 4, 0, 0, 0, 2017, March, Wednesday, 2:49 pm, 60, Dry, N, Daylight, Right Angle, Minor Injury, N, N
US, 2, 0, 0, 0, 2017, March, Wednesday, 4:34 pm, 40, Dry, N, Daylight, Right Angle, Not Injured, N, N
US, 2, 0, 0, 0, 2017, March, Wednesday, 4:55 pm, 60, Dry, N, Daylight, Rear End, Not Injured, N, N
US, 2, 0, 0, 0, 2017, March, Wednesday, 5:30 pm, 60, Dry, N, Daylight, Right Angle, Not Injured, N, N
US, 4, 0, 0, 0, 2017, March, Tuesday, 11:08 pm, 40, Dry, Y, Night, Side Swipe, Not Injured, N, N
US, 2, 0, 0, 0, 2017, March, Friday, 7:36 am, 40, Dry, N, Daylight, Side Swipe, Minor Injury, N, N
US, 2, 0, 0, 0, 2017, March, Wednesday, 9:53 pm, 40, Dry, N, Night, Right Angle, Minor Injury, N, N
US, 2, 0, 0, 1, 2017, March, Wednesday, 6:03 am, 40, Dry, Y, Night, Side Swipe, Minor Injury, N, N
US, 2, 0, 0, 0, 2017, March, Wednesday, 3:30 pm, 40, Dry, N, Daylight, Right Angle, Not Injured, N, N
US, 2, 0, 0, 0, 2017, March, Thursday, 6:53 am, 40, Dry, N, Daylight, Right Angle, Not Injured, N, N
US, 2, 0, 0, 0, 2017, March, Thursday, 8:15 am, 40, Dry, Y, Daylight, Right Angle, Not Injured, N, N
US, 2, 0, 0, 0, 2017, March, Saturday, 8:15 pm, 40, Dry, N, Night, Rear End, Minor Injury, N, N
US, 2, 0, 0, 0, 2017, March, Thursday, 9:00 am, 40, Dry, N, Daylight, Right Angle, Not Injured, N, N
US, 2, 0, 0, 0, 2017, March, Thursday, 9:30 am, 40, Dry, N, Daylight, Right Angle, Not Injured, N, N
US, 2, 0, 0, 4, 2017, March, Thursday, 9:53 am, 40, Wet, N, Daylight, Head On, Minor Injury, N, N
US, 2, 0, 0, 0, 2017, March, Wednesday, 2:15 pm, 40, Dry, N, Daylight, Rear End, Not Injured, N, N
US, 3, 0, 0, 0, 2017, March, Thursday, 9:25 am, 40, Dry, N, Daylight, Side Swipe, Not Injured, N, N
US, 2, 0, 0, 1, 2017, March, Thursday, 6:42 am, 40, Dry, N, Night, Right Angle, Minor Injury, N, N
US, 2, 0, 0, 0, 2017, March, Thursday, 8:40 am, 60, Dry, N, Daylight, Right Angle, Not Injured, N, N
US, 3, 0, 0, 0, 2017, March, Thursday, 3:27 pm, 40, Dry, Y, Daylight, Right Angle, Not Injured, N, N
US, 3, 0, 0, 2, 2017, March, Thursday, 11:47 am, 60, Dry, N, Daylight, Rear End, Minor Injury, N, N
US, 2, 0, 0, 0, 2017, March, Wednesday, 5:10 pm, 60, Dry, N, Daylight, Rear End, Not Injured, N, N
US, 2, 0, 0, 0, 2017, March, Saturday, 6:15 pm, 40, Dry, N, Night, Side Swipe, Not Injured, Y, N
US, 3, 0, 0, 0, 2017, March, Tuesday, 3:52 pm, 60, Wet, Y, Daylight, Side Swipe, Not Injured, N, N
US, 2, 0, 0, 1, 2017, March, Tuesday, 9:04 pm, 40, Wet, Y, Night, Right Angle, Minor Injury, N, N
US, 2, 0, 0, 0, 2017, March, Thursday, 6:34 pm, 60, Dry, N, Daylight, Right Angle, Minor Injury, N, N
US, 2, 0, 0, 0, 2017, March, Thursday, 5:21 pm, 60, Dry, N, Daylight, Rear End, Not Injured, N, N
US, 2, 0, 0, 1, 2017, March, Thursday, 8:10 pm, 40, Dry, N, Night, Hit Pedestrian, Minor Injury, N, N
US, 2, 0, 0, 0, 2017, March, Thursday, 11:31 pm, 40, Wet, Y, Night, Right Angle, Not Injured, N, N
US, 4, 0, 0, 0, 2017, March, Thursday, 5:45 am, 40, Dry, N, Night, Side Swipe, Not Injured, N, N
US, 2, 0, 0, 0, 2017, March, Friday, 12:26 am, 60, Dry, N, Night, Rear End, Not Injured, N, N
US, 2, 0, 0, 0, 2017, March, Thursday, 6:50 am, 40, Wet, N, Daylight, Rear End, Minor Injury, N, N
US, 3, 0, 0, 0, 2017, March, Thursday, 2:16 pm, 90, Dry, N, Daylight, Rear End, Not Injured, N, N
US, 2, 0, 0, 2, 2017, March, Thursday, 6:37 pm, 40, Dry, N, Daylight, Right Angle, Minor Injury, N, N
US, 3, 0, 0, 0, 2017, March, Tuesday, 7:29 am, 20, Dry, N, Daylight, Rear End, Not Injured, N, N
US, 2, 0, 0, 0, 2017, March, Friday, 9:34 am, 60, Dry, N, Daylight, Head On, Not Injured, N, N
US, 2, 0, 0, 0, 2017, March, Friday, 8:10 am, 40, Dry, N, Daylight, Right Angle, Not Injured, N, N
US, 3, 0, 0, 0, 2017, March, Friday, 10:26 am, 40, Dry, N, Daylight, Right Angle, Not Injured, N, N
US, 2, 0, 0, 1, 2017, March, Friday, 9:56 am, 40, Dry, N, Daylight, Right Angle, Minor Injury, N, N
US, 2, 0, 0, 0, 2017, March, Tuesday, 12:09 am, 60, Wet, Y, Daylight, Right Angle, Not Injured, N, N
US, 3, 0, 0, 0, 2017, March, Friday, 8:34 am, 60, Dry, N, Daylight, Rear End, Not Injured, N, N
US, 2, 0, 0, 0, 2017, March, Friday, 11:58 am, 70, Dry, N, Daylight, Right Angle, Not Injured, N, N
US, 2, 0, 0, 0, 2017, March, Friday, 12:20 am, 40, Dry, N, Daylight, Head On, Not Injured, N, N
US, 3, 0, 0, 0, 2017, March, Friday, 12:05 am, 60, Dry, N, Daylight, Rear End, Not Injured, N, N
US, 2, 0, 0, 1, 2017, March, Friday, 1:14 pm, 60, Dry, N, Daylight, Rear End, Minor Injury, N, N
US, 2, 0, 0, 0, 2017, March, Friday, 2:36 pm, 40, Dry, N, Daylight, Right Angle, Not Injured, N, N
US, 3, 0, 0, 0, 2017, March, Friday, 5:10 pm, 60, Wet, Y, Daylight, Rear End, Not Injured, N, N
US, 2, 0, 0, 0, 2017, March, Friday, 6:10 pm, 60, Dry, Y, Daylight, Head On, Minor Injury, N, N
US, 2, 0, 0, 0, 2017, March, Friday, 5:30 pm, 40, Dry, Y, Night, Right Angle, Not Injured, N, N
US, 2, 0, 0, 0, 2017, March, Friday, 7:20 pm, 40, Dry, Y, Night, Side Swipe, Not Injured, N, N
US, 2, 0, 0, 0, 2017, March, Friday, 6:47 pm, 60, Dry, Y, Daylight, Right Angle, Not Injured, N, N
US, 2, 0, 0, 2, 2017, March, Friday, 6:26 pm, 40, Wet, Y, Daylight, Right Angle, Minor Injury, Y, N
US, 2, 0, 0, 0, 2017, March, Friday, 4:40 pm, 60, Wet, N, Daylight, Rear End, Not Injured, N, N
US, 2, 0, 0, 0, 2017, March, Friday, 6:15 pm, 40, Dry, Y, Daylight, Head On, Not Injured, N, N
US, 2, 0, 0, 0, 2017, March, Friday, 1:10 pm, 70, Dry, N, Daylight, Rear End, Not Injured, N, N
US, 2, 0, 0, 1, 2017, March, Saturday, 10:01 am, 40, Wet, Y, Daylight, Right Angle, Minor Injury, N, N
US, 2, 0, 0, 0, 2017, March, Saturday, 11:00 am, 40, Dry, N, Daylight, Right Angle, Not Injured, N, N
US, 2, 0, 0, 0, 2017, March, Saturday, 10:53 am, 60, Wet, N, Daylight, Head On, Not Injured, N, N
US, 2, 0, 0, 0, 2017, March, Saturday, 11:31 am, 30, Dry, N, Daylight, Right Angle, Not Injured, N, N
US, 3, 0, 0, 0, 2017, March, Saturday, 11:14 am, 40, Dry, N, Daylight, Right Angle, Not Injured, N, N
US, 2, 0, 0, 0, 2017, March, Friday, 1:49 am, 60, Dry, N, Night, Head On, Not Injured, Y, N
US, 3, 0, 0, 0, 2017, March, Friday, 10:02 am, 90, Dry, N, Daylight, Rear End, Not Injured, N, N
US, 2, 0, 0, 0, 2017, March, Sunday, 7:10 pm, 60, Dry, N, Daylight, Rear End, Not Injured, N, N
US, 2, 0, 0, 0, 2017, January, Friday, 5:20 pm, 60, Dry, N, Night, Rear End, Not Injured, N, N
US, 3, 0, 0, 0, 2017, January, Monday, 2:50 pm, 70, Dry, N, Daylight, Rear End, Not Injured, N, N
US, 2, 0, 0, 0, 2017, March, Saturday, 7:28 pm, 60, Dry, N, Night, Right Angle, Not Injured, N, N
US, 4, 0, 1, 0, 2017, March, Saturday, 4:33 pm, 40, Dry, N, Daylight, Side Swipe, Major Injury, N, N
US, 2, 0, 0, 0, 2017, March, Saturday, 10:20 pm, 60, Wet, Y, Night, Side Swipe, Not Injured, N, N
US, 2, 0, 0, 0, 2017, March, Friday, 10:58 pm, 40, Dry, N, Night, Head On, Not Injured, N, N
US, 4, 0, 0, 0, 2017, March, Sunday, 1:56 am, 40, Dry, N, Night, Rear End, Not Injured, Y, N
US, 2, 0, 0, 0, 2017, March, Saturday, 10:50 am, 60, Wet, N, Daylight, Right Angle, Not Injured, N, N
US, 2, 0, 0, 0, 2017, March, Sunday, 9:55 am, 30, Dry, N, Daylight, Head On, Not Injured, N, N
US, 2, 0, 0, 0, 2017, March, Sunday, 12:00 am, 40, Dry, N, Daylight, Right Angle, Not Injured, N, N
US, 2, 0, 0, 0, 2017, March, Sunday, 12:25 am, 40, Dry, N, Daylight, Head On, Not Injured, N, N
US, 2, 0, 0, 0, 2017, March, Sunday, 10:56 am, 60, Dry, N, Daylight, Right Angle, Not Injured, N, N
US, 2, 0, 0, 0, 2017, March, Friday, 2:35 pm, 60, Dry, N, Daylight, Side Swipe, Not Injured, N, N
US, 2, 0, 0, 0, 2017, March, Saturday, 9:14 pm, 30, Wet, Y, Night, Hit Pedestrian, Minor Injury, N, N
US, 3, 0, 0, 2, 2017, March, Sunday, 12:5 am, 60, Dry, N, Night, Rear End, Minor Injury, Y, N
US, 2, 0, 0, 0, 2017, March, Friday, 11:41 pm, 40, Wet, Y, Night, Rear End, Minor Injury, N, N
US, 2, 0, 0, 0, 2017, March, Monday, 3:47 pm, 40, Dry, N, Daylight, Right Angle, Not Injured, N, N
US, 2, 0, 0, 2, 2017, March, Saturday, 4:51 pm, 70, Dry, N, Daylight, Right Angle, Minor Injury, N, N
US, 3, 0, 0, 0, 2017, March, Wednesday, 4:11 pm, 60, Dry, N, Daylight, Rear End, Not Injured, N, N
US, 2, 0, 0, 0, 2017, March, Sunday, 8:00 pm, 40, Dry, N, Night, Right Angle, Not Injured, N, N
US, 3, 0, 0, 0, 2017, March, Friday, 2:23 am, 40, Dry, N, Night, Rear End, Not Injured, Y, N
US, 2, 0, 0, 0, 2017, March, Monday, 10:55 pm, 40, Dry, N, Night, Right Angle, Not Injured, N, N
US, 2, 0, 0, 0, 2017, March, Monday, 8:05 am, 40, Dry, N, Daylight, Rear End, Not Injured, N, N
US, 2, 0, 0, 0, 2017, March, Sunday, 10:14 am, 40, Dry, N, Daylight, Rear End, Not Injured, N, N
US, 5, 0, 0, 0, 2017, March, Monday, 10:34 am, 60, Dry, N, Daylight, Right Angle, Minor Injury, N, N
US, 3, 0, 0, 0, 2017, March, Wednesday, 5:30 pm, 60, Dry, N, Daylight, Rear End, Not Injured, N, N
US, 2, 0, 0, 0, 2017, March, Monday, 3:07 pm, 60, Dry, N, Daylight, Right Angle, Not Injured, N, N
US, 2, 0, 0, 1, 2017, March, Tuesday, 3:46 pm, 60, Dry, N, Daylight, Rear End, Minor Injury, N, N
US, 2, 0, 0, 2, 2017, March, Friday, 6:15 pm, 60, Dry, Y, Daylight, Right Angle, Minor Injury, N, N
US, 3, 0, 0, 1, 2017, March, Tuesday, 7:56 am, 90, Dry, N, Daylight, Rear End, Minor Injury, N, N
US, 3, 0, 0, 0, 2017, March, Monday, 6:07 pm, 60, Dry, N, Daylight, Right Angle, Minor Injury, N, N
US, 2, 0, 0, 0, 2017, March, Friday, 6:59 pm, 60, Dry, Y, Daylight, Right Angle, Not Injured, N, N
US, 3, 0, 0, 0, 2017, March, Monday, 8:30 pm, 40, Dry, N, Night, Rear End, Not Injured, N, N
US, 2, 0, 0, 0, 2017, March, Monday, 12:27 am, 60, Dry, N, Night, Right Angle, Not Injured, N, N
US, 3, 0, 0, 0, 2017, March, Tuesday, 11:05 am, 20, Wet, Y, Daylight, Right Angle, Not Injured, N, N
US, 2, 0, 0, 0, 2017, March, Sunday, 12:53 am, 60, Dry, N, Daylight, Rear End, Not Injured, N, N
US, 2, 0, 0, 0, 2017, March, Tuesday, 10:25 am, 40, Dry, N, Daylight, Right Angle, Not Injured, N, N
US, 2, 0, 0, 0, 2017, March, Tuesday, 8:22 am, 60, Dry, N, Daylight, Side Swipe, Not Injured, N, N
US, 2, 0, 0, 0, 2017, March, Tuesday, 12:52 am, 40, Dry, N, Daylight, Right Angle, Not Injured, N, N
US, 3, 0, 0, 0, 2017, March, Thursday, 1:41 pm, 60, Dry, N, Daylight, Rear End, Not Injured, N, N
US, 3, 0, 0, 0, 2017, March, Tuesday, 5:03 pm, 40, Dry, N, Daylight, Rear End, Not Injured, N, N
US, 2, 0, 0, 0, 2017, March, Monday, 12:28 am, 90, Dry, N, Daylight, Rear End, Not Injured, N, N
US, 2, 0, 0, 1, 2017, March, Sunday, 5:02 pm, 40, Dry, N, Daylight, Right Angle, Minor Injury, Y, N
US, 4, 0, 0, 0, 2017, March, Tuesday, 5:20 pm, 40, Dry, N, Daylight, Rear End, Minor Injury, N, N
US, 2, 0, 0, 0, 2017, March, Tuesday, 2:50 am, 40, Dry, N, Night, Right Angle, Not Injured, N, N
US, 2, 0, 0, 0, 2017, March, Wednesday, 1:03 pm, 90, Wet, Y, Daylight, Right Angle, Not Injured, N, N
US, 2, 0, 0, 0, 2017, March, Wednesday, 7:47 am, 40, Dry, N, Daylight, Right Angle, Not Injured, N, N
US, 2, 0, 0, 0, 2017, March, Wednesday, 8:00 am, 40, Dry, N, Daylight, Head On, Not Injured, N, N
US, 2, 0, 0, 0, 2017, March, Monday, 4:45 pm, 20, Dry, N, Daylight, Rear End, Not Injured, N, N
US, 2, 0, 0, 2, 2017, March, Wednesday, 9:20 am, 60, Dry, N, Daylight, Rear End, Minor Injury, N, N
US, 2, 0, 0, 0, 2017, March, Wednesday, 9:50 am, 60, Dry, N, Daylight, Right Angle, Not Injured, N, N
US, 2, 0, 0, 0, 2017, March, Tuesday, 8:40 pm, 40, Dry, N, Night, Head On, Minor Injury, N, N
US, 2, 0, 0, 1, 2017, March, Thursday, 8:47 pm, 40, Dry, N, Night, Rear End, Minor Injury, N, N
US, 2, 0, 0, 1, 2017, March, Monday, 6:46 am, 40, Dry, N, Daylight, Hit Pedestrian, Minor Injury, N, N
US, 2, 0, 0, 1, 2017, March, Monday, 4:08 pm, 60, Dry, N, Daylight, Rear End, Minor Injury, N, N
US, 2, 0, 0, 0, 2017, March, Wednesday, 3:07 pm, 60, Dry, N, Daylight, Head On, Not Injured, N, N
US, 2, 0, 0, 1, 2017, March, Wednesday, 3:55 pm, 60, Dry, N, Daylight, Right Angle, Minor Injury, N, N
US, 2, 0, 0, 3, 2017, March, Wednesday, 3:07 pm, 30, Dry, N, Daylight, Right Angle, Minor Injury, N, N
US, 3, 0, 0, 0, 2017, March, Monday, 5:28 pm, 60, Dry, N, Daylight, Rear End, Not Injured, N, N
US, 2, 0, 0, 5, 2017, March, Sunday, 3:20 pm, 60, Dry, N, Daylight, Rear End, Minor Injury, N, N
US, 2, 0, 0, 0, 2017, March, Monday, 7:05 am, 60, Dry, N, Daylight, Right Angle, Not Injured, N, N
US, 2, 0, 0, 1, 2017, March, Wednesday, 5:19 pm, 40, Dry, N, Daylight, Head On, Minor Injury, N, N
US, 2, 0, 0, 0, 2017, March, Tuesday, 9:50 am, 60, Dry, N, Daylight, Right Angle, Not Injured, N, N
US, 2, 0, 0, 0, 2017, March, Wednesday, 5:57 pm, 40, Dry, N, Daylight, Rear End, Not Injured, N, N
US, 2, 0, 0, 0, 2017, March, Wednesday, 6:40 pm, 60, Dry, N, Daylight, Right Angle, Not Injured, N, N
US, 2, 0, 0, 0, 2017, March, Wednesday, 11:09 pm, 60, Dry, N, Night, Right Angle, Not Injured, N, N
US, 2, 0, 0, 0, 2017, March, Thursday, 7:16 am, 40, Dry, N, Daylight, Rear End, Minor Injury, N, N
US, 2, 0, 0, 0, 2017, March, Thursday, 9:14 am, 70, Dry, N, Daylight, Rear End, Not Injured, N, N
US, 2, 0, 0, 0, 2017, March, Thursday, 9:25 am, 40, Dry, N, Daylight, Rear End, Not Injured, N, N
US, 2, 0, 0, 0, 2017, March, Thursday, 10:25 am, 40, Dry, N, Daylight, Right Angle, Not Injured, N, N
US, 2, 0, 0, 0, 2017, March, Thursday, 12:17 am, 70, Dry, N, Daylight, Rear End, Not Injured, N, N
US, 2, 0, 0, 0, 2017, March, Wednesday, 8:35 am, 60, Dry, N, Daylight, Rear End, Not Injured, N, N
US, 2, 0, 0, 0, 2017, March, Thursday, 12:30 am, 40, Dry, N, Daylight, Right Angle, Not Injured, N, N
US, 2, 0, 0, 0, 2017, March, Friday, 10:35 pm, 40, Wet, Y, Night, Rear End, Not Injured, N, N
US, 2, 0, 0, 0, 2017, March, Thursday, 3:35 pm, 40, Dry, N, Daylight, Rear End, Not Injured, N, N
US, 3, 0, 0, 0, 2017, March, Thursday, 12:36 am, 90, Dry, N, Daylight, Rear End, Not Injured, N, N
US, 2, 0, 0, 0, 2017, March, Friday, 6:46 pm, 90, Dry, Y, Daylight, Right Angle, Not Injured, N, N
US, 2, 0, 0, 2, 2017, March, Thursday, 4:55 pm, 40, Dry, N, Daylight, Right Angle, Minor Injury, N, N
US, 3, 0, 0, 1, 2017, March, Thursday, 6:05 pm, 40, Dry, N, Daylight, Rear End, Minor Injury, N, N
US, 2, 0, 0, 0, 2017, March, Thursday, 5:05 pm, 60, Dry, N, Daylight, Rear End, Not Injured, N, N
US, 3, 0, 0, 0, 2017, March, Wednesday, 1:11 pm, 60, Dry, N, Daylight, Rear End, Not Injured, N, N
US, 2, 0, 0, 0, 2017, March, Thursday, 6:09 am, 40, Dry, N, Daylight, Head On, Not Injured, N, N
US, 2, 0, 1, 0, 2017, January, Saturday, 1:56 am, 90, Dry, N, Night, Rear End, Major Injury, Y, N
US, 2, 0, 0, 0, 2017, February, Saturday, 6:40 pm, 90, Dry, N, Night, Rear End, Minor Injury, N, N
US, 2, 0, 0, 0, 2017, March, Saturday, 4:05 pm, 60, Wet, Y, Daylight, Right Angle, Not Injured, N, N
US, 2, 0, 0, 0, 2017, March, Friday, 6:53 am, 40, Wet, Y, Night, Rear End, Not Injured, N, N
US, 3, 0, 0, 0, 2017, March, Friday, 7:09 am, 40, Wet, Y, Daylight, Rear End, Not Injured, N, N
US, 3, 0, 0, 4, 2017, March, Friday, 7:32 am, 70, Wet, Y, Daylight, Rear End, Minor Injury, N, N
US, 2, 0, 0, 0, 2017, March, Friday, 11:22 am, 40, Dry, N, Daylight, Right Angle, Not Injured, N, N
US, 3, 0, 0, 1, 2017, March, Friday, 4:55 pm, 40, Dry, N, Daylight, Rear End, Minor Injury, N, N
US, 3, 0, 0, 0, 2017, March, Friday, 4:30 pm, 70, Dry, N, Daylight, Rear End, Minor Injury, N, N
US, 2, 0, 0, 0, 2017, March, Thursday, 3:31 pm, 60, Dry, N, Daylight, Side Swipe, Not Injured, N, N
US, 2, 0, 0, 1, 2017, March, Friday, 5:35 pm, 40, Dry, N, Daylight, Right Angle, Minor Injury, N, N
US, 2, 0, 0, 0, 2017, March, Friday, 4:26 pm, 40, Dry, N, Daylight, Rear End, Not Injured, N, N
US, 2, 0, 0, 0, 2017, March, Friday, 6:40 pm, 40, Dry, N, Daylight, Right Angle, Not Injured, N, N
US, 2, 0, 0, 1, 2017, March, Thursday, 4:06 pm, 60, Dry, N, Daylight, Rear End, Minor Injury, N, N
US, 3, 0, 0, 0, 2017, March, Friday, 5:11 pm, 60, Dry, N, Daylight, Rear End, Not Injured, N, N
US, 2, 0, 0, 0, 2017, March, Saturday, 10:05 pm, 40, Dry, N, Night, Side Swipe, Not Injured, N, N