Nation,Total Units,Total Fatalities,Total Serious Injuries,Total Minor Injuries,Year,Month,Day,Time,Speed Limit,Moisture,Adverse Weather Conditions,DayNight,Crash Type,Crash Severity,Alcohol Related ,Drug Related
US, 2, 0, 0, 1, 2017, March, Friday, 7:30 pm, 90, Dry, N, Night, Side Swipe, Minor Injury, Y, N
US, 2, 0, 0, 0, 2017, March, Saturday, 1:50 am, 40, Dry, N, Night, Head On, Minor Injury, Y, N
US, 2, 0, 0, 0, 2017, March, Saturday, 2:17 am, 40, Dry, N, Night, Right Angle, Not Injured, N, N
US, 2, 0, 0, 0, 2017, February, Monday, 7:00 pm, 70, Dry, N, Night, Rear End, Not Injured, N, N
US, 2, 0, 0, 0, 2017, March, Thursday, 2:25 pm, 40, Dry, N, Daylight, Side Swipe, Not Injured, N, N
US, 2, 0, 0, 0, 2017, March, Saturday, 7:55 am, 60, Dry, N, Daylight, Right Angle, Not Injured, N, N
US, 2, 0, 0, 0, 2017, March, Thursday, 12:18 am, 70, Dry, N, Daylight, Rear End, Not Injured, N, N
US, 3, 0, 0, 0, 2017, March, Saturday, 11:47 am, 60, Dry, N, Daylight, Right Angle, Not Injured, N, N
US, 2, 0, 0, 1, 2017, March, Saturday, 5:40 pm, 60, Dry, N, Daylight, Right Angle, Minor Injury, N, N
US, 2, 0, 0, 0, 2017, March, Friday, 6:10 pm, 50, Dry, N, Daylight, Rear End, Not Injured, N, N
US, 2, 0, 0, 0, 2017, March, Friday, 9:37 pm, 40, Dry, N, Night, Rear End, Not Injured, N, N
US, 2, 0, 2, 0, 2017, March, Saturday, 2:20 am, 40, Dry, N, Night, Right Angle, Major Injury, Y, N
US, 2, 0, 1, 0, 2017, March, Saturday, 11:40 pm, 40, Dry, N, Night, Head On, Major Injury, N, N
US, 2, 0, 0, 0, 2017, March, Friday, 10:30 am, 40, Dry, N, Daylight, Right Angle, Not Injured, N, N
US, 2, 0, 0, 0, 2017, March, Sunday, 11:00 am, 60, Dry, N, Daylight, Right Angle, Not Injured, N, N
US, 2, 0, 0, 0, 2017, March, Monday, 12:32 am, 40, Dry, N, Daylight, Right Angle, Not Injured, N, N
US, 3, 0, 0, 0, 2017, March, Saturday, 1:14 pm, 40, Dry, N, Daylight, Side Swipe, Not Injured, N, N
US, 2, 0, 0, 0, 2017, March, Friday, 6:10 pm, 20, Dry, N, Daylight, Right Angle, Minor Injury, N, N
US, 3, 0, 1, 0, 2017, March, Sunday, 4:27 pm, 40, Wet, N, Daylight, Right Angle, Major Injury, N, N
US, 3, 0, 0, 0, 2017, March, Sunday, 4:35 pm, 60, Wet, N, Daylight, Rear End, Minor Injury, N, N
US, 2, 0, 0, 0, 2017, March, Friday, 2:45 pm, 60, Dry, N, Daylight, Right Angle, Not Injured, N, N
US, 2, 0, 1, 0, 2017, March, Saturday, 9:30 pm, 40, Dry, N, Night, Hit Pedestrian, Major Injury, Y, N
US, 3, 0, 0, 0, 2017, March, Friday, 11:50 pm, 50, Dry, N, Night, Rear End, Not Injured, N, N
US, 2, 0, 0, 0, 2017, March, Monday, 6:25 am, 70, Dry, N, Daylight, Rear End, Not Injured, N, N
US, 2, 0, 0, 0, 2017, March, Monday, 1:50 am, 40, Wet, Y, Night, Side Swipe, Not Injured, Y, N
US, 2, 0, 0, 0, 2017, March, Tuesday, 10:37 pm, 90, Dry, Y, Night, Rear End, Not Injured, N, N
US, 2, 0, 0, 0, 2017, March, Thursday, 1:13 pm, 90, Dry, N, Daylight, Rear End, Not Injured, N, N
US, 2, 0, 0, 2, 2017, March, Friday, 2:28 pm, 90, Dry, N, Daylight, Rear End, Minor Injury, N, N
US, 4, 0, 0, 0, 2017, March, Friday, 5:38 pm, 90, Dry, N, Daylight, Rear End, Not Injured, N, N
US, 2, 0, 0, 0, 2017, March, Thursday, 6:36 am, 40, Dry, N, Night, Side Swipe, Not Injured, N, N
US, 2, 0, 0, 0, 2017, March, Sunday, 2:35 pm, 40, Dry, N, Daylight, Head On, Minor Injury, N, N
US, 2, 0, 0, 0, 2017, March, Monday, 9:27 am, 40, Dry, N, Daylight, Hit Pedestrian, Minor Injury, N, N
US, 2, 0, 0, 2, 2017, March, Monday, 8:26 am, 40, Dry, N, Daylight, Head On, Minor Injury, N, N
US, 2, 0, 0, 0, 2017, February, Wednesday, 7:10 am, 20, Dry, N, Daylight, Right Angle, Not Injured, N, N
US, 2, 0, 0, 0, 2017, March, Monday, 9:32 am, 60, Dry, N, Daylight, Rear End, Not Injured, N, N
US, 2, 0, 0, 0, 2017, March, Thursday, 8:10 am, 40, Dry, N, Daylight, Rear End, Not Injured, N, N
US, 2, 0, 2, 1, 2017, March, Sunday, 3:11 pm, 60, Dry, N, Daylight, Head On, Major Injury, N, Y
US, 2, 0, 0, 0, 2017, March, Monday, 10:51 am, 60, Dry, N, Daylight, Rear End, Minor Injury, N, N
US, 2, 0, 0, 0, 2017, March, Friday, 8:57 pm, 40, Dry, N, Night, Right Angle, Minor Injury, N, N
US, 2, 0, 0, 0, 2017, March, Monday, 8:00 am, 40, Dry, N, Daylight, Right Angle, Not Injured, N, N
US, 2, 0, 0, 0, 2017, March, Tuesday, 1:04 pm, 40, Dry, N, Daylight, Rear End, Not Injured, N, N
US, 2, 0, 0, 0, 2017, March, Monday, 2:00 pm, 40, Dry, N, Daylight, Right Angle, Not Injured, N, N
US, 2, 0, 0, 6, 2017, March, Monday, 1:55 pm, 40, Dry, N, Daylight, Right Angle, Minor Injury, N, N
US, 2, 0, 0, 1, 2017, March, Friday, 3:42 pm, 40, Dry, N, Daylight, Rear End, Minor Injury, N, N
US, 2, 0, 0, 0, 2017, March, Monday, 4:13 pm, 40, Dry, N, Daylight, Right Angle, Not Injured, N, N
US, 2, 0, 0, 0, 2017, March, Friday, 4:05 pm, 60, Dry, N, Daylight, Rear End, Not Injured, N, N
US, 2, 0, 0, 0, 2017, March, Saturday, 3:04 pm, 90, Dry, N, Daylight, Rear End, Minor Injury, N, N
US, 3, 0, 0, 0, 2017, January, Monday, 5:49 pm, 90, Dry, N, Night, Rear End, Not Injured, N, N
US, 2, 0, 0, 0, 2017, March, Saturday, 8:30 pm, 40, Dry, N, Night, Right Angle, Not Injured, N, N
US, 2, 0, 0, 0, 2017, March, Wednesday, 2:37 pm, 90, Dry, N, Daylight, Rear End, Not Injured, N, N
US, 2, 0, 0, 0, 2017, March, Friday, 6:12 pm, 60, Dry, N, Daylight, Side Swipe, Minor Injury, N, N
US, 2, 0, 0, 0, 2017, March, Monday, 3:45 pm, 60, Dry, N, Daylight, Right Angle, Not Injured, N, N
US, 2, 0, 0, 0, 2017, March, Monday, 6:20 pm, 40, Dry, N, Daylight, Right Angle, Not Injured, N, N
US, 2, 0, 0, 1, 2017, March, Monday, 6:20 pm, 40, Dry, N, Daylight, Side Swipe, Minor Injury, N, N
US, 3, 0, 0, 0, 2017, March, Monday, 7:39 pm, 40, Dry, N, Night, Rear End, Minor Injury, N, N
US, 2, 0, 0, 0, 2017, February, Sunday, 12:18 am, 70, Dry, N, Night, Rear End, Not Injured, N, N
US, 3, 0, 0, 0, 2017, March, Tuesday, 1:00 am, 40, Dry, N, Night, Right Angle, Not Injured, N, N
US, 2, 0, 0, 0, 2017, March, Monday, 6:25 am, 40, Dry, N, Daylight, Hit Pedestrian, Minor Injury, N, N
US, 2, 0, 0, 0, 2017, March, Friday, 9:45 pm, 30, Dry, N, Night, Head On, Not Injured, Y, N
US, 2, 0, 0, 0, 2017, March, Sunday, 12:29 am, 20, Dry, N, Daylight, Rear End, Not Injured, N, N
US, 2, 0, 0, 0, 2017, March, Saturday, 4:00 pm, 40, Dry, N, Daylight, Rear End, Not Injured, N, N
US, 3, 0, 0, 0, 2017, March, Tuesday, 6:49 am, 70, Wet, Y, Night, Rear End, Not Injured, N, N
US, 2, 0, 0, 0, 2017, March, Tuesday, 7:05 am, 40, Wet, Y, Daylight, Side Swipe, Not Injured, N, N
US, 2, 0, 0, 0, 2017, March, Monday, 11:24 am, 40, Dry, N, Daylight, Right Angle, Not Injured, N, N
US, 2, 0, 0, 0, 2017, March, Tuesday, 8:28 am, 40, Wet, N, Daylight, Right Angle, Not Injured, N, N
US, 2, 0, 0, 0, 2017, March, Tuesday, 11:40 am, 40, Wet, Y, Daylight, Right Angle, Not Injured, N, N
US, 2, 0, 0, 0, 2017, March, Monday, 9:19 pm, 60, Dry, N, Night, Rear End, Not Injured, N, N
US, 2, 0, 0, 0, 2017, March, Tuesday, 2:16 pm, 60, Dry, N, Daylight, Rear End, Not Injured, N, N
US, 2, 0, 0, 0, 2017, March, Thursday, 4:50 pm, 40, Dry, N, Daylight, Right Angle, Not Injured, N, N
US, 2, 0, 0, 2, 2017, March, Monday, 6:55 pm, 40, Dry, N, Daylight, Right Angle, Minor Injury, N, N
US, 2, 0, 0, 0, 2017, March, Monday, 4:40 pm, 40, Dry, N, Daylight, Side Swipe, Not Injured, N, N
US, 3, 0, 0, 0, 2017, March, Tuesday, 4:25 pm, 60, Dry, N, Daylight, Rear End, Minor Injury, N, N
US, 3, 0, 0, 0, 2017, March, Saturday, 4:01 pm, 60, Dry, N, Daylight, Side Swipe, Not Injured, N, N
US, 2, 0, 0, 0, 2017, March, Tuesday, 6:23 pm, 40, Dry, N, Daylight, Right Angle, Minor Injury, N, N
US, 2, 0, 0, 0, 2017, March, Tuesday, 6:35 pm, 40, Dry, N, Daylight, Right Angle, Not Injured, N, N
US, 2, 0, 0, 0, 2017, March, Tuesday, 7:05 pm, 40, Dry, N, Daylight, Right Angle, Minor Injury, N, N
US, 3, 0, 0, 1, 2017, March, Saturday, 6:18 pm, 60, Dry, N, Daylight, Right Angle, Minor Injury, N, N
US, 2, 0, 0, 0, 2017, March, Tuesday, 6:31 am, 60, Wet, Y, Daylight, Rear End, Minor Injury, N, N
US, 2, 0, 0, 0, 2017, February, Wednesday, 1:00 am, 70, Dry, N, Night, Head On, Minor Injury, Y, N
US, 2, 0, 0, 0, 2017, March, Monday, 6:47 am, 90, Dry, N, Daylight, Rear End, Not Injured, N, N
US, 3, 0, 0, 2, 2017, March, Monday, 9:39 am, 90, Dry, N, Daylight, Rear End, Minor Injury, N, N
US, 4, 0, 0, 0, 2017, March, Saturday, 5:16 pm, 90, Dry, N, Daylight, Rear End, Not Injured, N, N
US, 2, 0, 0, 0, 2017, March, Friday, 8:17 am, 40, Wet, N, Daylight, Right Angle, Not Injured, N, N
US, 2, 0, 0, 0, 2017, March, Friday, 8:56 am, 40, Dry, N, Daylight, Rear End, Minor Injury, N, N
US, 2, 0, 0, 2, 2017, March, Wednesday, 4:16 pm, 40, Dry, N, Daylight, Rear End, Minor Injury, N, N
US, 2, 0, 0, 0, 2017, March, Wednesday, 4:30 pm, 60, Dry, N, Daylight, Right Angle, Not Injured, N, N
US, 4, 0, 0, 0, 2017, March, Wednesday, 7:03 am, 90, Dry, N, Daylight, Rear End, Minor Injury, N, N
US, 2, 0, 0, 0, 2017, March, Thursday, 7:41 am, 60, Dry, N, Daylight, Rear End, Not Injured, N, N
US, 2, 0, 0, 0, 2017, March, Wednesday, 10:25 pm, 40, Dry, N, Night, Right Angle, Not Injured, Y, N
US, 2, 0, 1, 0, 2017, March, Saturday, 8:35 pm, 60, Wet, Y, Night, Hit Pedestrian, Major Injury, N, N
US, 4, 0, 0, 0, 2017, January, Thursday, 7:02 pm, 90, Wet, N, Night, Right Angle, Not Injured, Y, N
US, 3, 0, 0, 0, 2017, March, Wednesday, 1:45 pm, 40, Dry, N, Daylight, Right Angle, Not Injured, N, N
US, 2, 0, 0, 0, 2017, March, Thursday, 8:37 am, 40, Dry, N, Daylight, Right Angle, Not Injured, N, N
US, 2, 0, 0, 0, 2017, March, Thursday, 10:20 am, 20, Dry, N, Daylight, Side Swipe, Not Injured, N, N
US, 2, 0, 0, 1, 2017, March, Thursday, 6:28 pm, 60, Dry, N, Daylight, Head On, Minor Injury, N, N
US, 2, 0, 0, 1, 2017, March, Friday, 12:5 am, 70, Dry, N, Night, Right Angle, Minor Injury, Y, N
US, 2, 0, 0, 0, 2017, March, Wednesday, 5:25 pm, 60, Dry, N, Daylight, Side Swipe, Not Injured, N, N
US, 2, 0, 0, 0, 2017, March, Thursday, 11:15 am, 70, Dry, N, Daylight, Rear End, Minor Injury, N, N
US, 2, 0, 0, 0, 2017, March, Thursday, 11:35 am, 40, Dry, N, Daylight, Side Swipe, Not Injured, N, N
US, 2, 0, 0, 0, 2017, March, Thursday, 12:20 am, 60, Wet, N, Daylight, Right Angle, Not Injured, N, N
US, 2, 0, 0, 0, 2017, March, Wednesday, 10:47 pm, 40, Dry, N, Night, Right Angle, Minor Injury, N, N
US, 2, 0, 0, 0, 2017, March, Thursday, 5:11 pm, 40, Dry, N, Daylight, Side Swipe, Not Injured, N, N
US, 3, 0, 0, 0, 2017, March, Monday, 9:30 am, 110, Dry, N, Daylight, Rear End, Minor Injury, N, N
US, 2, 0, 0, 0, 2017, March, Wednesday, 6:03 pm, 90, Dry, N, Daylight, Side Swipe, Not Injured, N, N
US, 2, 0, 0, 0, 2017, March, Wednesday, 6:05 pm, 40, Dry, N, Daylight, Right Angle, Not Injured, N, N
US, 2, 0, 0, 0, 2017, March, Thursday, 5:12 pm, 40, Dry, N, Daylight, Head On, Minor Injury, N, Y
US, 3, 0, 0, 0, 2017, March, Thursday, 4:36 pm, 40, Dry, N, Daylight, Right Angle, Not Injured, Y, N
US, 2, 0, 0, 1, 2017, March, Thursday, 7:55 pm, 40, Dry, N, Night, Hit Pedestrian, Minor Injury, N, N
US, 2, 0, 0, 0, 2017, March, Tuesday, 5:51 pm, 40, Dry, N, Daylight, Right Angle, Not Injured, Y, N
US, 2, 0, 0, 0, 2017, March, Thursday, 11:18 am, 60, Dry, N, Daylight, Right Angle, Minor Injury, N, N
US, 2, 0, 0, 0, 2017, March, Thursday, 10:35 pm, 40, Dry, N, Night, Right Angle, Not Injured, N, N
US, 2, 0, 0, 0, 2017, March, Friday, 2:55 am, 60, Wet, Y, Night, Side Swipe, Not Injured, N, N
US, 3, 0, 0, 0, 2017, March, Friday, 2:48 am, 40, Wet, Y, Night, Side Swipe, Not Injured, N, N
US, 3, 0, 0, 0, 2017, March, Thursday, 4:00 pm, 90, Dry, N, Daylight, Rear End, Not Injured, N, N
US, 2, 0, 0, 0, 2017, March, Friday, 1:49 pm, 60, Dry, N, Daylight, Right Angle, Not Injured, N, N
US, 3, 0, 0, 0, 2017, March, Tuesday, 7:25 pm, 40, Dry, Y, Night, Right Angle, Not Injured, N, N
US, 2, 0, 0, 0, 2017, March, Friday, 8:05 am, 60, Wet, Y, Daylight, Rear End, Minor Injury, N, N
US, 2, 0, 0, 0, 2017, March, Friday, 10:19 am, 40, Wet, Y, Daylight, Head On, Minor Injury, N, N
US, 2, 0, 0, 0, 2017, March, Wednesday, 2:30 pm, 40, Dry, N, Daylight, Right Angle, Not Injured, N, N
US, 2, 0, 0, 1, 2017, March, Friday, 11:54 am, 60, Wet, Y, Daylight, Side Swipe, Minor Injury, N, N
US, 2, 0, 0, 1, 2017, March, Friday, 10:26 am, 40, Wet, Y, Daylight, Head On, Minor Injury, N, N
US, 2, 0, 0, 0, 2017, March, Friday, 1:34 pm, 40, Wet, Y, Daylight, Right Angle, Not Injured, N, N
US, 2, 0, 0, 0, 2017, March, Friday, 3:10 pm, 40, Wet, Y, Daylight, Side Swipe, Not Injured, N, N
US, 2, 0, 0, 0, 2017, March, Friday, 3:36 pm, 40, Wet, Y, Daylight, Right Angle, Not Injured, N, N
US, 3, 0, 0, 0, 2017, March, Friday, 5:54 pm, 50, Wet, Y, Daylight, Rear End, Not Injured, N, N
US, 2, 0, 0, 0, 2017, March, Friday, 5:40 pm, 40, Wet, Y, Daylight, Right Angle, Not Injured, N, N
US, 2, 0, 0, 0, 2017, March, Friday, 6:46 pm, 40, Wet, Y, Daylight, Right Angle, Minor Injury, N, N
US, 3, 0, 0, 2, 2017, March, Friday, 6:52 pm, 40, Wet, Y, Daylight, Side Swipe, Minor Injury, N, N
US, 2, 0, 0, 0, 2017, March, Friday, 8:35 pm, 40, Wet, Y, Night, Side Swipe, Not Injured, N, N
US, 2, 0, 0, 0, 2017, March, Thursday, 9:20 pm, 60, Dry, N, Night, Right Angle, Not Injured, N, N
US, 2, 0, 0, 0, 2017, April, Saturday, 2:20 am, 60, Wet, N, Night, Head On, Not Injured, N, N
US, 5, 0, 0, 0, 2017, April, Saturday, 2:25 am, 60, Wet, Y, Night, Head On, Not Injured, Y, N
US, 3, 0, 0, 0, 2017, March, Friday, 11:35 am, 40, Wet, Y, Daylight, Rear End, Not Injured, N, N
US, 3, 0, 0, 0, 2017, April, Saturday, 9:59 am, 50, Wet, Y, Daylight, Head On, Minor Injury, N, N
US, 2, 0, 0, 0, 2017, April, Saturday, 10:25 am, 40, Dry, N, Daylight, Side Swipe, Not Injured, N, N
US, 2, 0, 0, 0, 2017, March, Friday, 6:55 am, 40, Wet, Y, Daylight, Right Angle, Not Injured, N, N
US, 2, 0, 0, 0, 2017, April, Saturday, 10:58 am, 40, Wet, Y, Daylight, Right Angle, Not Injured, N, N
US, 3, 0, 0, 0, 2017, April, Saturday, 12:40 am, 60, Wet, Y, Daylight, Rear End, Not Injured, N, N
US, 2, 0, 0, 2, 2017, April, Saturday, 3:55 pm, 40, Dry, N, Daylight, Side Swipe, Minor Injury, N, N
US, 2, 0, 1, 0, 2017, March, Saturday, 4:58 am, 30, Dry, N, Night, Hit Pedestrian, Major Injury, N, N
US, 2, 0, 0, 0, 2017, April, Sunday, 1:23 am, 40, Dry, N, Night, Right Angle, Minor Injury, N, N
US, 2, 0, 0, 0, 2017, March, Sunday, 11:25 am, 50, Dry, N, Daylight, Side Swipe, Not Injured, N, N
US, 2, 0, 0, 0, 2017, March, Saturday, 10:55 am, 60, Dry, N, Daylight, Right Angle, Not Injured, N, N
US, 3, 0, 0, 0, 2017, April, Sunday, 10:40 am, 40, Dry, N, Daylight, Rear End, Not Injured, N, N
US, 2, 0, 0, 0, 2017, April, Sunday, 10:30 am, 40, Dry, N, Daylight, Right Angle, Not Injured, N, N
US, 2, 0, 0, 0, 2017, April, Sunday, 2:27 pm, 40, Dry, N, Daylight, Right Angle, Minor Injury, N, N
US, 2, 0, 0, 0, 2017, April, Sunday, 3:35 pm, 60, Dry, N, Daylight, Rear End, Not Injured, N, N
US, 2, 0, 0, 0, 2017, April, Sunday, 4:32 pm, 40, Dry, N, Daylight, Head On, Minor Injury, N, N
US, 5, 0, 0, 2, 2017, April, Saturday, 11:27 pm, 40, Dry, N, Night, Side Swipe, Minor Injury, N, N
US, 2, 0, 0, 0, 2017, April, Saturday, 11:00 pm, 40, Dry, N, Night, Right Angle, Minor Injury, N, N
US, 4, 0, 0, 0, 2017, April, Sunday, 1:00 am, 40, Dry, N, Night, Side Swipe, Not Injured, N, Y
US, 2, 0, 0, 0, 2017, March, Friday, 12:50 am, 40, Wet, Y, Daylight, Right Angle, Not Injured, N, N
US, 3, 0, 0, 0, 2017, April, Monday, 8:35 am, 60, Dry, N, Daylight, Rear End, Not Injured, N, N
US, 2, 0, 0, 0, 2017, March, Thursday, 8:22 am, 60, Dry, N, Daylight, Right Angle, Not Injured, N, N
US, 2, 0, 0, 0, 2017, April, Monday, 11:46 am, 40, Dry, N, Daylight, Side Swipe, Not Injured, N, N
US, 2, 0, 0, 0, 2017, April, Monday, 3:40 pm, 60, Dry, N, Daylight, Right Angle, Not Injured, N, N
US, 3, 0, 0, 0, 2017, April, Sunday, 2:31 pm, 40, Dry, N, Daylight, Side Swipe, Minor Injury, N, Y
US, 2, 0, 0, 0, 2017, April, Monday, 5:20 pm, 60, Dry, N, Daylight, Rear End, Not Injured, N, N
US, 2, 0, 0, 1, 2017, March, Monday, 5:18 pm, 60, Dry, N, Daylight, Right Angle, Minor Injury, N, N
US, 2, 0, 0, 0, 2017, April, Sunday, 4:05 pm, 60, Dry, N, Daylight, Right Angle, Not Injured, N, N
US, 2, 0, 0, 1, 2017, April, Monday, 9:03 pm, 60, Wet, Y, Night, Head On, Minor Injury, N, N
US, 2, 0, 0, 0, 2017, March, Friday, 11:04 pm, 40, Wet, Y, Night, Head On, Not Injured, N, N
US, 2, 0, 0, 0, 2017, April, Monday, 6:05 am, 60, Dry, N, Night, Right Angle, Not Injured, N, N
US, 2, 0, 0, 0, 2017, March, Thursday, 5:50 am, 40, Dry, N, Night, Rear End, Not Injured, N, N
US, 2, 0, 0, 0, 2017, April, Monday, 5:57 pm, 60, Dry, N, Daylight, Hit Pedestrian, Minor Injury, N, N
US, 3, 0, 0, 0, 2017, April, Monday, 11:39 am, 60, Dry, N, Daylight, Rear End, Not Injured, N, N
US, 4, 0, 0, 0, 2017, April, Tuesday, 6:12 am, 50, Wet, Y, Night, Side Swipe, Minor Injury, N, N
US, 2, 0, 0, 0, 2017, March, Friday, 2:30 pm, 40, Wet, Y, Daylight, Side Swipe, Minor Injury, N, N
US, 2, 0, 0, 0, 2017, April, Monday, 2:50 pm, 40, Dry, N, Daylight, Side Swipe, Not Injured, N, N
US, 2, 0, 0, 1, 2017, April, Monday, 12:57 am, 40, Dry, N, Daylight, Rear End, Minor Injury, N, N
US, 2, 0, 0, 0, 2017, April, Tuesday, 11:25 am, 40, Dry, N, Daylight, Right Angle, Not Injured, N, N
US, 2, 0, 0, 0, 2017, April, Saturday, 11:10 am, 40, Dry, N, Daylight, Right Angle, Not Injured, N, N
US, 2, 0, 0, 0, 2017, April, Tuesday, 3:20 pm, 40, Dry, N, Daylight, Right Angle, Not Injured, N, N
US, 2, 0, 0, 0, 2017, April, Tuesday, 4:11 pm, 40, Dry, N, Daylight, Side Swipe, Not Injured, N, N
US, 2, 0, 0, 0, 2017, April, Sunday, 3:30 am, 40, Dry, N, Night, Rear End, Not Injured, N, N
US, 2, 0, 0, 0, 2017, April, Tuesday, 6:45 am, 40, Dry, N, Daylight, Rear End, Not Injured, N, N
US, 2, 0, 0, 0, 2017, March, Tuesday, 2:22 pm, 60, Wet, Y, Daylight, Right Angle, Minor Injury, N, N
US, 2, 0, 0, 0, 2017, March, Friday, 5:00 pm, 60, Wet, Y, Daylight, Rear End, Not Injured, N, N
US, 2, 0, 0, 0, 2017, April, Tuesday, 2:07 pm, 60, Dry, N, Daylight, Rear End, Not Injured, N, N
US, 3, 0, 0, 0, 2017, March, Monday, 2:11 pm, 40, Dry, N, Daylight, Head On, Minor Injury, N, N
US, 3, 0, 0, 0, 2017, April, Wednesday, 10:57 am, 60, Dry, N, Daylight, Right Angle, Not Injured, N, N
US, 3, 0, 3, 1, 2017, April, Tuesday, 2:37 pm, 70, Dry, N, Daylight, Head On, Major Injury, N, N
US, 2, 0, 0, 0, 2017, April, Wednesday, 12:00 am, 60, Dry, N, Daylight, Rear End, Not Injured, N, N
US, 2, 0, 0, 0, 2017, April, Wednesday, 11:41 am, 40, Dry, N, Daylight, Right Angle, Minor Injury, N, N
US, 2, 0, 0, 0, 2017, April, Wednesday, 1:20 pm, 70, Dry, N, Daylight, Rear End, Not Injured, N, N
US, 2, 0, 0, 2, 2017, April, Monday, 2:36 pm, 60, Dry, N, Daylight, Rear End, Minor Injury, N, N
US, 2, 0, 0, 0, 2017, March, Thursday, 4:59 pm, 60, Dry, N, Daylight, Rear End, Not Injured, N, N
US, 2, 0, 0, 1, 2017, March, Saturday, 8:58 am, 40, Dry, N, Daylight, Right Angle, Minor Injury, N, N
US, 2, 0, 0, 0, 2017, March, Friday, 9:44 am, 60, Wet, Y, Daylight, Right Angle, Not Injured, N, N
US, 2, 0, 0, 0, 2017, April, Monday, 1:06 pm, 40, Dry, N, Daylight, Right Angle, Not Injured, N, N
US, 2, 0, 0, 0, 2017, March, Friday, 2:03 pm, 40, Dry, N, Daylight, Right Angle, Not Injured, N, N
US, 2, 0, 2, 0, 2017, April, Wednesday, 4:31 pm, 60, Dry, N, Daylight, Right Angle, Major Injury, N, N
US, 2, 0, 0, 0, 2017, April, Saturday, 7:27 am, 90, Wet, N, Daylight, Rear End, Minor Injury, N, N
US, 2, 0, 0, 0, 2017, April, Wednesday, 4:38 pm, 40, Dry, N, Daylight, Rear End, Not Injured, N, N
US, 2, 0, 0, 0, 2017, April, Wednesday, 6:19 pm, 40, Dry, N, Daylight, Right Angle, Not Injured, N, N
US, 2, 0, 0, 0, 2017, April, Wednesday, 3:59 pm, 80, Dry, N, Daylight, Right Angle, Not Injured, N, N
US, 2, 0, 0, 0, 2017, April, Wednesday, 6:54 pm, 40, Dry, N, Daylight, Right Angle, Minor Injury, N, N
US, 2, 0, 0, 0, 2017, April, Wednesday, 3:33 pm, 40, Dry, N, Daylight, Rear End, Not Injured, N, N
US, 2, 0, 0, 0, 2017, April, Wednesday, 9:00 pm, 60, Dry, N, Night, Right Angle, Not Injured, N, N
US, 2, 0, 0, 0, 2017, April, Wednesday, 9:43 pm, 60, Dry, N, Night, Right Angle, Not Injured, N, N
US, 2, 0, 0, 0, 2017, April, Thursday, 12:45 am, 60, Wet, N, Night, Rear End, Not Injured, Y, N
US, 2, 0, 0, 0, 2017, April, Tuesday, 2:57 am, 60, Dry, N, Night, Side Swipe, Not Injured, N, N
US, 3, 0, 0, 0, 2017, April, Tuesday, 7:57 am, 90, Dry, N, Daylight, Rear End, Not Injured, N, N
US, 4, 0, 0, 0, 2017, April, Monday, 11:47 am, 60, Dry, N, Daylight, Rear End, Minor Injury, N, N
US, 2, 2, 0, 0, 2017, April, Thursday, 3:36 am, 70, Wet, Y, Night, Head On, Fatal, Y, N
US, 2, 0, 0, 0, 2017, April, Thursday, 6:50 am, 20, Wet, Y, Daylight, Right Angle, Not Injured, N, N
US, 4, 0, 0, 1, 2017, April, Thursday, 8:28 am, 40, Wet, Y, Daylight, Right Angle, Minor Injury, N, N
US, 2, 0, 0, 0, 2017, April, Wednesday, 8:39 am, 40, Dry, N, Daylight, Rear End, Not Injured, N, N
US, 2, 0, 0, 0, 2017, April, Monday, 2:56 pm, 60, Dry, N, Daylight, Right Angle, Not Injured, N, N
US, 3, 1, 1, 1, 2017, April, Thursday, 8:32 am, 60, Wet, Y, Daylight, Head On, Fatal, N, N
US, 3, 0, 0, 0, 2017, April, Thursday, 1:10 pm, 40, Wet, N, Daylight, Rear End, Not Injured, N, N
US, 2, 0, 0, 0, 2017, April, Wednesday, 4:29 pm, 60, Dry, N, Daylight, Rear End, Not Injured, N, N
US, 3, 0, 0, 1, 2017, April, Thursday, 2:01 pm, 40, Wet, Y, Daylight, Rear End, Minor Injury, N, N
US, 5, 0, 0, 2, 2017, April, Tuesday, 11:00 am, 70, Dry, N, Daylight, Rear End, Minor Injury, N, N
US, 2, 0, 0, 0, 2017, April, Thursday, 1:05 pm, 90, Dry, Y, Daylight, Side Swipe, Not Injured, N, N
US, 3, 0, 0, 0, 2017, April, Thursday, 3:21 pm, 40, Wet, N, Daylight, Right Angle, Not Injured, N, N
US, 2, 0, 0, 0, 2017, April, Thursday, 4:15 pm, 60, Wet, Y, Daylight, Head On, Minor Injury, N, N
US, 2, 0, 0, 0, 2017, April, Thursday, 5:25 pm, 40, Wet, Y, Daylight, Right Angle, Not Injured, N, N
US, 2, 0, 0, 1, 2017, April, Thursday, 6:40 pm, 40, Dry, N, Daylight, Right Angle, Minor Injury, N, N
US, 2, 0, 0, 2, 2017, April, Thursday, 8:25 pm, 60, Wet, Y, Night, Rear End, Minor Injury, N, N
US, 2, 0, 0, 0, 2017, April, Thursday, 7:35 pm, 40, Wet, N, Night, Rear End, Not Injured, N, N
US, 3, 0, 0, 1, 2017, April, Thursday, 5:00 pm, 40, Wet, N, Daylight, Rear End, Minor Injury, N, N
US, 2, 0, 0, 0, 2017, March, Wednesday, 3:19 pm, 50, Dry, N, Daylight, Rear End, Not Injured, N, N