Nation,Total Units,Total Fatalities,Total Serious Injuries,Total Minor Injuries,Year,Month,Day,Time,Speed Limit,Moisture,Adverse Weather Conditions,DayNight,Crash Type,Crash Severity,Alcohol Related ,Drug Related
US, 2, 0, 0, 0, 2017, April, Wednesday, 8:10 am, 40, Dry, N, Daylight, Rear End, Minor Injury, N, N
US, 4, 0, 0, 0, 2017, May, Wednesday, 7:40 am, 40, Dry, N, Daylight, Rear End, Not Injured, N, N
US, 2, 0, 0, 1, 2017, May, Wednesday, 8:04 am, 60, Dry, N, Daylight, Right Angle, Minor Injury, N, N
US, 2, 0, 0, 0, 2017, May, Wednesday, 8:20 am, 40, Dry, N, Daylight, Right Angle, Not Injured, N, N
US, 2, 0, 0, 0, 2017, May, Tuesday, 5:58 pm, 40, Wet, Y, Daylight, Hit Pedestrian, Minor Injury, N, N
US, 2, 0, 0, 0, 2017, May, Wednesday, 12:15 am, 20, Dry, N, Daylight, Right Angle, Not Injured, N, N
US, 2, 0, 0, 0, 2017, May, Wednesday, 2:58 pm, 60, Dry, N, Daylight, Rear End, Not Injured, N, N
US, 3, 0, 0, 1, 2017, May, Wednesday, 2:40 pm, 60, Dry, N, Daylight, Rear End, Minor Injury, N, N
US, 2, 0, 0, 0, 2017, May, Tuesday, 4:55 pm, 40, Dry, N, Daylight, Right Angle, Not Injured, N, N
US, 2, 0, 0, 0, 2017, May, Wednesday, 4:30 pm, 60, Dry, N, Daylight, Rear End, Not Injured, N, N
US, 2, 0, 0, 0, 2017, May, Wednesday, 4:15 pm, 60, Dry, N, Daylight, Side Swipe, Not Injured, N, N
US, 2, 0, 0, 0, 2017, April, Friday, 4:47 pm, 90, Dry, N, Night, Rear End, Minor Injury, N, N
US, 2, 0, 0, 0, 2017, April, Friday, 6:54 pm, 90, Dry, N, Night, Right Angle, Minor Injury, N, N
US, 2, 0, 0, 0, 2017, May, Wednesday, 4:50 pm, 40, Dry, N, Daylight, Right Angle, Not Injured, N, N
US, 2, 0, 0, 0, 2017, May, Wednesday, 5:45 pm, 50, Dry, N, Daylight, Right Angle, Not Injured, N, N
US, 2, 0, 0, 0, 2017, May, Wednesday, 5:30 pm, 60, Dry, N, Daylight, Rear End, Not Injured, N, N
US, 2, 0, 0, 0, 2017, May, Wednesday, 4:32 pm, 70, Dry, N, Daylight, Rear End, Not Injured, N, N
US, 2, 0, 1, 0, 2017, May, Wednesday, 8:14 pm, 60, Dry, N, Night, Right Angle, Major Injury, N, N
US, 2, 0, 0, 0, 2017, May, Wednesday, 10:10 pm, 50, Dry, N, Night, Right Angle, Not Injured, N, N
US, 2, 0, 0, 1, 2017, May, Wednesday, 5:42 pm, 40, Dry, N, Daylight, Head On, Minor Injury, N, N
US, 2, 0, 0, 1, 2017, April, Sunday, 12:34 am, 60, Dry, N, Daylight, Right Angle, Minor Injury, N, N
US, 2, 0, 0, 0, 2017, May, Thursday, 12:45 am, 40, Dry, N, Night, Side Swipe, Not Injured, N, N
US, 2, 0, 0, 0, 2017, May, Wednesday, 11:52 pm, 40, Dry, N, Night, Rear End, Not Injured, N, N
US, 3, 0, 0, 0, 2017, May, Thursday, 12:25 am, 40, Dry, N, Night, Side Swipe, Not Injured, N, N
US, 2, 0, 0, 0, 2017, April, Friday, 8:48 pm, 40, Dry, N, Night, Side Swipe, Minor Injury, Y, N
US, 2, 0, 0, 0, 2017, May, Wednesday, 10:05 am, 60, Dry, N, Daylight, Rear End, Not Injured, N, N
US, 2, 0, 0, 0, 2017, May, Wednesday, 2:00 pm, 60, Dry, N, Daylight, Right Angle, Not Injured, N, N
US, 2, 0, 0, 0, 2017, May, Wednesday, 2:22 pm, 40, Dry, N, Daylight, Rear End, Not Injured, N, N
US, 3, 0, 0, 1, 2017, May, Thursday, 8:30 am, 40, Wet, Y, Daylight, Right Angle, Minor Injury, N, N
US, 2, 0, 0, 0, 2017, May, Tuesday, 9:37 am, 60, Wet, Y, Daylight, Right Angle, Not Injured, N, N
US, 2, 0, 0, 0, 2017, May, Thursday, 8:45 am, 60, Wet, N, Daylight, Right Angle, Not Injured, N, N
US, 2, 0, 0, 0, 2017, May, Thursday, 10:50 am, 60, Dry, N, Daylight, Rear End, Not Injured, N, N
US, 2, 0, 0, 0, 2017, May, Wednesday, 4:45 pm, 60, Dry, N, Daylight, Right Angle, Not Injured, N, N
US, 2, 0, 0, 0, 2017, May, Wednesday, 7:05 pm, 60, Dry, N, Daylight, Rear End, Not Injured, N, N
US, 2, 0, 0, 0, 2017, May, Thursday, 5:23 pm, 60, Dry, N, Daylight, Right Angle, Not Injured, N, N
US, 3, 0, 0, 0, 2017, May, Wednesday, 5:39 pm, 60, Dry, N, Daylight, Head On, Not Injured, N, N
US, 2, 0, 0, 0, 2017, May, Wednesday, 5:00 pm, 60, Dry, N, Daylight, Head On, Not Injured, N, N
US, 3, 0, 1, 0, 2017, May, Thursday, 5:50 pm, 60, Dry, N, Daylight, Right Angle, Major Injury, N, N
US, 3, 0, 0, 1, 2017, May, Tuesday, 5:35 pm, 60, Dry, N, Daylight, Rear End, Minor Injury, N, N
US, 2, 0, 0, 0, 2017, May, Thursday, 9:10 pm, 40, Wet, Y, Night, Hit Pedestrian, Minor Injury, Y, N
US, 2, 0, 0, 0, 2017, May, Thursday, 10:55 pm, 40, Wet, Y, Night, Right Angle, Not Injured, N, N
US, 2, 0, 0, 1, 2017, May, Friday, 1:09 am, 40, Wet, Y, Night, Right Angle, Minor Injury, N, N
US, 2, 0, 0, 0, 2017, April, Wednesday, 5:41 pm, 110, Dry, N, Daylight, Rear End, Not Injured, N, N
US, 2, 0, 0, 1, 2017, May, Thursday, 10:25 am, 40, Wet, Y, Daylight, Right Angle, Minor Injury, N, N
US, 2, 0, 0, 0, 2017, May, Friday, 7:55 am, 40, Wet, Y, Daylight, Rear End, Not Injured, N, N
US, 2, 0, 0, 0, 2017, May, Friday, 10:18 am, 40, Dry, N, Daylight, Right Angle, Not Injured, N, N
US, 2, 0, 0, 0, 2017, May, Friday, 10:00 am, 60, Wet, N, Daylight, Right Angle, Not Injured, N, N
US, 2, 0, 0, 0, 2017, May, Friday, 11:00 am, 60, Dry, N, Daylight, Right Angle, Not Injured, N, N
US, 2, 0, 0, 0, 2017, May, Friday, 4:00 pm, 60, Dry, N, Daylight, Right Angle, Not Injured, N, N
US, 2, 0, 0, 0, 2017, May, Monday, 11:48 am, 60, Dry, N, Daylight, Right Angle, Not Injured, N, N
US, 2, 0, 0, 0, 2017, April, Thursday, 3:05 pm, 60, Dry, N, Daylight, Rear End, Not Injured, N, N
US, 2, 0, 1, 6, 2017, May, Thursday, 2:45 pm, 40, Dry, N, Daylight, Right Angle, Major Injury, N, Y
US, 3, 0, 0, 0, 2017, May, Friday, 8:24 pm, 40, Wet, Y, Night, Right Angle, Not Injured, N, N
US, 2, 0, 0, 0, 2017, April, Wednesday, 9:39 pm, 40, Dry, N, Night, Rear End, Not Injured, N, N
US, 2, 0, 0, 0, 2017, May, Friday, 9:51 pm, 60, Wet, Y, Night, Rear End, Not Injured, N, N
US, 2, 1, 0, 0, 2017, May, Friday, 6:16 pm, 60, Wet, N, Daylight, Head On, Fatal, N, N
US, 2, 0, 0, 0, 2017, May, Friday, 11:24 pm, 40, Wet, Y, Night, Head On, Minor Injury, N, N
US, 2, 0, 0, 1, 2017, May, Friday, 7:25 pm, 70, Wet, Y, Night, Right Angle, Minor Injury, N, N
US, 2, 0, 0, 0, 2017, May, Friday, 5:00 am, 40, Wet, Y, Night, Rear End, Not Injured, N, N
US, 6, 0, 0, 0, 2017, May, Wednesday, 6:05 am, 40, Dry, N, Daylight, Rear End, Not Injured, N, N
US, 2, 0, 0, 0, 2017, May, Tuesday, 12:31 am, 20, Dry, N, Daylight, Head On, Not Injured, N, N
US, 2, 0, 0, 0, 2017, May, Thursday, 11:10 am, 70, Dry, N, Daylight, Rear End, Minor Injury, N, N
US, 3, 0, 0, 0, 2017, May, Saturday, 2:20 pm, 60, Wet, Y, Daylight, Head On, Minor Injury, N, N
US, 2, 0, 0, 0, 2017, May, Friday, 7:45 pm, 60, Wet, Y, Night, Head On, Minor Injury, N, N
US, 3, 0, 0, 0, 2017, May, Saturday, 3:38 pm, 60, Wet, Y, Daylight, Rear End, Minor Injury, N, N
US, 2, 0, 1, 1, 2017, May, Saturday, 3:40 pm, 60, Wet, Y, Daylight, Rear End, Major Injury, N, N
US, 2, 0, 0, 0, 2017, May, Saturday, 2:08 pm, 60, Wet, Y, Daylight, Right Angle, Minor Injury, N, N
US, 3, 0, 0, 2, 2017, May, Friday, 3:00 pm, 60, Dry, N, Daylight, Rear End, Minor Injury, N, N
US, 2, 0, 0, 0, 2017, April, Tuesday, 7:23 am, 90, Dry, N, Daylight, Rear End, Not Injured, N, N
US, 2, 0, 0, 0, 2017, April, Tuesday, 4:08 pm, 60, Dry, N, Daylight, Rear End, Minor Injury, N, N
US, 2, 0, 0, 1, 2017, May, Saturday, 6:28 pm, 50, Wet, Y, Daylight, Rear End, Minor Injury, N, N
US, 2, 0, 0, 0, 2017, May, Saturday, 6:55 pm, 60, Wet, Y, Daylight, Rear End, Not Injured, Y, N
US, 2, 0, 0, 0, 2017, April, Wednesday, 5:01 pm, 60, Dry, N, Daylight, Right Angle, Not Injured, Y, N
US, 2, 0, 0, 0, 2017, May, Saturday, 10:55 pm, 40, Wet, Y, Night, Side Swipe, Not Injured, N, N
US, 2, 0, 0, 0, 2017, April, Monday, 8:25 am, 90, Dry, N, Daylight, Rear End, Not Injured, N, N
US, 2, 0, 0, 0, 2017, May, Friday, 7:21 am, 60, Wet, Y, Daylight, Rear End, Minor Injury, N, N
US, 2, 0, 0, 0, 2017, May, Sunday, 8:47 am, 40, Dry, N, Daylight, Right Angle, Not Injured, N, N
US, 2, 0, 0, 0, 2017, May, Friday, 9:50 am, 70, Wet, N, Daylight, Rear End, Not Injured, N, N
US, 2, 0, 0, 1, 2017, May, Sunday, 11:35 am, 60, Dry, N, Daylight, Right Angle, Minor Injury, N, N
US, 2, 0, 0, 0, 2017, May, Saturday, 3:37 pm, 40, Wet, Y, Daylight, Rear End, Not Injured, N, N
US, 3, 0, 0, 0, 2017, May, Friday, 5:40 pm, 60, Dry, N, Daylight, Rear End, Not Injured, N, N
US, 2, 0, 0, 0, 2017, May, Thursday, 5:46 pm, 40, Dry, N, Daylight, Right Angle, Not Injured, N, N
US, 2, 0, 0, 0, 2017, May, Sunday, 1:55 pm, 60, Dry, N, Daylight, Right Angle, Not Injured, N, N
US, 2, 0, 0, 1, 2017, May, Saturday, 3:51 pm, 60, Wet, Y, Daylight, Rear End, Minor Injury, N, N
US, 2, 0, 0, 0, 2017, May, Sunday, 5:30 pm, 40, Dry, N, Daylight, Side Swipe, Not Injured, N, N
US, 4, 0, 0, 0, 2017, April, Monday, 9:00 am, 90, Dry, N, Daylight, Rear End, Not Injured, N, N
US, 2, 0, 0, 0, 2017, April, Friday, 4:10 pm, 60, Dry, N, Daylight, Rear End, Minor Injury, N, N
US, 2, 0, 0, 0, 2017, April, Tuesday, 12:50 am, 90, Dry, N, Daylight, Rear End, Not Injured, N, N
US, 2, 0, 0, 0, 2017, May, Wednesday, 6:21 pm, 90, Dry, N, Daylight, Rear End, Not Injured, N, N
US, 2, 0, 0, 0, 2017, May, Saturday, 9:01 pm, 90, Wet, Y, Night, Side Swipe, Not Injured, N, N
US, 2, 0, 0, 0, 2017, May, Sunday, 1:35 pm, 40, Dry, N, Daylight, Side Swipe, Not Injured, N, N
US, 3, 0, 0, 0, 2017, April, Friday, 5:09 pm, 90, Dry, N, Daylight, Rear End, Minor Injury, Y, N
US, 2, 0, 0, 1, 2017, May, Sunday, 9:52 am, 60, Dry, N, Daylight, Head On, Minor Injury, Y, N
US, 3, 0, 0, 0, 2017, May, Friday, 6:50 am, 40, Wet, Y, Daylight, Rear End, Not Injured, N, N
US, 2, 0, 0, 1, 2017, May, Wednesday, 9:06 am, 40, Dry, N, Daylight, Rear End, Minor Injury, N, N
US, 3, 0, 0, 0, 2017, May, Friday, 1:41 pm, 60, Dry, N, Daylight, Head On, Minor Injury, N, N
US, 2, 0, 0, 0, 2017, May, Friday, 4:57 pm, 60, Dry, N, Daylight, Side Swipe, Not Injured, N, N
US, 2, 0, 0, 0, 2017, May, Monday, 8:42 am, 70, Dry, N, Daylight, Rear End, Not Injured, N, N
US, 2, 0, 0, 0, 2017, May, Sunday, 6:00 am, 60, Dry, N, Daylight, Side Swipe, Not Injured, N, N
US, 2, 0, 0, 0, 2017, May, Monday, 12:10 am, 40, Dry, N, Daylight, Rear End, Not Injured, N, N
US, 2, 0, 0, 0, 2017, May, Sunday, 11:30 am, 40, Dry, N, Daylight, Hit Pedestrian, Minor Injury, N, N
US, 2, 0, 0, 0, 2017, May, Monday, 11:20 am, 40, Dry, N, Daylight, Right Angle, Not Injured, N, N
US, 2, 0, 0, 1, 2017, May, Saturday, 10:52 am, 40, Wet, Y, Daylight, Right Angle, Minor Injury, N, N
US, 2, 0, 0, 1, 2017, May, Monday, 4:20 pm, 40, Dry, N, Daylight, Hit Pedestrian, Minor Injury, N, N
US, 2, 0, 0, 0, 2017, May, Monday, 4:16 pm, 40, Dry, N, Daylight, Right Angle, Not Injured, N, N
US, 2, 0, 1, 0, 2017, April, Thursday, 9:36 am, 90, Dry, N, Daylight, Rear End, Major Injury, N, N
US, 2, 0, 0, 0, 2017, April, Wednesday, 5:45 pm, 90, Dry, N, Daylight, Rear End, Minor Injury, N, N
US, 5, 0, 0, 0, 2017, May, Friday, 11:10 pm, 90, Wet, Y, Night, Rear End, Not Injured, N, N
US, 4, 0, 0, 0, 2017, May, Monday, 5:47 pm, 40, Dry, N, Daylight, Right Angle, Minor Injury, N, N
US, 2, 0, 0, 0, 2017, May, Monday, 6:24 pm, 40, Dry, N, Daylight, Rear End, Minor Injury, N, N
US, 2, 0, 0, 0, 2017, May, Monday, 7:48 pm, 40, Dry, N, Night, Right Angle, Not Injured, N, N
US, 2, 0, 0, 1, 2017, May, Saturday, 3:32 pm, 40, Wet, Y, Daylight, Rear End, Minor Injury, N, N
US, 2, 0, 0, 0, 2017, May, Monday, 7:02 pm, 40, Dry, N, Daylight, Hit Pedestrian, Minor Injury, N, N
US, 2, 0, 0, 0, 2017, May, Sunday, 3:20 am, 40, Wet, Y, Night, Rear End, Not Injured, Y, N
US, 2, 0, 0, 3, 2017, January, Tuesday, 8:35 am, 40, Wet, Y, Daylight, Right Angle, Minor Injury, N, N
US, 2, 0, 0, 0, 2017, February, Thursday, 9:25 am, 40, Dry, N, Daylight, Head On, Not Injured, N, N
US, 2, 0, 0, 0, 2017, April, Tuesday, 8:15 am, 40, Wet, N, Daylight, Right Angle, Not Injured, N, N
US, 2, 0, 0, 1, 2017, May, Tuesday, 7:20 pm, 40, Dry, N, Daylight, Right Angle, Minor Injury, N, N
US, 2, 0, 0, 1, 2017, May, Monday, 7:45 am, 90, Dry, N, Daylight, Rear End, Minor Injury, N, N
US, 2, 0, 0, 1, 2017, May, Tuesday, 9:42 am, 70, Dry, N, Daylight, Right Angle, Minor Injury, N, N
US, 2, 0, 0, 0, 2017, May, Tuesday, 9:45 am, 20, Dry, N, Daylight, Right Angle, Not Injured, N, N
US, 2, 0, 0, 1, 2017, May, Tuesday, 12:19 am, 50, Dry, N, Daylight, Right Angle, Minor Injury, N, N
US, 2, 0, 0, 1, 2017, May, Tuesday, 12:46 am, 60, Dry, N, Daylight, Rear End, Minor Injury, N, N
US, 2, 0, 0, 0, 2017, May, Tuesday, 5:15 pm, 40, Dry, N, Daylight, Right Angle, Not Injured, N, N
US, 2, 0, 0, 0, 2017, May, Tuesday, 6:05 pm, 90, Dry, N, Daylight, Right Angle, Not Injured, N, N
US, 2, 0, 0, 0, 2017, May, Tuesday, 5:43 pm, 40, Dry, N, Daylight, Side Swipe, Minor Injury, N, N
US, 2, 0, 0, 1, 2017, May, Tuesday, 6:27 pm, 40, Dry, N, Daylight, Right Angle, Minor Injury, N, N
US, 2, 0, 0, 0, 2017, May, Monday, 4:00 pm, 70, Dry, N, Daylight, Rear End, Not Injured, N, N
US, 2, 0, 0, 1, 2017, May, Tuesday, 8:29 pm, 40, Dry, N, Night, Right Angle, Minor Injury, N, N
US, 2, 0, 0, 4, 2017, April, Saturday, 3:17 pm, 60, Dry, N, Daylight, Rear End, Minor Injury, N, N
US, 2, 0, 0, 0, 2017, May, Tuesday, 8:24 pm, 20, Dry, N, Night, Rear End, Not Injured, Y, N
US, 3, 0, 0, 0, 2017, May, Tuesday, 6:41 am, 70, Dry, N, Daylight, Rear End, Not Injured, N, N
US, 2, 0, 0, 0, 2017, May, Wednesday, 12:49 am, 40, Dry, N, Night, Side Swipe, Not Injured, N, N
US, 2, 0, 0, 1, 2017, May, Wednesday, 8:09 am, 40, Dry, N, Daylight, Head On, Minor Injury, N, N
US, 3, 0, 0, 0, 2017, May, Wednesday, 8:50 am, 60, Dry, N, Daylight, Right Angle, Not Injured, N, N
US, 3, 0, 0, 0, 2017, May, Wednesday, 11:22 am, 40, Dry, N, Daylight, Right Angle, Not Injured, N, N
US, 2, 0, 0, 1, 2017, May, Wednesday, 10:29 am, 40, Dry, N, Daylight, Head On, Minor Injury, N, N
US, 2, 0, 0, 1, 2017, May, Saturday, 9:49 am, 40, Wet, Y, Daylight, Right Angle, Minor Injury, N, N
US, 2, 0, 0, 1, 2017, May, Wednesday, 3:40 pm, 40, Dry, N, Daylight, Right Angle, Minor Injury, N, N
US, 2, 0, 0, 0, 2017, May, Friday, 2:31 pm, 60, Dry, N, Daylight, Side Swipe, Not Injured, N, N
US, 2, 0, 0, 0, 2017, May, Wednesday, 5:15 pm, 40, Dry, N, Daylight, Right Angle, Not Injured, N, N
US, 3, 0, 0, 6, 2017, May, Wednesday, 3:58 pm, 40, Dry, N, Daylight, Right Angle, Minor Injury, N, N
US, 3, 0, 0, 0, 2017, May, Wednesday, 6:45 pm, 50, Dry, N, Daylight, Side Swipe, Not Injured, N, N
US, 2, 0, 0, 0, 2017, May, Wednesday, 7:35 pm, 40, Dry, N, Night, Head On, Not Injured, N, N
US, 2, 0, 0, 0, 2017, May, Tuesday, 6:50 am, 20, Dry, N, Daylight, Head On, Not Injured, N, N
US, 2, 0, 0, 0, 2017, May, Wednesday, 11:30 pm, 60, Dry, N, Night, Right Angle, Not Injured, N, N
US, 2, 0, 0, 0, 2017, May, Thursday, 12:33 am, 40, Dry, N, Night, Right Angle, Not Injured, Y, N
US, 2, 0, 0, 0, 2017, May, Thursday, 5:45 am, 90, Wet, Y, Daylight, Right Angle, Minor Injury, N, N
US, 2, 0, 0, 2, 2017, May, Wednesday, 7:30 pm, 40, Dry, N, Daylight, Head On, Minor Injury, N, N
US, 2, 0, 1, 0, 2017, May, Sunday, 1:11 pm, 60, Dry, N, Daylight, Side Swipe, Major Injury, N, N
US, 2, 0, 0, 0, 2017, May, Wednesday, 2:25 pm, 40, Dry, N, Daylight, Rear End, Not Injured, N, N
US, 3, 0, 0, 0, 2017, May, Tuesday, 7:28 am, 40, Dry, N, Daylight, Side Swipe, Not Injured, N, N
US, 2, 0, 0, 0, 2017, May, Saturday, 1:03 pm, 40, Wet, Y, Daylight, Right Angle, Not Injured, N, N
US, 2, 0, 0, 1, 2017, May, Thursday, 7:28 am, 40, Wet, Y, Daylight, Right Angle, Minor Injury, N, N
US, 2, 0, 0, 0, 2017, May, Thursday, 7:55 am, 40, Wet, Y, Daylight, Right Angle, Not Injured, N, N
US, 2, 0, 0, 0, 2017, May, Thursday, 8:30 am, 60, Wet, Y, Daylight, Rear End, Not Injured, N, N
US, 2, 0, 0, 0, 2017, May, Thursday, 9:15 am, 60, Wet, Y, Daylight, Rear End, Not Injured, N, N
US, 2, 0, 0, 2, 2017, May, Wednesday, 11:08 am, 60, Dry, N, Daylight, Right Angle, Minor Injury, N, N
US, 2, 0, 0, 0, 2017, May, Thursday, 7:42 am, 60, Wet, Y, Daylight, Rear End, Minor Injury, N, N
US, 3, 0, 0, 0, 2017, April, Saturday, 3:24 pm, 40, Dry, N, Daylight, Right Angle, Not Injured, N, N
US, 3, 0, 0, 0, 2017, May, Thursday, 8:14 am, 40, Wet, Y, Daylight, Rear End, Not Injured, N, N
US, 3, 0, 0, 0, 2017, May, Sunday, 10:35 pm, 40, Dry, N, Night, Side Swipe, Not Injured, N, N
US, 2, 0, 0, 0, 2017, May, Thursday, 11:18 am, 40, Wet, Y, Daylight, Rear End, Not Injured, N, N
US, 3, 0, 0, 0, 2017, May, Thursday, 4:13 pm, 60, Dry, N, Daylight, Rear End, Not Injured, N, N
US, 2, 0, 0, 0, 2017, May, Thursday, 3:49 pm, 60, Dry, N, Daylight, Right Angle, Not Injured, N, N
US, 2, 0, 0, 0, 2017, May, Thursday, 4:10 pm, 70, Dry, N, Daylight, Side Swipe, Not Injured, N, N
US, 2, 0, 0, 0, 2017, May, Thursday, 4:18 pm, 40, Dry, N, Daylight, Right Angle, Not Injured, N, N
US, 2, 0, 0, 0, 2017, May, Thursday, 4:37 pm, 40, Dry, N, Daylight, Rear End, Not Injured, N, N
US, 2, 0, 0, 0, 2017, May, Thursday, 6:25 pm, 40, Dry, N, Daylight, Right Angle, Not Injured, N, N
US, 2, 0, 0, 1, 2017, May, Thursday, 6:35 pm, 70, Dry, N, Daylight, Rear End, Minor Injury, N, N
US, 2, 0, 0, 2, 2017, May, Saturday, 10:21 pm, 20, Wet, Y, Night, Right Angle, Minor Injury, N, N
US, 2, 0, 0, 0, 2017, May, Tuesday, 9:45 pm, 60, Wet, Y, Night, Rear End, Not Injured, N, N
US, 2, 0, 0, 1, 2017, May, Tuesday, 6:20 am, 60, Dry, N, Daylight, Rear End, Minor Injury, N, N
US, 2, 0, 0, 0, 2017, May, Friday, 3:30 am, 40, Dry, N, Night, Side Swipe, Not Injured, Y, N
US, 2, 0, 0, 0, 2017, May, Friday, 4:19 am, 60, Dry, N, Night, Side Swipe, Not Injured, N, N
US, 2, 0, 0, 2, 2017, May, Thursday, 6:52 am, 60, Wet, Y, Daylight, Right Angle, Minor Injury, N, N
US, 2, 0, 0, 0, 2017, May, Sunday, 12:38 am, 40, Dry, N, Night, Right Angle, Not Injured, N, N
US, 2, 0, 0, 0, 2017, April, Tuesday, 9:26 am, 90, Dry, N, Daylight, Rear End, Not Injured, N, N
US, 2, 0, 0, 0, 2017, May, Wednesday, 7:17 pm, 90, Dry, N, Daylight, Rear End, Not Injured, N, N
US, 3, 0, 0, 0, 2017, May, Thursday, 11:35 am, 40, Wet, N, Daylight, Rear End, Not Injured, N, N
US, 2, 0, 0, 0, 2017, May, Monday, 11:21 am, 40, Dry, N, Daylight, Right Angle, Not Injured, N, N
US, 2, 0, 0, 0, 2017, May, Friday, 7:49 am, 40, Dry, N, Daylight, Rear End, Not Injured, N, N
US, 2, 0, 0, 0, 2017, May, Friday, 8:35 am, 60, Dry, N, Daylight, Right Angle, Not Injured, N, N
US, 2, 0, 0, 0, 2017, May, Friday, 10:11 am, 60, Dry, N, Daylight, Right Angle, Not Injured, N, N
US, 2, 0, 0, 1, 2017, May, Friday, 8:21 am, 70, Dry, N, Daylight, Right Angle, Minor Injury, N, N
US, 3, 0, 0, 0, 2017, May, Friday, 8:29 am, 40, Dry, N, Daylight, Head On, Not Injured, N, N
US, 2, 0, 0, 0, 2017, May, Friday, 11:25 am, 40, Dry, N, Daylight, Head On, Not Injured, N, N
US, 2, 0, 0, 0, 2017, May, Friday, 1:17 pm, 40, Dry, N, Daylight, Head On, Not Injured, N, N
US, 2, 0, 0, 0, 2017, May, Friday, 3:00 pm, 40, Dry, N, Daylight, Right Angle, Not Injured, N, N
US, 2, 0, 0, 0, 2017, May, Friday, 3:05 pm, 50, Dry, N, Daylight, Head On, Not Injured, N, N
US, 2, 0, 0, 0, 2017, May, Friday, 3:50 pm, 60, Dry, N, Daylight, Rear End, Not Injured, N, N
US, 2, 0, 0, 0, 2017, May, Friday, 7:10 pm, 60, Dry, N, Daylight, Right Angle, Not Injured, N, N
US, 2, 0, 0, 0, 2017, May, Wednesday, 10:30 am, 60, Dry, N, Daylight, Head On, Minor Injury, N, N
US, 2, 0, 0, 0, 2017, May, Thursday, 11:40 am, 90, Dry, N, Daylight, Rear End, Not Injured, N, N
US, 2, 0, 0, 0, 2017, May, Monday, 1:18 pm, 90, Dry, N, Daylight, Rear End, Not Injured, N, N
US, 2, 0, 0, 1, 2017, May, Sunday, 2:00 pm, 20, Dry, N, Daylight, Rear End, Minor Injury, N, N
US, 2, 0, 0, 0, 2017, May, Sunday, 7:00 pm, 60, Dry, N, Night, Right Angle, Not Injured, N, N
US, 2, 0, 0, 0, 2017, May, Saturday, 7:50 am, 60, Dry, N, Daylight, Right Angle, Not Injured, N, N
US, 3, 0, 0, 0, 2017, May, Saturday, 2:00 am, 40, Dry, N, Night, Side Swipe, Not Injured, Y, N
US, 2, 0, 0, 0, 2017, May, Saturday, 10:17 am, 60, Dry, N, Daylight, Rear End, Not Injured, N, N
US, 3, 0, 0, 0, 2017, May, Saturday, 9:38 am, 60, Dry, N, Daylight, Rear End, Not Injured, N, N
US, 3, 0, 0, 1, 2017, May, Wednesday, 3:33 pm, 40, Dry, N, Daylight, Hit Pedestrian, Minor Injury, N, N
US, 4, 0, 0, 1, 2017, May, Friday, 4:40 pm, 60, Dry, N, Daylight, Rear End, Minor Injury, N, N
US, 2, 0, 0, 0, 2017, May, Friday, 3:00 am, 40, Dry, N, Night, Side Swipe, Not Injured, Y, N
US, 2, 0, 0, 0, 2017, May, Saturday, 3:39 pm, 20, Dry, N, Daylight, Side Swipe, Not Injured, N, N
US, 2, 0, 0, 0, 2017, May, Saturday, 9:26 pm, 60, Dry, N, Night, Right Angle, Not Injured, N, N
US, 3, 0, 0, 1, 2017, February, Wednesday, 9:23 pm, 60, Dry, N, Night, Side Swipe, Minor Injury, N, N
US, 2, 0, 0, 0, 2017, March, Sunday, 9:40 am, 90, Wet, Y, Daylight, Head On, Minor Injury, N, N
US, 2, 0, 0, 0, 2017, March, Sunday, 11:33 am, 90, Dry, N, Daylight, Rear End, Not Injured, N, N
US, 2, 0, 0, 1, 2017, May, Wednesday, 3:18 pm, 90, Dry, N, Daylight, Rear End, Minor Injury, N, N
US, 5, 0, 0, 0, 2017, May, Monday, 6:46 pm, 90, Dry, N, Daylight, Rear End, Not Injured, N, N
US, 2, 0, 0, 0, 2017, May, Friday, 6:15 pm, 90, Dry, N, Daylight, Rear End, Not Injured, N, N
US, 3, 0, 0, 1, 2017, May, Sunday, 2:25 pm, 60, Dry, N, Daylight, Right Angle, Minor Injury, N, N
US, 3, 0, 0, 0, 2017, May, Sunday, 7:25 am, 60, Dry, N, Daylight, Side Swipe, Not Injured, N, N
US, 2, 0, 0, 0, 2017, May, Saturday, 1:35 pm, 60, Dry, N, Daylight, Rear End, Not Injured, N, N
US, 2, 0, 0, 0, 2017, May, Friday, 8:35 am, 90, Dry, N, Daylight, Rear End, Not Injured, N, N
US, 2, 0, 0, 0, 2017, May, Friday, 1:50 pm, 90, Dry, N, Daylight, Rear End, Not Injured, N, N
US, 2, 0, 0, 1, 2017, May, Sunday, 7:22 pm, 40, Dry, N, Daylight, Rear End, Minor Injury, N, N
US, 2, 0, 0, 0, 2017, May, Saturday, 10:28 am, 40, Dry, N, Daylight, Head On, Not Injured, N, N
US, 2, 0, 0, 0, 2017, May, Sunday, 10:10 pm, 60, Dry, N, Night, Right Angle, Not Injured, Y, N
US, 2, 0, 0, 0, 2017, May, Monday, 12:40 am, 40, Dry, N, Night, Rear End, Not Injured, Y, N
US, 2, 0, 0, 0, 2017, May, Friday, 2:45 pm, 60, Dry, N, Daylight, Right Angle, Minor Injury, N, N
US, 2, 0, 0, 1, 2017, May, Monday, 7:33 am, 40, Dry, N, Daylight, Side Swipe, Minor Injury, N, N
US, 2, 0, 0, 0, 2017, May, Monday, 7:54 am, 60, Dry, N, Daylight, Rear End, Minor Injury, N, N
US, 2, 0, 0, 0, 2017, May, Monday, 6:50 am, 40, Dry, N, Daylight, Right Angle, Not Injured, N, N
US, 2, 0, 0, 0, 2017, May, Monday, 7:50 am, 60, Dry, N, Daylight, Right Angle, Not Injured, N, N