Nation,Total Units,Total Fatalities,Total Serious Injuries,Total Minor Injuries,Year,Month,Day,Time,Speed Limit,Moisture,Adverse Weather Conditions,DayNight,Crash Type,Crash Severity,Alcohol Related ,Drug Related
US, 2, 0, 0, 0, 2017, May, Monday, 7:50 am, 40, Dry, N, Daylight, Side Swipe, Not Injured, N, N
US, 2, 0, 0, 0, 2017, May, Monday, 8:55 am, 60, Dry, N, Daylight, Right Angle, Not Injured, N, N
US, 2, 0, 0, 0, 2017, May, Wednesday, 9:30 am, 40, Wet, N, Daylight, Rear End, Not Injured, N, N
US, 2, 0, 0, 0, 2017, May, Tuesday, 4:40 pm, 40, Dry, N, Daylight, Rear End, Not Injured, N, N
US, 2, 0, 0, 0, 2017, May, Monday, 7:37 am, 60, Dry, N, Daylight, Right Angle, Not Injured, N, N
US, 2, 0, 0, 1, 2017, May, Friday, 2:00 pm, 40, Dry, N, Daylight, Right Angle, Minor Injury, N, N
US, 2, 0, 0, 0, 2017, May, Monday, 1:16 pm, 50, Dry, N, Daylight, Right Angle, Not Injured, N, N
US, 2, 0, 0, 0, 2017, May, Monday, 1:55 pm, 40, Dry, N, Daylight, Right Angle, Not Injured, Y, N
US, 2, 0, 0, 1, 2017, May, Monday, 3:51 pm, 40, Dry, N, Daylight, Rear End, Minor Injury, N, N
US, 2, 0, 0, 0, 2017, May, Monday, 4:33 pm, 40, Dry, N, Daylight, Rear End, Not Injured, N, N
US, 2, 0, 0, 0, 2017, May, Monday, 3:40 pm, 40, Dry, N, Daylight, Side Swipe, Not Injured, N, N
US, 2, 0, 0, 1, 2017, May, Thursday, 10:04 pm, 60, Dry, N, Night, Rear End, Minor Injury, N, N
US, 2, 0, 0, 0, 2017, May, Monday, 4:00 pm, 40, Dry, N, Daylight, Right Angle, Not Injured, N, N
US, 2, 0, 0, 0, 2017, May, Monday, 4:30 pm, 40, Dry, N, Daylight, Right Angle, Not Injured, N, N
US, 3, 0, 0, 0, 2017, May, Monday, 5:37 pm, 60, Dry, N, Daylight, Right Angle, Not Injured, N, N
US, 2, 0, 0, 0, 2017, May, Saturday, 4:41 pm, 90, Dry, N, Daylight, Right Angle, Not Injured, N, N
US, 2, 0, 0, 0, 2017, May, Monday, 6:32 pm, 60, Dry, N, Daylight, Right Angle, Not Injured, N, N
US, 2, 0, 0, 0, 2017, May, Monday, 6:12 pm, 60, Dry, N, Daylight, Right Angle, Not Injured, N, N
US, 2, 0, 0, 0, 2017, May, Monday, 7:00 pm, 40, Dry, N, Daylight, Right Angle, Not Injured, N, N
US, 2, 0, 0, 0, 2017, May, Monday, 8:00 pm, 40, Dry, N, Daylight, Right Angle, Not Injured, N, N
US, 3, 0, 0, 0, 2017, May, Saturday, 2:21 am, 40, Wet, Y, Night, Right Angle, Minor Injury, Y, N
US, 3, 0, 0, 0, 2017, May, Saturday, 12:25 am, 40, Dry, N, Daylight, Rear End, Not Injured, N, N
US, 3, 0, 0, 0, 2017, May, Thursday, 6:34 pm, 60, Dry, N, Daylight, Rear End, Not Injured, N, N
US, 2, 0, 0, 0, 2017, May, Tuesday, 2:38 am, 40, Dry, N, Night, Head On, Not Injured, Y, N
US, 2, 0, 0, 0, 2017, May, Monday, 5:02 pm, 60, Dry, N, Daylight, Rear End, Minor Injury, N, N
US, 2, 0, 0, 0, 2017, May, Saturday, 1:40 pm, 40, Dry, N, Daylight, Hit Pedestrian, Minor Injury, N, N
US, 2, 0, 0, 0, 2017, May, Tuesday, 7:54 am, 40, Dry, N, Daylight, Rear End, Not Injured, N, N
US, 2, 0, 0, 1, 2017, May, Friday, 11:30 pm, 40, Dry, N, Night, Right Angle, Minor Injury, Y, N
US, 2, 0, 0, 0, 2017, May, Tuesday, 11:44 am, 40, Dry, N, Daylight, Side Swipe, Not Injured, N, N
US, 2, 0, 0, 0, 2017, April, Saturday, 11:47 am, 60, Dry, N, Daylight, Rear End, Not Injured, N, N
US, 2, 0, 0, 1, 2017, May, Tuesday, 1:00 pm, 40, Dry, N, Daylight, Right Angle, Minor Injury, N, N
US, 2, 0, 0, 0, 2017, May, Tuesday, 10:53 am, 40, Dry, N, Daylight, Rear End, Not Injured, N, N
US, 2, 0, 0, 0, 2017, May, Tuesday, 1:10 pm, 40, Dry, N, Daylight, Rear End, Not Injured, N, N
US, 3, 0, 0, 0, 2017, May, Monday, 2:47 pm, 40, Dry, N, Daylight, Rear End, Minor Injury, N, N
US, 2, 0, 0, 1, 2017, May, Tuesday, 3:15 pm, 60, Dry, N, Daylight, Right Angle, Minor Injury, N, N
US, 3, 0, 0, 1, 2017, April, Tuesday, 4:27 pm, 40, Dry, N, Daylight, Rear End, Minor Injury, N, N
US, 2, 0, 0, 1, 2017, April, Wednesday, 3:57 pm, 40, Dry, N, Daylight, Head On, Minor Injury, N, N
US, 2, 0, 1, 0, 2017, May, Tuesday, 4:05 pm, 40, Dry, N, Daylight, Head On, Major Injury, N, N
US, 2, 0, 0, 1, 2017, May, Wednesday, 11:52 pm, 60, Dry, N, Night, Right Angle, Minor Injury, N, N
US, 2, 0, 1, 0, 2017, May, Tuesday, 3:56 pm, 40, Dry, N, Daylight, Hit Pedestrian, Major Injury, N, N
US, 2, 0, 0, 0, 2017, May, Tuesday, 5:47 pm, 40, Dry, N, Daylight, Right Angle, Not Injured, N, N
US, 2, 0, 1, 0, 2017, May, Tuesday, 9:32 pm, 40, Dry, N, Night, Hit Pedestrian, Major Injury, N, N
US, 2, 0, 1, 0, 2017, May, Wednesday, 12:50 am, 40, Dry, N, Night, Right Angle, Major Injury, N, N
US, 2, 0, 0, 0, 2017, May, Friday, 9:00 pm, 40, Wet, Y, Night, Right Angle, Minor Injury, N, N
US, 2, 0, 0, 0, 2017, May, Tuesday, 6:02 pm, 40, Dry, N, Daylight, Rear End, Not Injured, N, N
US, 2, 0, 0, 0, 2017, May, Saturday, 11:04 am, 60, Wet, Y, Daylight, Right Angle, Not Injured, N, N
US, 2, 0, 0, 0, 2017, May, Wednesday, 7:13 am, 40, Dry, N, Daylight, Rear End, Not Injured, N, N
US, 3, 0, 0, 0, 2017, May, Monday, 4:15 pm, 70, Dry, N, Daylight, Rear End, Not Injured, N, N
US, 4, 0, 3, 0, 2017, May, Thursday, 2:10 pm, 60, Dry, N, Daylight, Right Angle, Major Injury, N, N
US, 4, 0, 1, 0, 2017, May, Wednesday, 11:50 am, 90, Dry, N, Daylight, Rear End, Major Injury, N, N
US, 2, 0, 0, 0, 2017, May, Wednesday, 10:27 am, 60, Dry, N, Daylight, Rear End, Not Injured, N, N
US, 2, 0, 0, 2, 2017, May, Tuesday, 1:35 pm, 40, Dry, N, Daylight, Rear End, Minor Injury, N, N
US, 2, 0, 1, 0, 2017, May, Tuesday, 8:10 pm, 40, Dry, N, Daylight, Hit Pedestrian, Major Injury, N, N
US, 2, 0, 0, 0, 2017, May, Wednesday, 3:35 pm, 40, Dry, N, Daylight, Rear End, Not Injured, N, N
US, 2, 0, 0, 0, 2017, May, Wednesday, 4:03 pm, 60, Dry, N, Daylight, Rear End, Not Injured, N, N
US, 2, 0, 0, 0, 2017, May, Tuesday, 3:53 pm, 70, Dry, N, Daylight, Rear End, Not Injured, N, N
US, 3, 0, 0, 0, 2017, May, Wednesday, 4:28 pm, 70, Dry, N, Daylight, Right Angle, Not Injured, N, N
US, 2, 0, 0, 0, 2017, May, Tuesday, 6:49 pm, 40, Dry, N, Daylight, Side Swipe, Not Injured, N, N
US, 2, 0, 0, 0, 2017, May, Wednesday, 3:00 pm, 40, Dry, N, Daylight, Right Angle, Not Injured, N, N
US, 2, 0, 0, 1, 2017, May, Wednesday, 5:40 pm, 60, Dry, N, Daylight, Rear End, Minor Injury, N, N
US, 2, 0, 0, 0, 2017, May, Monday, 4:42 pm, 90, Dry, N, Daylight, Right Angle, Not Injured, N, N
US, 3, 0, 0, 0, 2017, May, Monday, 3:08 pm, 70, Dry, N, Daylight, Rear End, Minor Injury, N, N
US, 2, 0, 0, 0, 2017, May, Tuesday, 11:23 am, 70, Dry, N, Daylight, Right Angle, Not Injured, N, N
US, 2, 0, 0, 0, 2017, May, Friday, 8:46 pm, 40, Dry, N, Night, Side Swipe, Minor Injury, N, N
US, 2, 0, 0, 0, 2017, May, Monday, 10:30 pm, 40, Dry, N, Night, Right Angle, Minor Injury, N, N
US, 2, 0, 0, 0, 2017, May, Wednesday, 3:50 pm, 40, Dry, N, Daylight, Hit Pedestrian, Minor Injury, N, N
US, 3, 0, 0, 0, 2017, May, Thursday, 2:10 am, 60, Dry, N, Night, Rear End, Not Injured, Y, N
US, 2, 0, 0, 0, 2017, April, Wednesday, 4:33 pm, 90, Dry, N, Daylight, Rear End, Not Injured, N, N
US, 2, 0, 0, 0, 2017, May, Wednesday, 11:25 am, 60, Dry, N, Daylight, Rear End, Minor Injury, N, N
US, 2, 0, 0, 1, 2017, May, Wednesday, 7:55 am, 40, Dry, N, Daylight, Right Angle, Minor Injury, N, N
US, 4, 0, 0, 0, 2017, May, Wednesday, 12:40 am, 40, Dry, N, Daylight, Rear End, Not Injured, N, N
US, 2, 0, 0, 0, 2017, May, Thursday, 12:05 am, 40, Dry, N, Daylight, Right Angle, Not Injured, N, N
US, 2, 0, 0, 0, 2017, May, Thursday, 10:54 am, 60, Dry, N, Daylight, Right Angle, Not Injured, N, N
US, 2, 0, 0, 0, 2017, May, Thursday, 4:23 pm, 40, Dry, N, Daylight, Right Angle, Not Injured, N, N
US, 2, 0, 0, 2, 2017, May, Sunday, 2:13 pm, 20, Dry, N, Daylight, Right Angle, Minor Injury, N, N
US, 2, 0, 0, 0, 2017, May, Wednesday, 12:39 am, 60, Dry, N, Daylight, Rear End, Minor Injury, N, N
US, 2, 0, 0, 0, 2017, May, Thursday, 5:55 pm, 40, Dry, N, Daylight, Right Angle, Not Injured, N, N
US, 2, 0, 0, 0, 2017, May, Thursday, 3:49 pm, 90, Dry, N, Daylight, Rear End, Not Injured, N, N
US, 2, 0, 0, 0, 2017, May, Thursday, 6:18 am, 40, Dry, N, Daylight, Right Angle, Not Injured, Y, N
US, 2, 0, 0, 0, 2017, May, Wednesday, 5:18 pm, 40, Dry, N, Daylight, Rear End, Not Injured, N, N
US, 3, 0, 0, 3, 2017, May, Wednesday, 3:35 pm, 60, Dry, N, Daylight, Rear End, Minor Injury, N, N
US, 2, 0, 0, 0, 2017, May, Monday, 7:56 am, 90, Dry, N, Daylight, Rear End, Not Injured, N, N
US, 2, 0, 0, 0, 2017, May, Tuesday, 3:05 pm, 90, Dry, N, Daylight, Rear End, Not Injured, N, N
US, 2, 0, 0, 0, 2017, May, Monday, 5:23 pm, 90, Dry, N, Daylight, Rear End, Not Injured, N, N
US, 2, 0, 0, 0, 2017, May, Tuesday, 11:24 pm, 90, Dry, N, Night, Side Swipe, Minor Injury, N, N
US, 2, 0, 0, 0, 2017, May, Friday, 8:05 am, 40, Dry, N, Daylight, Right Angle, Not Injured, N, N
US, 2, 0, 0, 0, 2017, May, Friday, 11:27 am, 40, Dry, N, Daylight, Rear End, Not Injured, N, N
US, 2, 0, 0, 0, 2017, May, Thursday, 1:45 pm, 60, Dry, N, Daylight, Right Angle, Not Injured, N, N
US, 2, 0, 0, 0, 2017, May, Friday, 12:30 am, 60, Dry, N, Daylight, Head On, Not Injured, N, N
US, 3, 0, 0, 0, 2017, May, Wednesday, 4:12 pm, 60, Dry, N, Daylight, Rear End, Not Injured, N, N
US, 2, 0, 0, 4, 2017, May, Thursday, 7:48 am, 40, Dry, N, Daylight, Right Angle, Minor Injury, N, N
US, 2, 0, 0, 1, 2017, May, Thursday, 10:45 pm, 40, Dry, N, Night, Rear End, Minor Injury, N, N
US, 2, 0, 0, 0, 2017, May, Friday, 5:40 pm, 20, Dry, N, Daylight, Right Angle, Not Injured, N, N
US, 2, 0, 0, 0, 2017, May, Friday, 3:55 pm, 40, Dry, N, Daylight, Side Swipe, Minor Injury, Y, N
US, 3, 0, 0, 0, 2017, May, Friday, 6:06 pm, 90, Dry, N, Daylight, Rear End, Not Injured, N, N
US, 2, 0, 0, 1, 2017, May, Friday, 8:06 pm, 70, Dry, N, Daylight, Rear End, Minor Injury, N, N
US, 2, 0, 0, 0, 2017, May, Friday, 10:11 pm, 60, Wet, N, Night, Right Angle, Not Injured, N, N
US, 2, 0, 0, 0, 2017, May, Saturday, 12:45 am, 40, Dry, N, Night, Right Angle, Not Injured, Y, N
US, 2, 0, 0, 0, 2017, May, Saturday, 12:35 am, 40, Wet, N, Night, Right Angle, Not Injured, Y, N
US, 2, 0, 0, 0, 2017, May, Wednesday, 3:54 pm, 90, Dry, N, Daylight, Side Swipe, Not Injured, N, N
US, 2, 0, 0, 0, 2017, May, Thursday, 3:05 pm, 90, Dry, N, Daylight, Rear End, Not Injured, N, N
US, 2, 0, 0, 1, 2017, May, Saturday, 12:32 am, 60, Wet, Y, Daylight, Rear End, Minor Injury, N, N
US, 2, 0, 0, 1, 2017, May, Friday, 12:00 am, 60, Dry, N, Daylight, Right Angle, Minor Injury, N, N
US, 2, 0, 0, 0, 2017, May, Sunday, 1:53 pm, 60, Dry, N, Daylight, Side Swipe, Not Injured, N, N
US, 2, 0, 0, 0, 2017, May, Saturday, 9:26 am, 40, Dry, N, Daylight, Right Angle, Not Injured, N, N
US, 2, 0, 0, 0, 2017, May, Saturday, 12:13 am, 60, Dry, N, Daylight, Right Angle, Not Injured, N, N
US, 2, 0, 0, 0, 2017, May, Saturday, 1:58 pm, 40, Dry, N, Daylight, Head On, Not Injured, N, N
US, 2, 0, 0, 0, 2017, May, Sunday, 9:34 pm, 40, Dry, N, Night, Head On, Not Injured, N, N
US, 4, 0, 0, 0, 2017, May, Friday, 1:59 pm, 60, Dry, N, Daylight, Head On, Not Injured, N, N
US, 2, 0, 0, 0, 2017, May, Saturday, 3:20 pm, 40, Dry, N, Daylight, Side Swipe, Not Injured, N, N
US, 2, 0, 0, 0, 2017, May, Saturday, 4:34 pm, 40, Dry, N, Daylight, Right Angle, Not Injured, N, N
US, 2, 0, 0, 0, 2017, May, Friday, 9:35 pm, 40, Dry, N, Night, Head On, Not Injured, Y, N
US, 2, 0, 0, 1, 2017, May, Saturday, 3:35 pm, 40, Dry, N, Daylight, Hit Pedestrian, Minor Injury, N, N
US, 2, 0, 0, 0, 2017, May, Friday, 2:50 pm, 40, Dry, N, Daylight, Rear End, Not Injured, N, N
US, 2, 0, 0, 2, 2017, May, Saturday, 5:52 pm, 40, Dry, N, Daylight, Right Angle, Minor Injury, N, N
US, 2, 0, 0, 0, 2017, May, Saturday, 7:55 pm, 40, Dry, N, Daylight, Side Swipe, Not Injured, N, N
US, 2, 0, 0, 0, 2017, May, Saturday, 9:20 pm, 60, Dry, N, Night, Hit Pedestrian, Minor Injury, N, N
US, 2, 0, 0, 0, 2017, May, Saturday, 9:35 pm, 60, Dry, N, Night, Head On, Not Injured, N, N
US, 2, 0, 0, 0, 2017, May, Friday, 3:41 pm, 60, Dry, N, Daylight, Rear End, Not Injured, N, N
US, 4, 0, 0, 0, 2017, May, Saturday, 1:40 pm, 60, Dry, N, Daylight, Rear End, Minor Injury, N, N
US, 2, 0, 0, 0, 2017, May, Friday, 4:25 pm, 50, Dry, N, Daylight, Rear End, Not Injured, N, N
US, 2, 0, 0, 0, 2017, May, Friday, 8:20 pm, 40, Dry, N, Night, Right Angle, Not Injured, N, N
US, 3, 0, 0, 0, 2017, May, Sunday, 11:15 am, 40, Dry, N, Daylight, Rear End, Not Injured, N, N
US, 2, 0, 0, 0, 2017, May, Sunday, 2:05 pm, 40, Wet, Y, Daylight, Right Angle, Minor Injury, N, N
US, 2, 0, 0, 0, 2017, May, Sunday, 1:30 pm, 50, Wet, Y, Daylight, Side Swipe, Not Injured, N, N
US, 2, 0, 0, 0, 2017, May, Sunday, 2:40 pm, 40, Wet, Y, Daylight, Right Angle, Not Injured, N, N
US, 2, 0, 0, 0, 2017, May, Saturday, 9:55 pm, 40, Dry, N, Night, Right Angle, Not Injured, N, N
US, 2, 0, 0, 0, 2017, May, Sunday, 3:15 pm, 40, Wet, Y, Daylight, Head On, Not Injured, N, N
US, 2, 0, 0, 0, 2017, May, Sunday, 2:52 pm, 60, Wet, Y, Daylight, Rear End, Minor Injury, N, N
US, 3, 0, 0, 1, 2017, May, Sunday, 2:55 pm, 60, Wet, Y, Daylight, Side Swipe, Minor Injury, N, N
US, 2, 0, 0, 0, 2017, May, Sunday, 5:30 pm, 30, Wet, Y, Daylight, Right Angle, Not Injured, N, N
US, 2, 0, 0, 0, 2017, May, Sunday, 2:35 pm, 60, Wet, Y, Daylight, Right Angle, Not Injured, N, N
US, 2, 0, 0, 0, 2017, May, Sunday, 11:39 am, 40, Dry, N, Daylight, Right Angle, Not Injured, N, N
US, 2, 0, 0, 1, 2017, May, Sunday, 9:04 pm, 60, Wet, N, Night, Right Angle, Minor Injury, N, N
US, 2, 0, 0, 1, 2017, May, Sunday, 4:45 pm, 60, Wet, Y, Daylight, Right Angle, Minor Injury, N, N
US, 2, 0, 0, 0, 2017, May, Sunday, 2:50 am, 60, Dry, N, Night, Right Angle, Not Injured, N, N
US, 4, 0, 0, 0, 2017, May, Sunday, 10:09 pm, 40, Dry, N, Night, Side Swipe, Not Injured, Y, N
US, 2, 0, 0, 0, 2017, May, Tuesday, 1:40 am, 40, Dry, N, Night, Right Angle, Not Injured, Y, N
US, 2, 0, 0, 0, 2017, April, Thursday, 2:51 am, 90, Dry, N, Night, Rear End, Minor Injury, Y, N
US, 4, 0, 0, 0, 2017, May, Saturday, 12:31 am, 60, Dry, N, Daylight, Rear End, Not Injured, N, N
US, 2, 0, 0, 0, 2017, May, Friday, 11:55 pm, 40, Dry, N, Night, Right Angle, Not Injured, N, N
US, 5, 0, 0, 0, 2017, May, Tuesday, 8:00 am, 60, Dry, N, Daylight, Right Angle, Not Injured, N, N
US, 2, 0, 0, 0, 2017, May, Monday, 8:35 am, 40, Dry, N, Daylight, Right Angle, Not Injured, N, N
US, 2, 0, 0, 2, 2017, May, Friday, 8:45 am, 60, Dry, N, Daylight, Rear End, Minor Injury, N, N
US, 2, 0, 0, 0, 2017, May, Monday, 10:30 am, 40, Dry, N, Daylight, Right Angle, Not Injured, N, N
US, 3, 0, 0, 0, 2017, May, Monday, 10:45 am, 70, Dry, N, Daylight, Rear End, Not Injured, N, N
US, 2, 0, 0, 0, 2017, May, Monday, 6:57 am, 70, Wet, Y, Daylight, Right Angle, Not Injured, N, N
US, 2, 0, 0, 0, 2017, May, Saturday, 10:30 pm, 40, Dry, N, Night, Right Angle, Minor Injury, N, N
US, 3, 0, 0, 0, 2017, May, Monday, 3:00 pm, 110, Dry, N, Daylight, Rear End, Not Injured, N, N
US, 2, 0, 0, 0, 2017, May, Saturday, 1:02 pm, 60, Dry, N, Daylight, Rear End, Not Injured, N, N
US, 2, 0, 0, 0, 2017, May, Tuesday, 9:45 pm, 40, Dry, N, Night, Right Angle, Minor Injury, N, N
US, 2, 0, 0, 1, 2017, May, Friday, 5:12 pm, 60, Dry, N, Daylight, Right Angle, Minor Injury, N, N
US, 2, 0, 0, 0, 2017, May, Sunday, 2:40 am, 60, Dry, N, Night, Rear End, Minor Injury, N, N
US, 2, 0, 0, 0, 2017, May, Sunday, 9:40 pm, 60, Dry, N, Night, Right Angle, Minor Injury, N, N
US, 3, 0, 0, 0, 2017, May, Monday, 3:33 pm, 60, Dry, N, Daylight, Right Angle, Not Injured, N, N
US, 3, 0, 0, 0, 2017, May, Friday, 5:50 pm, 60, Dry, N, Daylight, Rear End, Not Injured, N, N
US, 2, 0, 0, 0, 2017, May, Thursday, 2:57 pm, 60, Dry, N, Daylight, Right Angle, Not Injured, N, N
US, 2, 0, 0, 0, 2017, May, Monday, 4:08 pm, 40, Dry, N, Daylight, Right Angle, Not Injured, N, N
US, 3, 0, 0, 0, 2017, May, Friday, 7:10 am, 60, Dry, N, Daylight, Rear End, Not Injured, N, N
US, 4, 0, 0, 0, 2017, May, Tuesday, 1:30 am, 40, Dry, N, Night, Rear End, Not Injured, N, N
US, 3, 0, 0, 0, 2017, March, Thursday, 5:05 pm, 90, Dry, N, Daylight, Rear End, Not Injured, N, N
US, 4, 0, 0, 3, 2017, March, Tuesday, 1:58 pm, 90, Dry, N, Daylight, Rear End, Minor Injury, N, N
US, 2, 0, 0, 0, 2017, May, Monday, 9:15 am, 60, Dry, N, Daylight, Rear End, Not Injured, N, N
US, 2, 0, 0, 1, 2017, May, Sunday, 8:48 pm, 60, Dry, N, Night, Side Swipe, Minor Injury, N, N
US, 3, 0, 0, 0, 2017, May, Friday, 2:24 pm, 60, Dry, N, Daylight, Rear End, Not Injured, N, N
US, 3, 0, 0, 0, 2017, May, Saturday, 2:31 pm, 70, Dry, N, Daylight, Rear End, Not Injured, N, N
US, 2, 0, 0, 1, 2017, May, Tuesday, 8:30 am, 40, Dry, N, Daylight, Right Angle, Minor Injury, N, N
US, 2, 0, 0, 0, 2017, May, Wednesday, 2:23 pm, 40, Dry, N, Daylight, Right Angle, Not Injured, N, N
US, 2, 0, 0, 1, 2017, May, Monday, 1:14 pm, 60, Dry, N, Daylight, Right Angle, Minor Injury, N, N
US, 2, 0, 0, 0, 2017, May, Tuesday, 3:00 pm, 60, Dry, N, Daylight, Right Angle, Minor Injury, N, N
US, 2, 0, 0, 0, 2017, May, Wednesday, 5:50 pm, 60, Dry, N, Daylight, Rear End, Not Injured, N, N
US, 2, 0, 0, 0, 2017, May, Tuesday, 3:53 pm, 40, Dry, N, Daylight, Right Angle, Not Injured, N, N
US, 2, 0, 0, 1, 2017, May, Tuesday, 4:04 pm, 40, Dry, N, Daylight, Right Angle, Minor Injury, N, N
US, 3, 0, 0, 0, 2017, May, Thursday, 9:11 pm, 70, Wet, Y, Night, Rear End, Not Injured, N, N
US, 2, 0, 0, 0, 2017, May, Tuesday, 5:32 pm, 40, Dry, N, Daylight, Right Angle, Not Injured, N, N
US, 2, 0, 0, 0, 2017, May, Wednesday, 5:01 pm, 90, Dry, N, Daylight, Rear End, Not Injured, N, N
US, 2, 0, 0, 0, 2017, May, Monday, 4:55 pm, 60, Dry, N, Daylight, Right Angle, Not Injured, N, N
US, 2, 0, 0, 0, 2017, May, Tuesday, 5:05 pm, 60, Dry, N, Daylight, Right Angle, Not Injured, N, N
US, 2, 0, 0, 0, 2017, May, Tuesday, 5:42 pm, 40, Dry, N, Daylight, Rear End, Minor Injury, N, N
US, 2, 0, 0, 0, 2017, May, Tuesday, 7:38 pm, 40, Dry, N, Night, Rear End, Not Injured, N, N
US, 2, 0, 1, 1, 2017, May, Tuesday, 4:19 pm, 40, Dry, N, Daylight, Head On, Major Injury, N, N
US, 4, 0, 0, 0, 2017, May, Tuesday, 8:57 pm, 40, Dry, N, Night, Right Angle, Not Injured, N, N
US, 2, 0, 0, 1, 2017, May, Thursday, 5:17 pm, 60, Dry, N, Daylight, Right Angle, Minor Injury, N, N
US, 2, 0, 0, 0, 2017, May, Sunday, 11:10 am, 90, Dry, N, Daylight, Rear End, Not Injured, N, N
US, 2, 0, 0, 0, 2017, May, Tuesday, 8:55 am, 60, Dry, N, Daylight, Right Angle, Not Injured, N, N
US, 2, 0, 0, 1, 2017, May, Tuesday, 12:55 am, 60, Dry, N, Daylight, Rear End, Minor Injury, N, N
US, 2, 0, 0, 0, 2017, May, Saturday, 12:45 am, 70, Dry, N, Daylight, Rear End, Not Injured, N, N
US, 2, 0, 0, 0, 2017, May, Tuesday, 1:35 pm, 70, Dry, N, Daylight, Right Angle, Not Injured, N, N
US, 3, 0, 0, 0, 2017, May, Wednesday, 7:24 am, 60, Dry, N, Daylight, Rear End, Not Injured, N, N
US, 2, 0, 0, 0, 2017, May, Wednesday, 6:30 am, 40, Dry, N, Daylight, Side Swipe, Not Injured, N, N
US, 2, 0, 0, 0, 2017, May, Wednesday, 7:58 am, 40, Dry, N, Daylight, Right Angle, Not Injured, N, N
US, 3, 0, 0, 0, 2017, May, Tuesday, 1:20 pm, 60, Dry, N, Daylight, Rear End, Not Injured, N, N
US, 2, 0, 0, 1, 2017, May, Wednesday, 7:27 am, 40, Dry, N, Daylight, Right Angle, Minor Injury, N, N
US, 2, 0, 0, 0, 2017, May, Wednesday, 11:01 am, 60, Dry, N, Daylight, Right Angle, Not Injured, N, N
US, 2, 0, 0, 0, 2017, May, Friday, 11:49 am, 40, Dry, N, Daylight, Right Angle, Not Injured, N, N
US, 2, 0, 0, 0, 2017, May, Saturday, 1:03 pm, 20, Dry, N, Daylight, Right Angle, Not Injured, N, N
US, 2, 0, 0, 0, 2017, May, Tuesday, 2:14 pm, 40, Dry, N, Daylight, Right Angle, Not Injured, N, N
US, 2, 0, 0, 0, 2017, May, Wednesday, 11:24 am, 60, Dry, N, Daylight, Side Swipe, Not Injured, N, N
US, 2, 0, 0, 0, 2017, May, Wednesday, 1:00 pm, 40, Dry, N, Daylight, Rear End, Not Injured, N, N
US, 2, 0, 0, 0, 2017, May, Wednesday, 2:50 pm, 40, Wet, Y, Daylight, Head On, Not Injured, N, N
US, 2, 0, 0, 0, 2017, May, Wednesday, 2:42 pm, 60, Wet, Y, Daylight, Right Angle, Not Injured, N, N
US, 2, 0, 0, 1, 2017, May, Wednesday, 3:14 pm, 60, Dry, N, Daylight, Side Swipe, Minor Injury, N, N
US, 2, 0, 0, 1, 2017, May, Friday, 2:34 pm, 20, Dry, N, Daylight, Right Angle, Minor Injury, N, N
US, 2, 0, 0, 0, 2017, May, Friday, 4:33 pm, 60, Dry, N, Daylight, Right Angle, Not Injured, N, N
US, 2, 0, 0, 0, 2017, May, Tuesday, 5:44 pm, 60, Dry, N, Daylight, Right Angle, Not Injured, N, N
US, 2, 0, 0, 0, 2017, May, Monday, 3:29 pm, 50, Dry, N, Daylight, Right Angle, Not Injured, N, N
US, 2, 0, 0, 1, 2017, May, Wednesday, 7:46 pm, 50, Wet, Y, Daylight, Rear End, Minor Injury, N, N
US, 2, 0, 0, 0, 2017, May, Friday, 1:31 pm, 20, Dry, N, Daylight, Side Swipe, Not Injured, N, N
US, 2, 0, 0, 0, 2017, May, Wednesday, 9:45 pm, 60, Wet, Y, Night, Side Swipe, Not Injured, N, N
US, 3, 0, 0, 1, 2017, May, Wednesday, 9:39 pm, 60, Wet, Y, Night, Rear End, Minor Injury, Y, N
US, 2, 0, 0, 0, 2017, May, Wednesday, 4:11 am, 40, Dry, N, Night, Right Angle, Minor Injury, N, N
US, 2, 0, 0, 0, 2017, May, Thursday, 2:58 pm, 60, Dry, N, Daylight, Right Angle, Not Injured, N, N
US, 2, 0, 0, 0, 2017, March, Thursday, 6:29 am, 90, Dry, N, Night, Rear End, Not Injured, N, N
US, 3, 0, 0, 0, 2017, May, Thursday, 7:22 am, 90, Wet, Y, Daylight, Rear End, Not Injured, N, N
US, 2, 0, 0, 0, 2017, May, Monday, 6:29 am, 90, Dry, N, Daylight, Right Angle, Not Injured, N, N
US, 2, 0, 0, 0, 2017, May, Thursday, 8:14 am, 90, Wet, Y, Daylight, Rear End, Minor Injury, N, N
US, 2, 0, 1, 0, 2017, May, Tuesday, 10:15 pm, 40, Dry, N, Night, Right Angle, Major Injury, Y, N
US, 2, 0, 0, 0, 2017, May, Thursday, 9:00 am, 40, Wet, Y, Daylight, Right Angle, Not Injured, N, N
US, 2, 0, 0, 0, 2017, May, Wednesday, 8:30 am, 40, Dry, N, Daylight, Right Angle, Not Injured, N, N
US, 2, 0, 0, 0, 2017, May, Monday, 5:14 pm, 40, Dry, N, Daylight, Right Angle, Not Injured, N, N
US, 3, 0, 0, 2, 2017, May, Monday, 4:34 pm, 60, Dry, N, Daylight, Rear End, Minor Injury, N, N
US, 2, 0, 0, 0, 2017, May, Tuesday, 4:03 pm, 40, Dry, N, Daylight, Right Angle, Not Injured, N, N
US, 3, 0, 0, 0, 2017, May, Friday, 8:27 am, 40, Dry, N, Daylight, Rear End, Not Injured, N, N
US, 2, 0, 0, 0, 2017, May, Wednesday, 10:07 am, 40, Dry, N, Daylight, Right Angle, Not Injured, N, N
US, 2, 0, 0, 0, 2017, May, Wednesday, 2:48 pm, 60, Wet, Y, Daylight, Right Angle, Minor Injury, N, N
US, 2, 0, 0, 0, 2017, May, Monday, 11:53 am, 50, Dry, N, Daylight, Head On, Not Injured, N, N