Nation,Total Units,Total Fatalities,Total Serious Injuries,Total Minor Injuries,Year,Month,Day,Time,Speed Limit,Moisture,Adverse Weather Conditions,DayNight,Crash Type,Crash Severity,Alcohol Related ,Drug Related
US, 2, 0, 0, 0, 2017, June, Wednesday, 10:30 am, 40, Dry, N, Daylight, Right Angle, Not Injured, N, N
US, 2, 0, 0, 0, 2017, June, Tuesday, 11:49 am, 40, Dry, N, Daylight, Rear End, Not Injured, N, N
US, 2, 0, 0, 0, 2017, June, Wednesday, 11:50 am, 40, Dry, N, Daylight, Right Angle, Not Injured, N, N
US, 3, 0, 0, 0, 2017, June, Wednesday, 3:30 pm, 40, Dry, N, Daylight, Rear End, Not Injured, N, N
US, 2, 0, 0, 0, 2017, June, Wednesday, 4:15 pm, 90, Dry, N, Daylight, Side Swipe, Not Injured, N, N
US, 2, 0, 0, 1, 2017, May, Monday, 3:01 pm, 60, Wet, Y, Daylight, Right Angle, Minor Injury, N, N
US, 2, 0, 0, 0, 2017, June, Wednesday, 2:30 pm, 60, Dry, N, Daylight, Right Angle, Not Injured, N, N
US, 4, 0, 0, 0, 2017, June, Wednesday, 4:25 pm, 40, Dry, N, Daylight, Rear End, Minor Injury, N, N
US, 2, 0, 0, 0, 2017, June, Wednesday, 4:02 pm, 40, Dry, N, Daylight, Right Angle, Not Injured, N, N
US, 2, 0, 0, 0, 2017, June, Wednesday, 7:15 pm, 40, Dry, N, Daylight, Hit Pedestrian, Minor Injury, N, N
US, 2, 0, 0, 0, 2017, May, Wednesday, 10:22 pm, 40, Dry, N, Night, Right Angle, Minor Injury, N, N
US, 2, 0, 0, 0, 2017, June, Monday, 3:02 pm, 20, Dry, N, Daylight, Head On, Not Injured, N, N
US, 2, 0, 1, 0, 2017, June, Tuesday, 12:30 am, 60, Dry, N, Night, Hit Pedestrian, Major Injury, N, N
US, 4, 0, 0, 0, 2017, May, Tuesday, 4:15 am, 40, Dry, N, Night, Side Swipe, Not Injured, Y, N
US, 2, 0, 0, 0, 2017, May, Wednesday, 3:06 pm, 60, Dry, N, Daylight, Rear End, Not Injured, N, N
US, 2, 0, 0, 0, 2017, June, Monday, 10:28 am, 20, Dry, N, Daylight, Rear End, Minor Injury, N, N
US, 2, 0, 0, 0, 2017, June, Monday, 2:32 pm, 90, Dry, N, Daylight, Right Angle, Minor Injury, N, N
US, 2, 0, 0, 0, 2017, June, Friday, 6:20 pm, 40, Dry, N, Daylight, Side Swipe, Not Injured, Y, N
US, 2, 0, 0, 0, 2017, June, Friday, 9:32 am, 70, Dry, N, Daylight, Rear End, Minor Injury, N, N
US, 2, 0, 0, 0, 2017, June, Wednesday, 1:15 pm, 60, Dry, N, Daylight, Right Angle, Not Injured, N, N
US, 2, 0, 0, 0, 2017, June, Thursday, 7:50 am, 40, Dry, N, Daylight, Right Angle, Not Injured, N, N
US, 2, 0, 0, 0, 2017, June, Thursday, 8:48 am, 60, Dry, N, Daylight, Rear End, Not Injured, N, N
US, 3, 0, 0, 0, 2017, June, Saturday, 7:29 pm, 40, Dry, N, Daylight, Right Angle, Not Injured, Y, N
US, 3, 0, 0, 0, 2017, June, Thursday, 9:50 am, 40, Dry, N, Daylight, Right Angle, Not Injured, N, N
US, 2, 0, 0, 0, 2017, June, Friday, 6:51 am, 40, Dry, N, Daylight, Rear End, Not Injured, N, N
US, 2, 0, 0, 0, 2017, June, Tuesday, 1:44 pm, 40, Dry, N, Daylight, Right Angle, Not Injured, N, N
US, 2, 0, 0, 0, 2017, June, Thursday, 10:29 am, 60, Dry, N, Daylight, Right Angle, Not Injured, N, N
US, 2, 0, 0, 0, 2017, June, Thursday, 10:39 am, 60, Dry, N, Daylight, Right Angle, Not Injured, N, N
US, 2, 0, 0, 0, 2017, June, Thursday, 12:07 am, 40, Dry, N, Daylight, Right Angle, Not Injured, N, N
US, 2, 0, 0, 0, 2017, June, Wednesday, 1:22 pm, 40, Dry, N, Daylight, Right Angle, Not Injured, N, N
US, 3, 0, 0, 1, 2017, June, Thursday, 12:50 am, 40, Dry, N, Daylight, Rear End, Minor Injury, N, N
US, 2, 0, 0, 0, 2017, June, Thursday, 12:34 am, 60, Dry, N, Daylight, Right Angle, Not Injured, N, N
US, 3, 0, 0, 2, 2017, June, Thursday, 3:05 pm, 40, Dry, N, Daylight, Right Angle, Minor Injury, N, N
US, 2, 0, 0, 1, 2017, June, Thursday, 4:35 pm, 40, Dry, N, Daylight, Hit Pedestrian, Minor Injury, N, N
US, 2, 0, 0, 0, 2017, June, Wednesday, 10:52 am, 90, Dry, N, Daylight, Rear End, Not Injured, N, N
US, 2, 0, 0, 1, 2017, June, Thursday, 5:20 pm, 40, Dry, N, Daylight, Right Angle, Minor Injury, N, N
US, 2, 0, 0, 1, 2017, June, Thursday, 6:31 pm, 40, Dry, N, Daylight, Hit Pedestrian, Minor Injury, N, N
US, 2, 0, 0, 0, 2017, June, Thursday, 5:32 pm, 40, Dry, N, Daylight, Side Swipe, Not Injured, N, N
US, 2, 0, 0, 0, 2017, June, Thursday, 9:00 pm, 40, Dry, N, Night, Right Angle, Not Injured, Y, N
US, 2, 0, 0, 0, 2017, June, Friday, 5:41 am, 60, Dry, N, Daylight, Right Angle, Not Injured, N, N
US, 2, 0, 0, 0, 2017, June, Tuesday, 10:21 am, 60, Dry, N, Daylight, Rear End, Not Injured, N, N
US, 3, 0, 0, 0, 2017, May, Thursday, 7:15 pm, 60, Dry, N, Daylight, Right Angle, Minor Injury, N, N
US, 2, 0, 0, 0, 2017, June, Saturday, 10:10 pm, 40, Dry, N, Night, Rear End, Not Injured, Y, N
US, 2, 0, 0, 0, 2017, June, Saturday, 1:28 pm, 40, Dry, N, Daylight, Right Angle, Minor Injury, N, N
US, 2, 0, 0, 0, 2017, June, Friday, 8:55 am, 40, Dry, N, Daylight, Rear End, Not Injured, N, N
US, 3, 0, 0, 0, 2017, June, Thursday, 3:55 pm, 40, Dry, N, Daylight, Head On, Not Injured, N, N
US, 2, 0, 0, 0, 2017, June, Friday, 8:27 am, 40, Dry, N, Daylight, Right Angle, Not Injured, N, N
US, 2, 0, 0, 0, 2017, May, Wednesday, 3:50 pm, 60, Dry, N, Daylight, Rear End, Not Injured, N, N
US, 2, 0, 0, 0, 2017, June, Friday, 3:35 pm, 30, Dry, N, Daylight, Rear End, Minor Injury, N, N
US, 3, 0, 0, 0, 2017, June, Friday, 2:51 pm, 60, Dry, N, Daylight, Right Angle, Not Injured, N, N
US, 4, 0, 0, 0, 2017, January, Tuesday, 7:17 am, 70, Wet, Y, Daylight, Rear End, Not Injured, N, N
US, 2, 0, 0, 0, 2017, June, Friday, 5:37 pm, 60, Dry, N, Daylight, Rear End, Minor Injury, N, N
US, 2, 0, 0, 0, 2017, June, Friday, 3:56 pm, 60, Dry, N, Daylight, Rear End, Minor Injury, N, N
US, 2, 0, 0, 0, 2017, June, Friday, 4:04 pm, 40, Dry, N, Daylight, Right Angle, Not Injured, N, N
US, 2, 0, 0, 0, 2017, June, Friday, 9:21 pm, 60, Dry, N, Night, Right Angle, Not Injured, N, N
US, 2, 0, 0, 1, 2017, June, Tuesday, 12:14 am, 60, Dry, N, Daylight, Right Angle, Minor Injury, N, N
US, 2, 0, 0, 0, 2017, June, Thursday, 12:10 am, 40, Dry, N, Night, Right Angle, Not Injured, N, N
US, 2, 0, 0, 0, 2017, June, Saturday, 4:15 am, 40, Dry, N, Daylight, Head On, Not Injured, N, N
US, 3, 0, 0, 0, 2017, May, Thursday, 5:36 pm, 90, Wet, Y, Daylight, Rear End, Minor Injury, N, N
US, 3, 0, 0, 0, 2017, June, Thursday, 10:59 am, 90, Dry, N, Daylight, Rear End, Not Injured, N, N
US, 2, 0, 0, 0, 2017, May, Wednesday, 5:22 pm, 40, Dry, N, Daylight, Rear End, Minor Injury, N, N
US, 3, 0, 0, 1, 2017, June, Friday, 12:48 am, 60, Dry, N, Daylight, Rear End, Minor Injury, N, N
US, 2, 0, 0, 0, 2017, June, Saturday, 8:32 am, 40, Wet, N, Daylight, Right Angle, Not Injured, N, N
US, 2, 0, 0, 0, 2017, June, Saturday, 9:25 am, 40, Dry, N, Daylight, Side Swipe, Minor Injury, N, N
US, 2, 0, 0, 0, 2017, June, Sunday, 1:54 pm, 60, Dry, N, Daylight, Rear End, Not Injured, N, N
US, 2, 0, 0, 0, 2017, June, Saturday, 9:19 am, 40, Dry, N, Daylight, Rear End, Not Injured, N, N
US, 2, 0, 0, 1, 2017, June, Sunday, 12:32 am, 40, Dry, N, Daylight, Right Angle, Minor Injury, Y, N
US, 2, 0, 0, 0, 2017, June, Friday, 4:50 pm, 60, Dry, N, Daylight, Right Angle, Minor Injury, N, N
US, 2, 1, 0, 0, 2017, June, Saturday, 3:51 pm, 60, Dry, N, Daylight, Head On, Fatal, N, N
US, 2, 0, 0, 0, 2017, June, Saturday, 4:55 pm, 40, Dry, N, Daylight, Rear End, Not Injured, N, N
US, 2, 0, 0, 0, 2017, June, Saturday, 7:49 pm, 40, Dry, N, Daylight, Side Swipe, Minor Injury, N, N
US, 3, 0, 0, 0, 2017, June, Friday, 10:17 pm, 50, Dry, N, Night, Rear End, Not Injured, Y, N
US, 2, 0, 0, 2, 2017, June, Saturday, 9:29 pm, 40, Dry, N, Night, Rear End, Minor Injury, N, N
US, 2, 0, 0, 0, 2017, June, Saturday, 9:18 pm, 40, Dry, N, Night, Rear End, Not Injured, N, N
US, 2, 0, 0, 0, 2017, June, Tuesday, 3:14 pm, 70, Dry, N, Daylight, Right Angle, Not Injured, N, N
US, 2, 0, 0, 0, 2017, June, Saturday, 10:55 pm, 60, Dry, N, Night, Right Angle, Minor Injury, N, N
US, 2, 0, 0, 0, 2017, June, Sunday, 12:25 am, 50, Dry, N, Night, Rear End, Minor Injury, N, N
US, 2, 0, 0, 0, 2017, June, Sunday, 1:50 am, 60, Dry, N, Night, Right Angle, Not Injured, N, N
US, 3, 0, 0, 0, 2017, June, Friday, 9:00 am, 60, Dry, N, Daylight, Side Swipe, Not Injured, N, N
US, 2, 0, 0, 0, 2017, June, Thursday, 12:20 am, 40, Dry, N, Daylight, Side Swipe, Not Injured, N, N
US, 3, 0, 0, 0, 2017, June, Saturday, 12:21 am, 60, Dry, N, Daylight, Rear End, Minor Injury, N, N
US, 3, 0, 0, 3, 2017, June, Friday, 12:56 am, 60, Dry, N, Daylight, Rear End, Minor Injury, N, N
US, 2, 0, 0, 1, 2017, June, Sunday, 8:30 am, 40, Dry, N, Daylight, Rear End, Minor Injury, N, N
US, 2, 0, 0, 0, 2017, June, Saturday, 11:03 am, 60, Dry, N, Daylight, Rear End, Not Injured, N, N
US, 2, 0, 0, 0, 2017, June, Saturday, 1:45 pm, 40, Dry, N, Daylight, Right Angle, Not Injured, N, N
US, 2, 0, 0, 0, 2017, June, Saturday, 2:10 pm, 40, Dry, N, Daylight, Side Swipe, Not Injured, N, N
US, 2, 0, 0, 1, 2017, June, Saturday, 12:24 am, 40, Dry, N, Daylight, Rear End, Minor Injury, N, N
US, 2, 0, 0, 1, 2017, June, Sunday, 9:58 am, 40, Dry, N, Daylight, Right Angle, Minor Injury, N, N
US, 2, 0, 0, 1, 2017, June, Sunday, 12:41 am, 40, Dry, N, Daylight, Hit Pedestrian, Minor Injury, N, N
US, 3, 0, 0, 0, 2017, June, Sunday, 3:36 pm, 60, Dry, N, Daylight, Right Angle, Not Injured, N, N
US, 2, 0, 0, 1, 2017, June, Friday, 1:48 pm, 40, Dry, N, Daylight, Right Angle, Minor Injury, N, N
US, 2, 0, 0, 0, 2017, June, Saturday, 10:59 am, 60, Dry, N, Daylight, Side Swipe, Not Injured, N, Y
US, 2, 0, 0, 1, 2017, June, Sunday, 5:32 pm, 70, Dry, N, Daylight, Right Angle, Minor Injury, N, N
US, 2, 0, 0, 1, 2017, May, Wednesday, 1:00 pm, 90, Dry, N, Daylight, Side Swipe, Minor Injury, N, N
US, 2, 0, 0, 0, 2017, June, Sunday, 10:48 pm, 60, Dry, N, Night, Right Angle, Not Injured, N, N
US, 2, 0, 0, 1, 2017, June, Saturday, 3:30 am, 40, Dry, N, Night, Side Swipe, Minor Injury, N, N
US, 2, 0, 0, 0, 2017, June, Sunday, 12:23 am, 40, Dry, N, Daylight, Side Swipe, Minor Injury, N, N
US, 2, 0, 0, 0, 2017, May, Sunday, 12:27 am, 90, Dry, N, Daylight, Rear End, Minor Injury, N, N
US, 2, 0, 0, 0, 2017, May, Tuesday, 8:32 am, 90, Dry, N, Daylight, Rear End, Minor Injury, N, N
US, 2, 0, 0, 0, 2017, June, Sunday, 7:00 pm, 40, Dry, N, Daylight, Hit Pedestrian, Minor Injury, N, N
US, 2, 0, 0, 0, 2017, June, Saturday, 6:23 pm, 40, Dry, N, Daylight, Right Angle, Minor Injury, N, N
US, 2, 0, 0, 0, 2017, June, Monday, 8:20 am, 40, Dry, N, Daylight, Right Angle, Not Injured, N, N
US, 2, 0, 0, 0, 2017, June, Monday, 10:16 am, 40, Dry, N, Daylight, Side Swipe, Not Injured, N, N
US, 2, 0, 0, 0, 2017, June, Thursday, 1:01 pm, 20, Dry, N, Daylight, Hit Pedestrian, Minor Injury, N, N
US, 5, 0, 0, 1, 2017, June, Monday, 3:10 pm, 60, Dry, N, Daylight, Head On, Minor Injury, Y, N
US, 3, 0, 0, 0, 2017, June, Monday, 1:37 pm, 60, Dry, N, Daylight, Head On, Minor Injury, N, N
US, 2, 0, 0, 0, 2017, June, Monday, 4:28 pm, 30, Dry, N, Daylight, Right Angle, Not Injured, N, N
US, 2, 0, 0, 0, 2017, June, Monday, 4:28 pm, 40, Dry, N, Daylight, Right Angle, Not Injured, N, N
US, 2, 0, 0, 1, 2017, June, Tuesday, 12:30 am, 90, Dry, N, Daylight, Rear End, Minor Injury, N, N
US, 2, 0, 0, 2, 2017, June, Monday, 5:37 pm, 60, Dry, N, Daylight, Rear End, Minor Injury, N, N
US, 2, 0, 0, 0, 2017, June, Monday, 4:40 pm, 40, Dry, N, Daylight, Right Angle, Not Injured, N, N
US, 2, 0, 0, 0, 2017, May, Wednesday, 3:43 pm, 90, Dry, N, Daylight, Rear End, Not Injured, N, N
US, 2, 0, 0, 0, 2017, June, Monday, 10:59 am, 60, Dry, N, Daylight, Right Angle, Not Injured, N, N
US, 3, 0, 0, 1, 2017, June, Monday, 9:30 am, 40, Dry, N, Daylight, Rear End, Minor Injury, N, N
US, 2, 0, 0, 0, 2017, June, Tuesday, 7:49 am, 40, Dry, N, Daylight, Hit Pedestrian, Minor Injury, N, N
US, 2, 0, 0, 2, 2017, June, Friday, 10:56 am, 40, Dry, N, Daylight, Right Angle, Minor Injury, N, N
US, 2, 0, 1, 0, 2017, June, Sunday, 9:27 pm, 60, Wet, Y, Night, Hit Pedestrian, Major Injury, N, N
US, 2, 0, 0, 0, 2017, June, Tuesday, 3:32 pm, 40, Dry, N, Daylight, Side Swipe, Not Injured, N, N
US, 3, 0, 0, 0, 2017, June, Tuesday, 4:10 pm, 40, Wet, N, Daylight, Right Angle, Not Injured, N, N
US, 2, 0, 0, 0, 2017, June, Tuesday, 5:50 pm, 60, Wet, N, Daylight, Right Angle, Not Injured, N, N
US, 2, 0, 0, 0, 2017, June, Monday, 5:40 pm, 40, Dry, N, Daylight, Right Angle, Not Injured, N, N
US, 2, 0, 0, 0, 2017, April, Wednesday, 4:25 pm, 90, Dry, N, Daylight, Rear End, Not Injured, N, N
US, 3, 0, 0, 1, 2017, June, Tuesday, 2:50 pm, 90, Dry, N, Daylight, Rear End, Minor Injury, N, N
US, 2, 0, 0, 0, 2017, May, Sunday, 9:10 am, 90, Dry, N, Daylight, Right Angle, Not Injured, Y, N
US, 3, 0, 0, 0, 2017, June, Monday, 8:24 am, 90, Wet, Y, Daylight, Right Angle, Not Injured, N, N
US, 2, 0, 0, 0, 2017, June, Tuesday, 2:10 pm, 40, Dry, N, Daylight, Head On, Not Injured, N, N
US, 2, 0, 0, 0, 2017, June, Tuesday, 7:00 am, 60, Dry, N, Daylight, Right Angle, Not Injured, N, N
US, 4, 0, 0, 0, 2017, June, Wednesday, 8:30 pm, 40, Dry, N, Night, Right Angle, Minor Injury, Y, N
US, 2, 0, 0, 0, 2017, June, Saturday, 11:48 am, 60, Dry, N, Daylight, Right Angle, Not Injured, N, N
US, 2, 1, 0, 0, 2017, June, Friday, 3:00 pm, 60, Dry, N, Daylight, Right Angle, Fatal, N, N
US, 2, 0, 0, 0, 2017, June, Wednesday, 10:20 am, 60, Dry, N, Daylight, Right Angle, Not Injured, N, N
US, 2, 0, 0, 0, 2017, June, Wednesday, 12:18 am, 60, Dry, N, Daylight, Right Angle, Not Injured, N, N
US, 2, 0, 0, 0, 2017, June, Tuesday, 4:59 pm, 40, Dry, N, Daylight, Right Angle, Minor Injury, N, N
US, 2, 0, 0, 1, 2017, June, Tuesday, 5:44 pm, 40, Dry, N, Daylight, Rear End, Minor Injury, N, N
US, 4, 0, 0, 0, 2017, June, Wednesday, 2:30 pm, 40, Dry, N, Daylight, Rear End, Not Injured, N, N
US, 3, 0, 0, 0, 2017, June, Wednesday, 4:29 pm, 40, Wet, Y, Daylight, Right Angle, Not Injured, N, N
US, 3, 0, 0, 0, 2017, June, Wednesday, 5:32 pm, 60, Dry, N, Daylight, Rear End, Not Injured, N, N
US, 2, 0, 0, 0, 2017, June, Saturday, 10:10 pm, 50, Dry, N, Night, Right Angle, Not Injured, N, N
US, 2, 0, 0, 0, 2017, June, Wednesday, 7:05 pm, 40, Dry, N, Daylight, Rear End, Minor Injury, N, N
US, 3, 0, 0, 0, 2017, June, Tuesday, 4:30 pm, 70, Dry, N, Daylight, Rear End, Not Injured, N, N
US, 3, 0, 0, 0, 2017, April, Saturday, 1:40 pm, 70, Wet, Y, Daylight, Rear End, Not Injured, N, N
US, 2, 0, 0, 0, 2017, June, Wednesday, 6:08 pm, 90, Wet, N, Daylight, Right Angle, Not Injured, N, N
US, 3, 0, 0, 1, 2017, June, Sunday, 12:23 am, 40, Dry, N, Daylight, Right Angle, Minor Injury, N, N
US, 2, 0, 0, 1, 2017, June, Tuesday, 12:04 am, 40, Dry, N, Daylight, Right Angle, Minor Injury, N, N
US, 2, 0, 0, 0, 2017, June, Monday, 5:29 pm, 60, Dry, N, Daylight, Rear End, Not Injured, N, N
US, 2, 0, 0, 0, 2017, June, Tuesday, 7:08 am, 50, Dry, N, Daylight, Right Angle, Not Injured, N, N
US, 2, 0, 0, 0, 2017, April, Sunday, 5:54 pm, 90, Dry, N, Daylight, Rear End, Not Injured, N, N
US, 2, 0, 0, 0, 2017, June, Monday, 8:56 pm, 90, Dry, N, Night, Right Angle, Not Injured, N, N
US, 2, 0, 0, 1, 2017, June, Tuesday, 10:27 am, 60, Dry, N, Daylight, Rear End, Minor Injury, N, N
US, 2, 0, 0, 0, 2017, June, Saturday, 10:42 am, 40, Dry, N, Daylight, Rear End, Not Injured, N, N
US, 2, 0, 0, 0, 2017, June, Wednesday, 8:29 am, 40, Dry, N, Daylight, Side Swipe, Minor Injury, N, N
US, 3, 0, 0, 0, 2017, June, Thursday, 11:53 am, 60, Dry, N, Daylight, Rear End, Not Injured, N, N
US, 2, 0, 0, 0, 2017, June, Thursday, 10:20 am, 60, Dry, N, Daylight, Right Angle, Minor Injury, N, N
US, 2, 0, 0, 0, 2017, June, Thursday, 12:35 am, 40, Dry, N, Daylight, Right Angle, Not Injured, N, N
US, 2, 0, 0, 0, 2017, June, Thursday, 2:34 pm, 40, Dry, N, Daylight, Rear End, Not Injured, N, N
US, 2, 0, 0, 0, 2017, June, Thursday, 3:18 pm, 70, Dry, N, Daylight, Right Angle, Minor Injury, N, N
US, 3, 0, 0, 1, 2017, June, Thursday, 6:00 pm, 60, Dry, N, Daylight, Rear End, Minor Injury, N, N
US, 2, 0, 0, 0, 2017, June, Friday, 1:23 am, 60, Wet, N, Night, Side Swipe, Not Injured, N, N
US, 2, 0, 0, 0, 2017, June, Friday, 4:55 am, 40, Wet, Y, Night, Right Angle, Minor Injury, N, N
US, 2, 0, 0, 0, 2017, June, Monday, 8:29 am, 40, Dry, N, Daylight, Right Angle, Not Injured, N, N
US, 2, 0, 0, 1, 2017, June, Thursday, 6:59 am, 30, Dry, N, Daylight, Hit Pedestrian, Minor Injury, N, N
US, 2, 0, 0, 0, 2017, June, Thursday, 4:53 pm, 60, Dry, N, Daylight, Rear End, Not Injured, N, N
US, 2, 0, 0, 0, 2017, June, Thursday, 1:44 pm, 60, Dry, N, Daylight, Right Angle, Not Injured, N, N
US, 2, 0, 0, 0, 2017, June, Thursday, 5:27 pm, 40, Wet, N, Daylight, Right Angle, Not Injured, N, N
US, 2, 0, 0, 0, 2017, June, Thursday, 8:00 am, 40, Dry, N, Daylight, Rear End, Not Injured, N, N
US, 4, 0, 0, 0, 2017, June, Friday, 9:41 am, 60, Dry, N, Daylight, Rear End, Not Injured, N, N
US, 2, 0, 0, 0, 2017, June, Saturday, 12:05 am, 60, Dry, N, Daylight, Rear End, Not Injured, N, N
US, 2, 0, 0, 0, 2017, June, Wednesday, 11:58 am, 40, Dry, N, Daylight, Right Angle, Not Injured, N, N
US, 3, 0, 0, 0, 2017, June, Thursday, 8:25 am, 40, Dry, N, Daylight, Right Angle, Not Injured, N, N
US, 2, 0, 0, 0, 2017, June, Friday, 8:00 am, 40, Dry, N, Daylight, Rear End, Not Injured, N, N
US, 2, 0, 0, 1, 2017, June, Friday, 10:47 am, 20, Dry, N, Daylight, Right Angle, Minor Injury, N, N
US, 2, 0, 0, 0, 2017, June, Friday, 12:30 am, 60, Dry, N, Daylight, Head On, Not Injured, N, N
US, 2, 0, 0, 0, 2017, June, Friday, 1:05 pm, 60, Dry, N, Daylight, Rear End, Not Injured, N, N
US, 2, 0, 0, 0, 2017, June, Friday, 2:46 pm, 40, Wet, Y, Daylight, Right Angle, Not Injured, N, N
US, 2, 0, 0, 0, 2017, June, Friday, 3:43 pm, 40, Wet, Y, Daylight, Side Swipe, Not Injured, N, N
US, 2, 0, 0, 0, 2017, June, Friday, 2:58 pm, 40, Wet, N, Daylight, Right Angle, Not Injured, N, N
US, 2, 0, 0, 0, 2017, June, Friday, 4:40 pm, 40, Dry, N, Daylight, Side Swipe, Not Injured, N, N
US, 3, 0, 0, 0, 2017, June, Wednesday, 8:30 am, 40, Dry, N, Daylight, Rear End, Minor Injury, N, N
US, 2, 0, 0, 0, 2017, June, Friday, 3:55 pm, 40, Wet, Y, Daylight, Rear End, Not Injured, N, N
US, 2, 0, 0, 0, 2017, June, Friday, 6:12 pm, 60, Dry, N, Daylight, Rear End, Not Injured, N, N
US, 2, 0, 0, 1, 2017, June, Friday, 10:15 pm, 40, Wet, N, Night, Right Angle, Minor Injury, N, N
US, 4, 0, 0, 0, 2017, June, Friday, 2:30 am, 40, Dry, N, Night, Right Angle, Minor Injury, Y, N
US, 2, 0, 0, 0, 2017, June, Saturday, 4:38 am, 40, Dry, N, Night, Rear End, Not Injured, N, N
US, 2, 0, 0, 0, 2017, June, Friday, 1:57 pm, 60, Dry, N, Daylight, Side Swipe, Not Injured, N, N
US, 2, 0, 0, 0, 2017, June, Friday, 2:00 am, 60, Dry, N, Night, Right Angle, Minor Injury, N, N
US, 2, 0, 0, 1, 2017, June, Friday, 5:06 pm, 60, Dry, N, Daylight, Rear End, Minor Injury, N, N
US, 2, 0, 0, 0, 2017, June, Saturday, 12:20 am, 50, Dry, N, Daylight, Side Swipe, Not Injured, N, N
US, 2, 0, 0, 0, 2017, June, Thursday, 6:28 pm, 40, Dry, N, Daylight, Head On, Not Injured, N, N
US, 2, 0, 0, 1, 2017, June, Thursday, 3:06 pm, 60, Dry, N, Daylight, Right Angle, Minor Injury, N, N
US, 2, 0, 0, 0, 2017, May, Sunday, 6:40 pm, 40, Dry, N, Daylight, Right Angle, Not Injured, N, N
US, 2, 0, 0, 1, 2017, June, Saturday, 4:40 pm, 40, Dry, N, Daylight, Rear End, Minor Injury, N, N
US, 2, 0, 0, 0, 2017, June, Saturday, 3:52 pm, 40, Dry, N, Daylight, Rear End, Minor Injury, N, N
US, 2, 0, 0, 0, 2017, June, Friday, 2:02 pm, 90, Dry, N, Daylight, Side Swipe, Not Injured, N, N
US, 3, 0, 0, 1, 2017, June, Saturday, 5:15 pm, 40, Dry, N, Daylight, Rear End, Minor Injury, N, N
US, 2, 0, 0, 1, 2017, June, Friday, 11:38 am, 40, Dry, N, Daylight, Right Angle, Minor Injury, N, N
US, 2, 0, 0, 1, 2017, June, Saturday, 7:45 pm, 40, Dry, N, Daylight, Rear End, Minor Injury, N, N
US, 2, 0, 0, 0, 2017, June, Saturday, 8:10 pm, 40, Dry, N, Daylight, Right Angle, Minor Injury, N, N
US, 2, 0, 2, 0, 2017, June, Thursday, 1:15 pm, 60, Dry, N, Daylight, Head On, Major Injury, N, N
US, 2, 0, 0, 0, 2017, June, Sunday, 12:00 am, 40, Dry, N, Daylight, Side Swipe, Not Injured, N, N
US, 2, 0, 0, 0, 2017, June, Sunday, 11:59 am, 60, Dry, N, Daylight, Right Angle, Not Injured, N, N
US, 4, 0, 0, 0, 2017, June, Friday, 5:15 pm, 40, Dry, N, Daylight, Rear End, Not Injured, N, N
US, 2, 0, 0, 0, 2017, June, Sunday, 2:15 am, 60, Dry, N, Night, Rear End, Not Injured, N, N
US, 3, 0, 0, 0, 2017, June, Sunday, 3:40 pm, 40, Dry, N, Daylight, Side Swipe, Not Injured, N, N
US, 2, 0, 0, 0, 2017, June, Sunday, 3:25 pm, 40, Dry, N, Daylight, Right Angle, Not Injured, N, N
US, 3, 0, 0, 0, 2017, June, Friday, 4:55 pm, 60, Dry, N, Daylight, Right Angle, Not Injured, N, N
US, 2, 0, 0, 0, 2017, June, Sunday, 2:03 pm, 60, Dry, N, Daylight, Right Angle, Not Injured, N, N
US, 2, 0, 0, 0, 2017, June, Saturday, 8:05 pm, 60, Dry, N, Daylight, Rear End, Not Injured, N, N
US, 2, 0, 0, 0, 2017, May, Monday, 5:52 pm, 90, Dry, N, Daylight, Rear End, Not Injured, N, N
US, 3, 0, 0, 0, 2017, May, Tuesday, 2:49 pm, 90, Dry, N, Daylight, Rear End, Not Injured, N, N
US, 2, 0, 0, 0, 2017, June, Monday, 11:42 pm, 90, Dry, N, Night, Rear End, Minor Injury, N, N
US, 2, 0, 0, 0, 2017, June, Wednesday, 5:05 pm, 90, Wet, N, Daylight, Rear End, Not Injured, N, N
US, 2, 0, 0, 0, 2017, June, Thursday, 6:07 pm, 90, Dry, N, Daylight, Rear End, Not Injured, N, N
US, 2, 0, 0, 0, 2017, June, Saturday, 9:35 am, 90, Dry, N, Daylight, Side Swipe, Not Injured, N, N
US, 2, 0, 0, 0, 2017, June, Sunday, 6:00 pm, 60, Wet, Y, Daylight, Rear End, Not Injured, N, N
US, 2, 0, 0, 0, 2017, May, Thursday, 8:20 am, 70, Dry, N, Daylight, Right Angle, Not Injured, N, N
US, 2, 0, 0, 0, 2017, June, Monday, 8:10 am, 90, Dry, N, Daylight, Rear End, Not Injured, N, N
US, 2, 0, 0, 0, 2017, June, Sunday, 3:24 pm, 40, Dry, N, Daylight, Head On, Not Injured, N, N
US, 2, 0, 0, 1, 2017, June, Sunday, 7:35 pm, 40, Wet, Y, Night, Rear End, Minor Injury, N, N
US, 2, 0, 0, 0, 2017, June, Tuesday, 7:27 pm, 40, Wet, Y, Daylight, Head On, Not Injured, N, N
US, 3, 0, 0, 1, 2017, June, Monday, 2:05 am, 40, Dry, N, Night, Side Swipe, Minor Injury, N, N
US, 2, 0, 0, 0, 2017, May, Monday, 3:30 pm, 90, Dry, Y, Daylight, Rear End, Minor Injury, N, N
US, 3, 0, 0, 0, 2017, June, Friday, 11:21 pm, 90, Dry, N, Night, Rear End, Not Injured, N, N
US, 2, 0, 0, 0, 2017, May, Tuesday, 1:52 pm, 40, Dry, N, Daylight, Right Angle, Not Injured, N, N
US, 2, 0, 0, 1, 2017, June, Saturday, 4:57 am, 30, Dry, N, Daylight, Side Swipe, Minor Injury, N, N