Nation,Total Units,Total Fatalities,Total Serious Injuries,Total Minor Injuries,Year,Month,Day,Time,Speed Limit,Moisture,Adverse Weather Conditions,DayNight,Crash Type,Crash Severity,Alcohol Related ,Drug Related
US, 4, 0, 0, 0, 2017, June, Friday, 8:45 am, 60, Dry, N, Daylight, Rear End, Not Injured, N, N
US, 2, 0, 0, 0, 2017, May, Monday, 12:42 am, 60, Dry, N, Daylight, Right Angle, Not Injured, N, N
US, 2, 0, 0, 0, 2017, June, Monday, 9:25 am, 70, Wet, Y, Daylight, Rear End, Not Injured, N, N
US, 2, 0, 0, 0, 2017, June, Thursday, 3:41 pm, 60, Dry, N, Daylight, Right Angle, Minor Injury, N, N
US, 2, 0, 0, 0, 2017, June, Wednesday, 3:52 pm, 60, Wet, Y, Daylight, Side Swipe, Minor Injury, N, N
US, 2, 0, 0, 0, 2017, June, Monday, 10:29 am, 40, Dry, N, Daylight, Right Angle, Not Injured, N, N
US, 2, 0, 0, 0, 2017, June, Monday, 12:18 am, 60, Dry, N, Daylight, Rear End, Not Injured, N, N
US, 2, 0, 0, 0, 2017, June, Monday, 9:17 am, 60, Dry, N, Daylight, Rear End, Minor Injury, N, N
US, 3, 0, 0, 0, 2017, June, Wednesday, 5:37 pm, 60, Dry, N, Daylight, Right Angle, Not Injured, N, N
US, 2, 0, 0, 0, 2017, June, Tuesday, 10:38 am, 60, Dry, N, Daylight, Right Angle, Not Injured, N, N
US, 2, 0, 0, 1, 2017, June, Friday, 11:50 am, 50, Dry, N, Daylight, Rear End, Minor Injury, N, N
US, 2, 0, 0, 0, 2017, June, Friday, 5:22 pm, 60, Dry, N, Daylight, Rear End, Not Injured, N, N
US, 2, 0, 0, 0, 2017, June, Thursday, 5:04 pm, 60, Dry, N, Daylight, Hit Pedestrian, Minor Injury, N, N
US, 2, 0, 0, 0, 2017, June, Monday, 6:13 pm, 40, Dry, N, Daylight, Head On, Not Injured, N, N
US, 2, 0, 0, 0, 2017, June, Monday, 3:36 pm, 40, Dry, N, Daylight, Rear End, Not Injured, N, N
US, 2, 0, 0, 0, 2017, June, Monday, 4:13 pm, 60, Dry, N, Daylight, Rear End, Not Injured, N, N
US, 2, 0, 0, 0, 2017, June, Monday, 7:00 pm, 40, Dry, N, Daylight, Right Angle, Not Injured, N, N
US, 2, 0, 0, 0, 2017, June, Thursday, 5:30 am, 40, Dry, N, Daylight, Right Angle, Not Injured, N, N
US, 2, 0, 0, 0, 2017, June, Tuesday, 8:08 am, 40, Dry, N, Daylight, Rear End, Not Injured, N, N
US, 2, 0, 0, 1, 2017, June, Tuesday, 9:27 am, 40, Dry, N, Daylight, Head On, Minor Injury, N, N
US, 2, 0, 0, 0, 2017, June, Tuesday, 7:55 am, 60, Dry, N, Daylight, Rear End, Not Injured, N, N
US, 2, 0, 0, 1, 2017, June, Tuesday, 10:50 am, 40, Dry, N, Daylight, Rear End, Minor Injury, N, N
US, 2, 0, 0, 0, 2017, June, Tuesday, 9:40 am, 60, Dry, N, Daylight, Side Swipe, Not Injured, N, N
US, 3, 0, 0, 0, 2017, June, Friday, 9:08 am, 40, Dry, N, Daylight, Right Angle, Not Injured, N, N
US, 2, 0, 1, 1, 2017, June, Tuesday, 12:25 am, 40, Dry, N, Daylight, Right Angle, Major Injury, N, N
US, 2, 0, 0, 0, 2017, June, Tuesday, 1:24 pm, 70, Wet, N, Daylight, Rear End, Not Injured, N, N
US, 2, 0, 0, 0, 2017, June, Tuesday, 1:05 pm, 40, Dry, N, Daylight, Rear End, Not Injured, N, N
US, 2, 0, 0, 0, 2017, June, Friday, 10:48 am, 70, Dry, N, Daylight, Right Angle, Not Injured, N, N
US, 2, 0, 0, 0, 2017, June, Saturday, 4:26 pm, 60, Dry, N, Daylight, Right Angle, Not Injured, N, N
US, 2, 0, 0, 0, 2017, June, Tuesday, 6:53 pm, 40, Dry, N, Daylight, Right Angle, Not Injured, N, N
US, 2, 0, 0, 0, 2017, June, Tuesday, 4:20 pm, 60, Dry, N, Daylight, Right Angle, Not Injured, N, N
US, 2, 0, 0, 0, 2017, June, Sunday, 7:41 pm, 40, Dry, N, Daylight, Right Angle, Minor Injury, N, N
US, 4, 0, 0, 0, 2017, June, Tuesday, 7:54 pm, 40, Dry, N, Daylight, Side Swipe, Not Injured, N, N
US, 2, 0, 1, 0, 2017, June, Tuesday, 10:16 pm, 60, Dry, N, Night, Side Swipe, Major Injury, N, N
US, 2, 0, 0, 0, 2017, June, Tuesday, 10:33 pm, 40, Dry, N, Night, Rear End, Not Injured, N, N
US, 2, 0, 0, 0, 2017, June, Monday, 10:50 pm, 40, Dry, N, Night, Right Angle, Minor Injury, N, N
US, 2, 0, 0, 0, 2017, June, Wednesday, 1:00 am, 40, Dry, N, Night, Side Swipe, Not Injured, N, N
US, 2, 0, 0, 1, 2017, May, Thursday, 5:00 pm, 40, Dry, N, Daylight, Hit Pedestrian, Minor Injury, N, N
US, 2, 0, 0, 1, 2017, June, Tuesday, 7:23 am, 40, Dry, N, Daylight, Right Angle, Minor Injury, N, N
US, 2, 0, 0, 1, 2017, June, Tuesday, 7:49 am, 40, Dry, N, Daylight, Side Swipe, Minor Injury, N, N
US, 2, 0, 0, 0, 2017, June, Wednesday, 12:59 am, 20, Dry, N, Daylight, Side Swipe, Minor Injury, N, N
US, 2, 0, 0, 0, 2017, June, Tuesday, 12:50 am, 40, Dry, N, Daylight, Head On, Minor Injury, N, N
US, 2, 0, 0, 1, 2017, June, Wednesday, 10:05 am, 40, Dry, N, Daylight, Side Swipe, Minor Injury, N, N
US, 2, 0, 0, 1, 2017, June, Wednesday, 10:35 am, 40, Dry, N, Daylight, Rear End, Minor Injury, N, N
US, 2, 0, 0, 1, 2017, June, Wednesday, 11:27 am, 40, Dry, N, Daylight, Hit Pedestrian, Minor Injury, N, N
US, 3, 0, 0, 0, 2017, June, Wednesday, 12:02 am, 70, Dry, N, Daylight, Rear End, Not Injured, N, N
US, 2, 0, 0, 0, 2017, June, Sunday, 8:35 pm, 60, Wet, Y, Night, Rear End, Not Injured, N, N
US, 2, 0, 0, 0, 2017, June, Wednesday, 3:27 pm, 50, Dry, N, Daylight, Right Angle, Not Injured, N, N
US, 2, 0, 0, 0, 2017, June, Wednesday, 4:28 pm, 40, Dry, N, Daylight, Right Angle, Not Injured, N, N
US, 2, 0, 0, 0, 2017, June, Wednesday, 4:53 pm, 50, Dry, N, Daylight, Rear End, Not Injured, N, N
US, 2, 0, 0, 0, 2017, June, Wednesday, 6:54 pm, 40, Dry, N, Daylight, Rear End, Minor Injury, N, N
US, 2, 0, 0, 0, 2017, June, Wednesday, 4:22 pm, 40, Dry, N, Daylight, Rear End, Not Injured, N, N
US, 2, 0, 0, 0, 2017, June, Wednesday, 7:39 pm, 40, Dry, N, Daylight, Side Swipe, Not Injured, N, N
US, 2, 0, 0, 0, 2017, June, Wednesday, 7:48 pm, 60, Dry, N, Daylight, Rear End, Not Injured, N, N
US, 2, 0, 0, 0, 2017, June, Wednesday, 5:05 pm, 60, Dry, N, Daylight, Rear End, Minor Injury, N, N
US, 2, 0, 0, 0, 2017, June, Wednesday, 5:15 pm, 20, Dry, N, Daylight, Right Angle, Not Injured, N, N
US, 3, 0, 0, 1, 2017, May, Friday, 2:20 am, 40, Dry, N, Night, Head On, Minor Injury, Y, N
US, 2, 0, 0, 0, 2017, June, Monday, 5:19 pm, 60, Dry, N, Daylight, Rear End, Minor Injury, N, N
US, 2, 0, 0, 0, 2017, June, Monday, 5:16 pm, 60, Dry, N, Daylight, Rear End, Not Injured, N, N
US, 2, 0, 0, 0, 2017, April, Thursday, 9:31 am, 90, Dry, N, Daylight, Rear End, Not Injured, N, N
US, 5, 0, 0, 0, 2017, April, Saturday, 1:28 pm, 90, Dry, N, Daylight, Rear End, Not Injured, N, N
US, 3, 0, 0, 1, 2017, June, Friday, 7:19 am, 90, Dry, N, Daylight, Rear End, Minor Injury, N, N
US, 2, 0, 0, 0, 2017, June, Saturday, 10:03 pm, 90, Dry, N, Night, Rear End, Not Injured, N, N
US, 2, 0, 0, 0, 2017, June, Monday, 3:14 pm, 90, Dry, N, Daylight, Side Swipe, Not Injured, N, N
US, 3, 0, 0, 0, 2017, June, Tuesday, 8:42 am, 110, Dry, N, Daylight, Rear End, Not Injured, N, N
US, 2, 0, 0, 0, 2017, June, Friday, 8:40 am, 40, Dry, N, Daylight, Rear End, Not Injured, N, N
US, 2, 0, 0, 1, 2017, June, Friday, 3:39 pm, 90, Dry, N, Daylight, Rear End, Minor Injury, N, N
US, 2, 0, 0, 0, 2017, June, Friday, 6:08 pm, 90, Dry, N, Daylight, Rear End, Minor Injury, N, N
US, 2, 0, 1, 0, 2017, June, Wednesday, 12:40 am, 50, Dry, N, Daylight, Hit Pedestrian, Major Injury, N, N
US, 2, 0, 0, 3, 2017, June, Wednesday, 2:25 pm, 40, Dry, N, Daylight, Right Angle, Minor Injury, N, N
US, 2, 0, 0, 0, 2017, June, Wednesday, 1:40 pm, 20, Dry, N, Daylight, Right Angle, Not Injured, N, N
US, 2, 0, 0, 1, 2017, June, Wednesday, 1:10 pm, 60, Dry, N, Daylight, Side Swipe, Minor Injury, N, N
US, 2, 0, 0, 1, 2017, June, Thursday, 8:06 am, 40, Dry, N, Daylight, Rear End, Minor Injury, N, N
US, 2, 0, 0, 1, 2017, June, Sunday, 10:53 am, 40, Dry, N, Daylight, Right Angle, Minor Injury, N, N
US, 2, 0, 0, 1, 2017, June, Thursday, 9:48 am, 60, Dry, N, Daylight, Right Angle, Minor Injury, N, N
US, 3, 0, 0, 2, 2017, June, Thursday, 8:42 am, 40, Dry, N, Daylight, Rear End, Minor Injury, N, N
US, 2, 0, 0, 0, 2017, June, Saturday, 11:01 am, 40, Dry, N, Daylight, Right Angle, Not Injured, N, N
US, 2, 0, 0, 0, 2017, June, Tuesday, 8:34 am, 60, Dry, N, Daylight, Right Angle, Not Injured, N, N
US, 2, 0, 0, 0, 2017, June, Tuesday, 11:46 am, 60, Dry, N, Daylight, Right Angle, Minor Injury, N, N
US, 2, 0, 0, 0, 2017, June, Thursday, 12:03 am, 60, Dry, N, Daylight, Rear End, Not Injured, N, N
US, 2, 0, 0, 1, 2017, June, Saturday, 5:27 pm, 60, Dry, N, Daylight, Rear End, Minor Injury, Y, N
US, 2, 0, 0, 0, 2017, June, Thursday, 12:00 am, 50, Dry, N, Daylight, Right Angle, Minor Injury, N, N
US, 2, 0, 0, 0, 2017, June, Thursday, 12:30 am, 40, Dry, N, Daylight, Side Swipe, Not Injured, N, N
US, 2, 0, 0, 0, 2017, June, Thursday, 3:40 pm, 40, Dry, N, Daylight, Right Angle, Not Injured, N, N
US, 3, 0, 0, 1, 2017, June, Thursday, 10:41 am, 90, Dry, N, Daylight, Right Angle, Minor Injury, N, N
US, 2, 0, 0, 0, 2017, June, Thursday, 5:28 pm, 40, Dry, N, Daylight, Rear End, Not Injured, N, N
US, 2, 0, 0, 0, 2017, June, Monday, 8:15 am, 90, Wet, Y, Daylight, Rear End, Not Injured, N, N
US, 3, 0, 0, 0, 2017, June, Thursday, 6:25 pm, 40, Dry, N, Daylight, Rear End, Not Injured, N, N
US, 2, 0, 0, 0, 2017, June, Thursday, 7:40 pm, 30, Dry, N, Daylight, Right Angle, Not Injured, N, N
US, 2, 0, 0, 0, 2017, June, Tuesday, 3:20 am, 40, Dry, N, Night, Rear End, Not Injured, Y, N
US, 2, 0, 0, 0, 2017, June, Monday, 6:00 pm, 40, Dry, N, Daylight, Rear End, Not Injured, N, N
US, 3, 0, 0, 0, 2017, June, Saturday, 5:05 am, 40, Dry, N, Daylight, Rear End, Not Injured, N, N
US, 2, 0, 0, 0, 2017, June, Thursday, 10:04 pm, 90, Wet, N, Night, Rear End, Minor Injury, N, N
US, 3, 0, 0, 0, 2017, June, Wednesday, 4:20 pm, 90, Dry, N, Daylight, Rear End, Minor Injury, N, N
US, 2, 0, 0, 1, 2017, June, Saturday, 1:45 pm, 60, Dry, N, Daylight, Right Angle, Minor Injury, N, N
US, 2, 0, 0, 0, 2017, June, Monday, 7:00 am, 90, Dry, Y, Daylight, Right Angle, Not Injured, N, N
US, 2, 0, 0, 0, 2017, June, Thursday, 2:40 pm, 40, Dry, N, Daylight, Right Angle, Not Injured, N, N
US, 2, 0, 0, 0, 2017, June, Tuesday, 12:45 am, 70, Dry, N, Daylight, Right Angle, Not Injured, N, N
US, 3, 1, 0, 0, 2017, June, Friday, 6:20 am, 70, Wet, Y, Daylight, Right Angle, Fatal, N, N
US, 2, 0, 0, 0, 2017, June, Tuesday, 8:25 am, 40, Dry, N, Daylight, Right Angle, Not Injured, N, N
US, 2, 0, 0, 0, 2017, June, Friday, 10:30 am, 40, Dry, N, Daylight, Rear End, Minor Injury, N, N
US, 2, 0, 0, 1, 2017, June, Friday, 6:15 am, 80, Wet, Y, Daylight, Right Angle, Minor Injury, N, N
US, 2, 0, 0, 2, 2017, June, Thursday, 2:44 pm, 40, Dry, N, Daylight, Rear End, Minor Injury, N, N
US, 2, 0, 0, 0, 2017, June, Friday, 12:53 am, 60, Wet, Y, Daylight, Rear End, Not Injured, N, N
US, 2, 0, 0, 0, 2017, June, Friday, 10:47 am, 40, Wet, Y, Daylight, Right Angle, Not Injured, N, N
US, 2, 0, 0, 0, 2017, June, Friday, 1:00 pm, 40, Wet, Y, Daylight, Right Angle, Minor Injury, N, N
US, 3, 0, 0, 0, 2017, June, Friday, 12:26 am, 60, Wet, Y, Daylight, Rear End, Not Injured, N, N
US, 3, 0, 0, 0, 2017, June, Friday, 1:00 pm, 60, Dry, N, Daylight, Rear End, Minor Injury, N, N
US, 2, 0, 0, 0, 2017, June, Friday, 2:00 pm, 60, Wet, Y, Daylight, Right Angle, Minor Injury, N, N
US, 3, 0, 0, 0, 2017, June, Friday, 3:48 pm, 40, Wet, Y, Daylight, Head On, Not Injured, N, N
US, 2, 0, 0, 0, 2017, April, Saturday, 9:20 am, 90, Dry, N, Daylight, Side Swipe, Not Injured, N, N
US, 6, 0, 0, 2, 2017, June, Friday, 9:45 am, 90, Dry, N, Daylight, Rear End, Minor Injury, N, N
US, 2, 0, 0, 0, 2017, June, Wednesday, 11:15 pm, 90, Dry, N, Night, Side Swipe, Minor Injury, N, N
US, 2, 0, 0, 0, 2017, June, Friday, 2:50 pm, 40, Wet, Y, Daylight, Rear End, Not Injured, N, N
US, 2, 0, 0, 1, 2017, June, Friday, 6:00 pm, 40, Wet, Y, Daylight, Hit Pedestrian, Minor Injury, N, N
US, 2, 0, 0, 0, 2017, June, Friday, 7:00 pm, 60, Wet, Y, Daylight, Rear End, Not Injured, N, N
US, 5, 0, 0, 0, 2017, June, Friday, 1:25 am, 40, Wet, Y, Night, Rear End, Not Injured, Y, N
US, 2, 0, 0, 0, 2017, June, Friday, 8:15 pm, 40, Dry, N, Night, Right Angle, Not Injured, N, N
US, 3, 0, 0, 0, 2017, June, Friday, 9:35 pm, 40, Wet, Y, Night, Side Swipe, Not Injured, Y, N
US, 2, 0, 0, 0, 2017, June, Monday, 8:51 am, 90, Wet, Y, Daylight, Right Angle, Not Injured, N, N
US, 3, 0, 0, 0, 2017, June, Wednesday, 8:40 am, 90, Dry, N, Daylight, Rear End, Not Injured, N, N
US, 4, 0, 0, 0, 2017, June, Friday, 3:59 pm, 90, Dry, N, Daylight, Rear End, Not Injured, N, N
US, 2, 0, 0, 0, 2017, June, Saturday, 9:44 am, 40, Dry, N, Daylight, Right Angle, Minor Injury, N, N
US, 2, 0, 0, 1, 2017, June, Friday, 12:08 am, 20, Wet, Y, Daylight, Hit Pedestrian, Minor Injury, N, N
US, 2, 0, 0, 0, 2017, June, Tuesday, 4:44 pm, 70, Dry, N, Daylight, Right Angle, Not Injured, N, N
US, 2, 0, 0, 0, 2017, June, Friday, 4:21 pm, 70, Wet, Y, Daylight, Rear End, Not Injured, N, N
US, 2, 0, 0, 0, 2017, June, Friday, 12:21 am, 60, Wet, Y, Daylight, Right Angle, Not Injured, N, N
US, 2, 0, 0, 1, 2017, June, Thursday, 3:58 pm, 70, Dry, N, Daylight, Rear End, Minor Injury, N, N
US, 2, 0, 0, 0, 2017, June, Saturday, 2:32 pm, 60, Dry, N, Daylight, Right Angle, Minor Injury, N, N
US, 2, 0, 0, 0, 2017, June, Friday, 6:00 pm, 60, Wet, N, Daylight, Right Angle, Minor Injury, N, N
US, 3, 0, 0, 1, 2017, June, Saturday, 2:00 pm, 70, Dry, N, Daylight, Rear End, Minor Injury, N, N
US, 2, 0, 0, 0, 2017, June, Saturday, 2:40 pm, 40, Dry, N, Daylight, Side Swipe, Not Injured, N, N
US, 2, 0, 2, 0, 2017, June, Saturday, 2:33 pm, 40, Dry, N, Daylight, Head On, Major Injury, N, N
US, 2, 0, 0, 0, 2017, June, Saturday, 4:40 pm, 60, Dry, N, Daylight, Right Angle, Not Injured, N, N
US, 2, 0, 0, 1, 2017, June, Sunday, 12:45 am, 60, Dry, N, Night, Head On, Minor Injury, Y, N
US, 2, 0, 0, 0, 2017, June, Saturday, 11:36 pm, 40, Dry, N, Night, Rear End, Not Injured, Y, N
US, 3, 0, 0, 0, 2017, May, Monday, 7:49 am, 90, Dry, N, Daylight, Rear End, Not Injured, N, N
US, 2, 0, 0, 0, 2017, June, Monday, 5:38 pm, 90, Dry, N, Daylight, Rear End, Minor Injury, N, N
US, 2, 0, 0, 0, 2017, June, Friday, 7:36 am, 90, Wet, Y, Daylight, Right Angle, Not Injured, N, N
US, 2, 0, 0, 0, 2017, June, Saturday, 10:15 pm, 40, Dry, N, Night, Right Angle, Not Injured, N, N
US, 3, 0, 0, 0, 2017, June, Saturday, 12:14 am, 60, Dry, N, Daylight, Right Angle, Minor Injury, N, N
US, 2, 0, 0, 0, 2017, June, Sunday, 10:50 am, 40, Dry, N, Daylight, Side Swipe, Not Injured, N, N
US, 2, 0, 0, 1, 2017, June, Sunday, 10:30 am, 70, Dry, N, Daylight, Rear End, Minor Injury, N, N
US, 4, 0, 0, 0, 2017, June, Tuesday, 4:02 pm, 40, Dry, N, Daylight, Right Angle, Not Injured, N, N
US, 2, 0, 0, 0, 2017, June, Friday, 8:38 am, 60, Wet, N, Daylight, Rear End, Not Injured, N, N
US, 2, 0, 0, 0, 2017, June, Sunday, 1:53 am, 60, Dry, N, Night, Head On, Minor Injury, N, N
US, 2, 0, 0, 1, 2017, June, Tuesday, 10:41 pm, 60, Wet, Y, Night, Right Angle, Minor Injury, N, N
US, 2, 0, 0, 0, 2017, June, Friday, 6:11 pm, 40, Dry, N, Daylight, Right Angle, Minor Injury, N, N
US, 3, 0, 0, 0, 2017, June, Saturday, 11:52 pm, 40, Dry, N, Night, Right Angle, Not Injured, Y, N
US, 2, 0, 0, 1, 2017, June, Thursday, 9:09 pm, 60, Dry, N, Night, Right Angle, Minor Injury, N, N
US, 3, 0, 0, 1, 2017, June, Sunday, 3:37 pm, 40, Dry, N, Daylight, Side Swipe, Minor Injury, N, N
US, 2, 0, 0, 0, 2017, June, Sunday, 8:38 pm, 60, Dry, N, Daylight, Right Angle, Not Injured, N, N
US, 2, 0, 0, 0, 2017, June, Friday, 5:40 pm, 60, Wet, Y, Daylight, Rear End, Not Injured, N, N
US, 2, 0, 1, 1, 2017, June, Saturday, 2:29 pm, 60, Dry, N, Daylight, Head On, Major Injury, Y, N
US, 2, 0, 0, 0, 2017, June, Monday, 9:55 am, 60, Dry, N, Daylight, Right Angle, Not Injured, N, N
US, 2, 0, 0, 0, 2017, June, Monday, 11:40 am, 40, Dry, N, Daylight, Right Angle, Not Injured, N, N
US, 2, 0, 0, 0, 2017, June, Monday, 1:20 pm, 40, Dry, N, Daylight, Right Angle, Not Injured, N, N
US, 2, 0, 0, 0, 2017, June, Tuesday, 8:49 am, 40, Dry, N, Daylight, Right Angle, Minor Injury, N, N
US, 2, 0, 0, 0, 2017, June, Monday, 2:32 pm, 50, Dry, N, Daylight, Right Angle, Not Injured, N, N
US, 2, 0, 0, 0, 2017, June, Monday, 2:20 pm, 40, Dry, N, Daylight, Rear End, Not Injured, N, N
US, 2, 0, 0, 0, 2017, June, Sunday, 11:47 am, 60, Dry, N, Daylight, Right Angle, Not Injured, N, N
US, 4, 0, 0, 0, 2017, May, Wednesday, 3:26 pm, 90, Dry, N, Daylight, Rear End, Minor Injury, N, N
US, 2, 0, 0, 0, 2017, June, Saturday, 1:11 pm, 90, Dry, N, Daylight, Rear End, Not Injured, N, N
US, 2, 0, 0, 0, 2017, June, Saturday, 1:17 pm, 90, Dry, N, Daylight, Rear End, Not Injured, N, N
US, 4, 0, 0, 1, 2017, June, Saturday, 3:05 pm, 90, Dry, N, Daylight, Rear End, Minor Injury, N, N
US, 2, 0, 0, 0, 2017, June, Monday, 3:40 pm, 60, Dry, N, Daylight, Hit Pedestrian, Minor Injury, N, N
US, 2, 0, 0, 1, 2017, June, Sunday, 3:53 pm, 70, Dry, N, Daylight, Side Swipe, Minor Injury, N, N
US, 2, 0, 0, 0, 2017, June, Saturday, 6:20 am, 60, Wet, N, Daylight, Right Angle, Not Injured, N, N
US, 2, 0, 0, 0, 2017, June, Monday, 8:18 am, 60, Dry, N, Daylight, Right Angle, Not Injured, N, N
US, 3, 0, 0, 0, 2017, June, Monday, 5:13 pm, 90, Dry, N, Daylight, Rear End, Not Injured, N, N
US, 3, 0, 0, 0, 2017, June, Wednesday, 6:26 pm, 60, Dry, N, Daylight, Rear End, Not Injured, N, N
US, 2, 0, 0, 0, 2017, June, Saturday, 11:48 am, 40, Dry, N, Daylight, Right Angle, Not Injured, N, N
US, 2, 0, 0, 0, 2017, June, Wednesday, 2:21 pm, 60, Wet, Y, Daylight, Right Angle, Minor Injury, N, N
US, 2, 0, 0, 1, 2017, June, Tuesday, 7:44 am, 40, Dry, N, Daylight, Right Angle, Minor Injury, N, N
US, 2, 0, 0, 0, 2017, June, Monday, 2:28 pm, 40, Dry, N, Daylight, Right Angle, Not Injured, N, N
US, 3, 0, 0, 0, 2017, June, Tuesday, 9:28 am, 60, Dry, N, Daylight, Rear End, Not Injured, N, N
US, 2, 0, 0, 0, 2017, June, Tuesday, 8:50 am, 40, Dry, N, Daylight, Right Angle, Not Injured, N, N
US, 2, 0, 0, 0, 2017, June, Tuesday, 11:39 am, 40, Dry, N, Daylight, Right Angle, Not Injured, N, N
US, 3, 0, 0, 0, 2017, June, Friday, 10:15 am, 60, Dry, N, Daylight, Side Swipe, Not Injured, N, N
US, 2, 0, 0, 0, 2017, June, Tuesday, 3:50 pm, 40, Dry, N, Daylight, Right Angle, Not Injured, N, N
US, 2, 0, 0, 0, 2017, June, Tuesday, 4:10 pm, 40, Dry, N, Daylight, Right Angle, Not Injured, N, N
US, 2, 0, 0, 0, 2017, June, Tuesday, 5:00 pm, 60, Dry, N, Daylight, Rear End, Not Injured, N, N
US, 2, 0, 0, 0, 2017, June, Sunday, 8:14 pm, 60, Dry, N, Daylight, Right Angle, Not Injured, N, N
US, 3, 0, 1, 0, 2017, April, Thursday, 1:40 am, 90, Wet, Y, Night, Right Angle, Major Injury, Y, N
US, 3, 0, 0, 1, 2017, June, Sunday, 12:35 am, 90, Dry, N, Night, Rear End, Minor Injury, N, N
US, 2, 0, 0, 0, 2017, June, Tuesday, 5:00 pm, 40, Dry, N, Daylight, Side Swipe, Not Injured, N, N
US, 2, 0, 0, 0, 2017, May, Tuesday, 6:19 pm, 60, Dry, N, Daylight, Right Angle, Not Injured, N, N
US, 2, 0, 0, 1, 2017, June, Tuesday, 8:00 pm, 40, Dry, N, Daylight, Right Angle, Minor Injury, N, N
US, 2, 0, 0, 1, 2017, June, Thursday, 2:49 pm, 70, Dry, N, Daylight, Head On, Minor Injury, N, N
US, 2, 0, 0, 0, 2017, June, Tuesday, 5:19 pm, 40, Dry, N, Daylight, Right Angle, Not Injured, N, N
US, 2, 0, 0, 0, 2017, June, Tuesday, 10:45 pm, 60, Dry, N, Night, Hit Pedestrian, Minor Injury, Y, N
US, 2, 0, 0, 2, 2017, June, Tuesday, 11:03 pm, 40, Dry, N, Night, Rear End, Minor Injury, N, N
US, 2, 0, 0, 0, 2017, June, Tuesday, 9:28 am, 90, Dry, N, Daylight, Rear End, Not Injured, N, N
US, 2, 0, 0, 1, 2017, June, Thursday, 11:55 am, 40, Dry, N, Daylight, Rear End, Minor Injury, Y, N
US, 2, 0, 0, 0, 2017, June, Tuesday, 7:30 am, 20, Dry, N, Daylight, Rear End, Not Injured, N, N
US, 3, 0, 0, 0, 2017, June, Wednesday, 7:15 am, 60, Dry, N, Daylight, Rear End, Not Injured, N, N
US, 3, 0, 0, 0, 2017, June, Wednesday, 8:10 am, 60, Dry, N, Daylight, Rear End, Minor Injury, N, N
US, 2, 0, 0, 0, 2017, June, Sunday, 11:45 am, 40, Dry, N, Daylight, Rear End, Not Injured, N, N
US, 2, 0, 0, 1, 2017, June, Wednesday, 11:47 am, 60, Dry, N, Daylight, Right Angle, Minor Injury, N, N
US, 2, 0, 0, 0, 2017, June, Wednesday, 10:11 am, 40, Dry, N, Daylight, Right Angle, Not Injured, N, N
US, 2, 0, 0, 0, 2017, June, Wednesday, 9:35 am, 40, Dry, N, Daylight, Right Angle, Minor Injury, N, N
US, 2, 0, 0, 0, 2017, June, Wednesday, 9:13 am, 40, Dry, N, Daylight, Rear End, Minor Injury, N, N
US, 2, 0, 0, 0, 2017, June, Wednesday, 1:20 pm, 40, Dry, N, Daylight, Right Angle, Not Injured, N, N
US, 2, 0, 0, 0, 2017, June, Monday, 11:33 am, 60, Dry, N, Daylight, Rear End, Not Injured, N, N
US, 2, 0, 0, 0, 2017, June, Wednesday, 2:41 pm, 60, Dry, N, Daylight, Head On, Minor Injury, N, N
US, 2, 0, 0, 0, 2017, June, Wednesday, 6:00 pm, 40, Dry, N, Daylight, Right Angle, Not Injured, N, N
US, 2, 0, 0, 0, 2017, June, Wednesday, 5:04 pm, 60, Dry, N, Daylight, Right Angle, Not Injured, N, N
US, 2, 0, 0, 0, 2017, June, Wednesday, 8:02 pm, 40, Dry, N, Daylight, Right Angle, Not Injured, N, N
US, 2, 0, 1, 0, 2017, June, Wednesday, 10:10 pm, 30, Dry, N, Night, Right Angle, Major Injury, N, N
US, 2, 0, 0, 0, 2017, June, Wednesday, 8:04 pm, 60, Dry, N, Daylight, Right Angle, Not Injured, Y, N
US, 3, 0, 0, 0, 2017, June, Wednesday, 8:30 am, 90, Dry, N, Daylight, Rear End, Not Injured, N, N
US, 2, 0, 0, 1, 2017, June, Wednesday, 3:04 pm, 40, Dry, N, Daylight, Right Angle, Minor Injury, N, N
US, 2, 0, 0, 0, 2017, June, Wednesday, 1:30 pm, 40, Dry, N, Daylight, Right Angle, Minor Injury, N, N
US, 2, 0, 0, 0, 2017, June, Thursday, 11:15 am, 60, Dry, N, Daylight, Right Angle, Not Injured, N, N
US, 4, 0, 0, 0, 2017, June, Thursday, 1:17 pm, 40, Dry, N, Daylight, Rear End, Not Injured, N, N
US, 2, 0, 0, 1, 2017, June, Thursday, 2:02 pm, 40, Dry, N, Daylight, Rear End, Minor Injury, N, N
US, 2, 0, 1, 0, 2017, June, Thursday, 5:07 pm, 50, Dry, N, Daylight, Right Angle, Major Injury, N, N
US, 2, 0, 0, 1, 2017, June, Wednesday, 1:34 am, 60, Dry, N, Night, Right Angle, Minor Injury, N, N
US, 2, 0, 0, 0, 2017, June, Thursday, 6:55 pm, 40, Dry, N, Daylight, Right Angle, Not Injured, N, N
US, 2, 0, 0, 0, 2017, June, Thursday, 5:50 pm, 60, Dry, N, Daylight, Right Angle, Not Injured, N, N
US, 2, 0, 0, 0, 2017, June, Thursday, 7:55 pm, 40, Dry, N, Daylight, Right Angle, Not Injured, N, N
US, 2, 0, 0, 0, 2017, June, Thursday, 7:20 pm, 70, Dry, N, Daylight, Rear End, Minor Injury, N, N
US, 2, 0, 0, 0, 2017, June, Friday, 12:10 am, 40, Wet, Y, Night, Right Angle, Not Injured, N, N