Nation,Total Units,Total Fatalities,Total Serious Injuries,Total Minor Injuries,Year,Month,Day,Time,Speed Limit,Moisture,Adverse Weather Conditions,DayNight,Crash Type,Crash Severity,Alcohol Related ,Drug Related
US, 2, 0, 0, 0, 2017, June, Thursday, 5:18 pm, 70, Wet, Y, Daylight, Right Angle, Not Injured, N, N
US, 2, 0, 0, 0, 2017, June, Friday, 4:13 pm, 60, Wet, Y, Daylight, Right Angle, Minor Injury, N, N
US, 2, 0, 0, 2, 2017, June, Friday, 2:42 am, 40, Wet, Y, Night, Head On, Minor Injury, N, N
US, 2, 0, 0, 0, 2017, April, Friday, 11:15 pm, 90, Dry, N, Night, Rear End, Not Injured, Y, N
US, 2, 0, 0, 0, 2017, June, Thursday, 10:24 pm, 90, Dry, N, Night, Rear End, Not Injured, N, N
US, 2, 0, 0, 0, 2017, June, Tuesday, 4:50 pm, 20, Dry, N, Daylight, Rear End, Not Injured, N, N
US, 2, 0, 0, 0, 2017, April, Friday, 10:52 pm, 40, Dry, N, Night, Right Angle, Not Injured, N, N
US, 2, 0, 0, 0, 2017, May, Sunday, 11:23 am, 30, Dry, N, Daylight, Side Swipe, Not Injured, N, N
US, 2, 0, 0, 0, 2017, June, Tuesday, 4:09 pm, 70, Dry, N, Daylight, Side Swipe, Not Injured, N, N
US, 2, 0, 0, 0, 2017, June, Thursday, 5:21 pm, 70, Dry, N, Daylight, Side Swipe, Not Injured, N, N
US, 2, 0, 0, 1, 2017, June, Wednesday, 1:38 pm, 20, Dry, N, Daylight, Rear End, Minor Injury, N, N
US, 2, 0, 0, 1, 2017, June, Thursday, 12:31 am, 60, Dry, N, Daylight, Rear End, Minor Injury, N, N
US, 2, 0, 0, 1, 2017, June, Tuesday, 9:21 am, 40, Dry, N, Daylight, Right Angle, Minor Injury, N, N
US, 2, 0, 0, 0, 2017, June, Wednesday, 10:39 am, 60, Dry, N, Daylight, Rear End, Not Injured, N, N
US, 2, 0, 0, 0, 2017, June, Tuesday, 9:43 pm, 80, Dry, N, Night, Right Angle, Not Injured, N, N
US, 4, 0, 0, 0, 2017, June, Wednesday, 2:11 pm, 60, Dry, N, Daylight, Rear End, Not Injured, N, N
US, 2, 0, 0, 0, 2017, June, Monday, 1:25 pm, 40, Dry, N, Daylight, Rear End, Not Injured, N, N
US, 2, 0, 0, 1, 2017, June, Saturday, 12:50 am, 40, Dry, N, Daylight, Rear End, Minor Injury, N, N
US, 2, 0, 0, 0, 2017, June, Thursday, 10:25 pm, 60, Dry, N, Night, Right Angle, Not Injured, N, N
US, 3, 0, 0, 1, 2017, June, Friday, 4:28 pm, 60, Dry, N, Daylight, Rear End, Minor Injury, N, N
US, 2, 0, 0, 0, 2017, June, Friday, 3:30 pm, 40, Dry, N, Daylight, Right Angle, Not Injured, N, N
US, 2, 0, 0, 0, 2017, June, Friday, 5:11 pm, 40, Dry, N, Daylight, Rear End, Minor Injury, N, N
US, 2, 0, 0, 0, 2017, June, Friday, 4:50 pm, 50, Dry, N, Daylight, Rear End, Not Injured, N, N
US, 2, 1, 0, 0, 2017, June, Monday, 11:16 pm, 90, Dry, N, Night, Rear End, Fatal, Y, N
US, 2, 0, 0, 1, 2017, June, Thursday, 2:51 pm, 60, Dry, N, Daylight, Rear End, Minor Injury, N, N
US, 2, 0, 0, 3, 2017, June, Friday, 7:53 pm, 90, Dry, N, Daylight, Right Angle, Minor Injury, N, N
US, 5, 0, 0, 0, 2017, July, Saturday, 1:55 am, 40, Dry, N, Night, Side Swipe, Not Injured, Y, N
US, 3, 0, 0, 3, 2017, June, Wednesday, 2:31 pm, 60, Dry, N, Daylight, Rear End, Minor Injury, N, N
US, 2, 0, 0, 0, 2017, June, Wednesday, 9:34 am, 90, Dry, N, Daylight, Rear End, Not Injured, N, N
US, 3, 0, 0, 0, 2017, June, Friday, 11:17 am, 40, Dry, N, Daylight, Rear End, Minor Injury, N, N
US, 2, 0, 0, 0, 2017, July, Saturday, 7:47 am, 40, Dry, N, Daylight, Right Angle, Not Injured, N, N
US, 2, 0, 0, 1, 2017, July, Saturday, 9:50 am, 50, Wet, Y, Daylight, Right Angle, Minor Injury, N, N
US, 2, 0, 0, 0, 2017, July, Saturday, 10:51 am, 40, Wet, Y, Daylight, Side Swipe, Not Injured, N, N
US, 2, 0, 0, 0, 2017, July, Saturday, 12:02 am, 40, Dry, N, Daylight, Right Angle, Not Injured, N, N
US, 2, 0, 0, 0, 2017, July, Saturday, 4:52 am, 20, Dry, N, Night, Rear End, Not Injured, N, N
US, 2, 0, 0, 3, 2017, July, Saturday, 7:00 pm, 60, Dry, N, Daylight, Right Angle, Minor Injury, N, N
US, 2, 0, 0, 0, 2017, July, Saturday, 11:00 pm, 60, Dry, N, Night, Right Angle, Minor Injury, N, N
US, 2, 0, 0, 0, 2017, June, Thursday, 5:25 pm, 50, Dry, N, Daylight, Head On, Not Injured, N, N
US, 4, 0, 0, 0, 2017, July, Sunday, 7:47 am, 40, Dry, N, Daylight, Right Angle, Not Injured, N, N
US, 2, 0, 0, 0, 2017, July, Sunday, 1:16 pm, 40, Dry, N, Daylight, Right Angle, Minor Injury, N, N
US, 2, 0, 0, 0, 2017, July, Sunday, 2:56 pm, 40, Dry, N, Daylight, Right Angle, Minor Injury, N, N
US, 2, 0, 0, 0, 2017, June, Friday, 1:13 pm, 30, Dry, N, Daylight, Right Angle, Not Injured, N, N
US, 2, 0, 0, 0, 2017, July, Sunday, 7:46 pm, 40, Dry, N, Daylight, Side Swipe, Minor Injury, Y, N
US, 2, 0, 0, 0, 2017, June, Monday, 4:50 pm, 70, Dry, N, Daylight, Rear End, Not Injured, N, N
US, 2, 0, 0, 0, 2017, July, Monday, 2:40 am, 60, Dry, N, Night, Side Swipe, Not Injured, N, N
US, 3, 0, 0, 1, 2017, July, Saturday, 10:58 pm, 90, Dry, N, Night, Side Swipe, Minor Injury, N, N
US, 2, 0, 0, 0, 2017, May, Wednesday, 4:21 pm, 40, Wet, Y, Daylight, Right Angle, Not Injured, N, N
US, 2, 0, 0, 0, 2017, June, Thursday, 12:10 am, 60, Dry, N, Daylight, Right Angle, Not Injured, N, N
US, 3, 0, 0, 0, 2017, July, Sunday, 2:21 pm, 40, Dry, N, Daylight, Right Angle, Not Injured, N, N
US, 2, 0, 0, 1, 2017, July, Monday, 7:45 am, 40, Dry, N, Daylight, Right Angle, Minor Injury, N, N
US, 2, 0, 0, 1, 2017, July, Monday, 3:20 pm, 60, Dry, N, Daylight, Hit Pedestrian, Minor Injury, N, N
US, 2, 0, 0, 0, 2017, June, Wednesday, 7:56 pm, 60, Dry, N, Daylight, Rear End, Minor Injury, N, N
US, 2, 0, 0, 0, 2017, June, Tuesday, 10:38 am, 40, Dry, N, Daylight, Right Angle, Minor Injury, N, N
US, 2, 0, 0, 1, 2017, July, Saturday, 9:53 pm, 30, Dry, N, Night, Right Angle, Minor Injury, N, N
US, 3, 0, 0, 0, 2017, June, Monday, 4:15 pm, 90, Dry, N, Daylight, Right Angle, Not Injured, N, N
US, 2, 0, 0, 1, 2017, June, Wednesday, 10:25 pm, 60, Dry, N, Night, Rear End, Minor Injury, N, N
US, 2, 0, 1, 0, 2017, July, Monday, 8:31 pm, 40, Dry, N, Daylight, Right Angle, Major Injury, Y, N
US, 2, 0, 1, 0, 2017, July, Monday, 11:39 pm, 60, Dry, N, Night, Hit Pedestrian, Major Injury, N, N
US, 2, 0, 0, 0, 2017, July, Tuesday, 12:22 am, 40, Dry, N, Night, Right Angle, Not Injured, N, N
US, 2, 0, 0, 0, 2017, July, Tuesday, 2:45 am, 90, Dry, N, Night, Right Angle, Not Injured, N, N
US, 5, 0, 0, 0, 2017, July, Tuesday, 2:16 am, 40, Dry, N, Night, Side Swipe, Not Injured, Y, N
US, 2, 0, 0, 0, 2017, June, Sunday, 3:17 pm, 90, Dry, N, Daylight, Side Swipe, Not Injured, N, N
US, 2, 0, 0, 0, 2017, June, Monday, 12:52 am, 60, Dry, N, Daylight, Right Angle, Not Injured, N, N
US, 4, 0, 0, 0, 2017, July, Monday, 10:29 pm, 40, Dry, N, Night, Right Angle, Minor Injury, N, N
US, 2, 0, 0, 0, 2017, July, Monday, 2:15 pm, 40, Dry, N, Daylight, Rear End, Not Injured, N, N
US, 2, 0, 0, 0, 2017, July, Tuesday, 2:20 pm, 20, Dry, N, Daylight, Right Angle, Minor Injury, N, N
US, 2, 0, 0, 0, 2017, July, Tuesday, 2:54 pm, 40, Dry, N, Daylight, Right Angle, Not Injured, N, N
US, 2, 0, 0, 1, 2017, June, Friday, 4:58 pm, 60, Dry, N, Daylight, Rear End, Minor Injury, N, N
US, 2, 0, 0, 0, 2017, May, Wednesday, 4:50 pm, 90, Wet, Y, Daylight, Rear End, Not Injured, N, N
US, 3, 0, 0, 0, 2017, June, Friday, 1:41 pm, 90, Dry, N, Daylight, Side Swipe, Minor Injury, N, N
US, 2, 0, 0, 0, 2017, July, Tuesday, 6:10 pm, 40, Dry, N, Daylight, Rear End, Not Injured, N, N
US, 2, 0, 0, 1, 2017, July, Tuesday, 10:15 pm, 90, Dry, N, Night, Rear End, Minor Injury, N, N
US, 2, 0, 0, 0, 2017, July, Tuesday, 10:07 pm, 40, Dry, N, Night, Hit Pedestrian, Minor Injury, Y, N
US, 2, 0, 0, 0, 2017, July, Tuesday, 7:45 pm, 20, Dry, N, Daylight, Side Swipe, Not Injured, N, N
US, 2, 0, 0, 0, 2017, June, Friday, 12:40 am, 60, Dry, N, Daylight, Side Swipe, Minor Injury, N, N
US, 4, 0, 0, 1, 2017, July, Monday, 12:53 am, 60, Dry, N, Daylight, Rear End, Minor Injury, N, N
US, 2, 0, 0, 1, 2017, July, Monday, 8:49 am, 70, Dry, N, Daylight, Rear End, Minor Injury, N, N
US, 2, 0, 0, 0, 2017, July, Wednesday, 7:38 am, 60, Dry, N, Daylight, Side Swipe, Not Injured, N, N
US, 2, 0, 0, 0, 2017, June, Tuesday, 3:39 pm, 40, Dry, N, Daylight, Right Angle, Minor Injury, N, N
US, 2, 0, 1, 1, 2017, July, Wednesday, 7:03 am, 40, Dry, N, Daylight, Rear End, Major Injury, N, N
US, 2, 0, 0, 0, 2017, June, Saturday, 12:44 am, 60, Dry, N, Daylight, Rear End, Not Injured, N, N
US, 2, 0, 0, 0, 2017, July, Wednesday, 8:09 am, 40, Dry, N, Daylight, Right Angle, Not Injured, N, N
US, 2, 0, 0, 0, 2017, July, Wednesday, 12:00 am, 40, Dry, N, Daylight, Right Angle, Not Injured, N, N
US, 2, 0, 0, 0, 2017, July, Wednesday, 12:05 am, 60, Dry, N, Daylight, Rear End, Not Injured, N, N
US, 2, 0, 0, 0, 2017, July, Wednesday, 7:45 am, 60, Dry, N, Daylight, Rear End, Not Injured, N, N
US, 2, 0, 0, 0, 2017, July, Wednesday, 12:35 am, 40, Dry, N, Daylight, Right Angle, Not Injured, N, N
US, 2, 0, 0, 0, 2017, July, Wednesday, 12:00 am, 90, Dry, N, Daylight, Side Swipe, Not Injured, N, N
US, 2, 0, 0, 0, 2017, July, Wednesday, 1:58 pm, 40, Dry, N, Daylight, Right Angle, Minor Injury, N, N
US, 2, 0, 0, 0, 2017, July, Tuesday, 10:28 pm, 40, Dry, N, Night, Rear End, Minor Injury, N, N
US, 4, 0, 0, 0, 2017, July, Saturday, 1:30 pm, 50, Dry, N, Daylight, Rear End, Not Injured, N, N
US, 2, 0, 0, 0, 2017, June, Friday, 2:53 pm, 40, Dry, N, Daylight, Side Swipe, Not Injured, Y, N
US, 2, 0, 0, 0, 2017, July, Wednesday, 4:00 pm, 60, Dry, N, Daylight, Rear End, Not Injured, N, N
US, 3, 0, 0, 0, 2017, July, Wednesday, 5:15 pm, 40, Dry, N, Daylight, Rear End, Not Injured, N, N
US, 2, 0, 0, 0, 2017, July, Wednesday, 4:28 pm, 60, Dry, N, Daylight, Right Angle, Not Injured, N, N
US, 2, 0, 0, 0, 2017, July, Wednesday, 6:25 am, 60, Dry, N, Daylight, Side Swipe, Not Injured, N, N
US, 2, 0, 0, 0, 2017, June, Saturday, 9:26 am, 40, Dry, N, Daylight, Right Angle, Minor Injury, N, N
US, 2, 0, 0, 0, 2017, May, Tuesday, 5:25 pm, 90, Dry, N, Daylight, Rear End, Not Injured, N, N
US, 2, 0, 0, 0, 2017, June, Saturday, 4:26 pm, 90, Dry, N, Daylight, Rear End, Not Injured, N, N
US, 2, 0, 0, 0, 2017, June, Saturday, 5:38 pm, 90, Dry, N, Daylight, Side Swipe, Not Injured, N, N
US, 3, 0, 0, 0, 2017, June, Wednesday, 4:35 pm, 90, Dry, N, Daylight, Rear End, Not Injured, N, N
US, 2, 0, 0, 1, 2017, July, Thursday, 8:00 am, 60, Dry, N, Daylight, Rear End, Minor Injury, N, N
US, 2, 0, 0, 0, 2017, July, Thursday, 11:35 am, 40, Dry, N, Daylight, Rear End, Not Injured, N, N
US, 2, 0, 0, 4, 2017, July, Thursday, 12:34 am, 60, Dry, N, Daylight, Head On, Minor Injury, N, N
US, 2, 0, 0, 0, 2017, July, Thursday, 12:26 am, 40, Dry, N, Daylight, Right Angle, Not Injured, N, N
US, 2, 0, 0, 1, 2017, July, Thursday, 3:05 pm, 40, Wet, Y, Daylight, Right Angle, Minor Injury, N, N
US, 2, 0, 0, 0, 2017, July, Thursday, 3:06 pm, 40, Wet, Y, Daylight, Right Angle, Not Injured, N, N
US, 2, 0, 0, 0, 2017, July, Wednesday, 10:05 pm, 40, Dry, N, Night, Rear End, Minor Injury, N, N
US, 2, 0, 0, 0, 2017, July, Thursday, 3:22 pm, 60, Dry, N, Daylight, Right Angle, Not Injured, N, N
US, 2, 0, 0, 0, 2017, June, Wednesday, 12:54 am, 60, Dry, N, Daylight, Rear End, Not Injured, N, N
US, 2, 0, 0, 0, 2017, July, Monday, 8:35 am, 40, Dry, N, Daylight, Right Angle, Not Injured, N, N
US, 2, 0, 0, 0, 2017, June, Thursday, 12:36 am, 60, Dry, N, Daylight, Right Angle, Not Injured, N, N
US, 2, 0, 0, 0, 2017, July, Thursday, 5:25 pm, 40, Wet, Y, Daylight, Right Angle, Not Injured, N, N
US, 2, 0, 0, 0, 2017, April, Wednesday, 4:26 pm, 90, Dry, N, Daylight, Right Angle, Minor Injury, N, N
US, 4, 0, 0, 0, 2017, June, Sunday, 5:44 pm, 90, Dry, N, Night, Rear End, Not Injured, N, N
US, 3, 0, 0, 0, 2017, July, Thursday, 5:22 pm, 60, Wet, Y, Daylight, Right Angle, Minor Injury, N, N
US, 2, 0, 0, 0, 2017, June, Friday, 4:01 pm, 90, Dry, N, Daylight, Rear End, Not Injured, N, N
US, 2, 1, 1, 0, 2017, July, Thursday, 3:57 pm, 40, Wet, Y, Daylight, Right Angle, Major Injury, N, N
US, 2, 0, 0, 0, 2017, July, Thursday, 4:45 pm, 40, Wet, Y, Daylight, Right Angle, Not Injured, N, N
US, 2, 0, 0, 0, 2017, July, Thursday, 2:50 am, 40, Dry, N, Night, Right Angle, Not Injured, Y, N
US, 2, 0, 0, 0, 2017, July, Thursday, 11:11 pm, 40, Dry, N, Night, Rear End, Not Injured, N, N
US, 2, 0, 0, 0, 2017, July, Friday, 2:50 am, 60, Dry, N, Night, Right Angle, Minor Injury, Y, N
US, 2, 0, 0, 1, 2017, March, Friday, 7:00 am, 40, Wet, Y, Daylight, Rear End, Minor Injury, N, N
US, 2, 0, 0, 0, 2017, July, Wednesday, 6:00 pm, 70, Dry, N, Daylight, Rear End, Not Injured, N, N
US, 2, 0, 0, 0, 2017, July, Thursday, 11:11 am, 40, Dry, N, Daylight, Right Angle, Not Injured, N, N
US, 2, 0, 0, 0, 2017, June, Monday, 2:10 pm, 60, Dry, N, Daylight, Rear End, Not Injured, N, N
US, 2, 0, 0, 0, 2017, July, Friday, 7:50 am, 40, Dry, N, Daylight, Right Angle, Not Injured, N, N
US, 2, 0, 0, 1, 2017, July, Thursday, 1:35 pm, 60, Dry, N, Daylight, Right Angle, Minor Injury, N, N
US, 2, 0, 0, 1, 2017, June, Friday, 4:54 pm, 60, Dry, N, Daylight, Rear End, Minor Injury, N, N
US, 2, 0, 0, 0, 2017, July, Friday, 10:35 am, 40, Wet, N, Daylight, Right Angle, Minor Injury, N, N
US, 2, 0, 0, 0, 2017, July, Thursday, 12:35 am, 60, Dry, N, Daylight, Side Swipe, Not Injured, N, N
US, 2, 0, 0, 0, 2017, July, Friday, 11:48 am, 40, Dry, N, Daylight, Side Swipe, Minor Injury, N, N
US, 2, 0, 0, 1, 2017, July, Friday, 12:15 am, 40, Dry, N, Daylight, Hit Pedestrian, Minor Injury, N, N
US, 2, 0, 0, 2, 2017, July, Thursday, 5:34 pm, 60, Wet, Y, Daylight, Right Angle, Minor Injury, N, N
US, 2, 0, 0, 1, 2017, July, Friday, 12:35 am, 40, Dry, N, Daylight, Right Angle, Minor Injury, N, N
US, 2, 0, 0, 1, 2017, July, Friday, 2:18 pm, 60, Dry, N, Daylight, Right Angle, Minor Injury, N, N
US, 2, 0, 0, 0, 2017, July, Friday, 3:08 pm, 60, Dry, N, Daylight, Right Angle, Not Injured, N, N
US, 4, 0, 0, 0, 2017, July, Friday, 4:20 pm, 60, Dry, N, Daylight, Rear End, Not Injured, N, N
US, 2, 0, 0, 1, 2017, July, Wednesday, 12:57 am, 60, Dry, N, Daylight, Rear End, Minor Injury, N, N
US, 2, 0, 0, 0, 2017, July, Friday, 5:05 pm, 60, Dry, N, Daylight, Rear End, Not Injured, N, N
US, 2, 0, 0, 0, 2017, July, Friday, 4:00 pm, 50, Dry, N, Daylight, Side Swipe, Not Injured, N, N
US, 2, 0, 0, 0, 2017, July, Friday, 4:13 pm, 60, Dry, N, Daylight, Right Angle, Not Injured, N, N
US, 2, 0, 0, 0, 2017, June, Wednesday, 10:42 pm, 40, Dry, N, Night, Right Angle, Not Injured, N, N
US, 2, 0, 0, 0, 2017, July, Friday, 4:45 pm, 60, Dry, N, Daylight, Side Swipe, Not Injured, N, N
US, 2, 0, 0, 1, 2017, June, Friday, 10:05 pm, 20, Dry, N, Night, Right Angle, Minor Injury, N, N
US, 2, 0, 0, 1, 2017, July, Friday, 9:25 pm, 30, Dry, N, Night, Rear End, Minor Injury, N, N
US, 2, 0, 0, 0, 2017, July, Thursday, 4:18 pm, 60, Dry, N, Daylight, Right Angle, Not Injured, N, N
US, 2, 0, 0, 0, 2017, June, Tuesday, 5:05 pm, 90, Dry, N, Daylight, Rear End, Not Injured, N, N
US, 2, 0, 0, 0, 2017, July, Friday, 4:34 pm, 50, Wet, Y, Daylight, Rear End, Not Injured, N, N
US, 3, 0, 0, 1, 2017, July, Wednesday, 10:18 am, 90, Dry, N, Daylight, Rear End, Minor Injury, N, N
US, 2, 0, 0, 1, 2017, July, Thursday, 8:00 am, 70, Dry, N, Daylight, Rear End, Minor Injury, N, N
US, 2, 0, 0, 0, 2017, July, Saturday, 9:30 am, 40, Dry, N, Daylight, Right Angle, Not Injured, N, N
US, 2, 0, 0, 0, 2017, June, Friday, 1:15 pm, 60, Dry, N, Daylight, Rear End, Not Injured, N, N
US, 2, 0, 0, 0, 2017, July, Saturday, 10:18 am, 40, Dry, N, Daylight, Right Angle, Minor Injury, N, N
US, 2, 0, 0, 0, 2017, July, Saturday, 10:00 am, 40, Dry, N, Daylight, Right Angle, Not Injured, N, N
US, 2, 0, 0, 0, 2017, July, Friday, 1:03 pm, 80, Dry, N, Daylight, Rear End, Not Injured, N, N
US, 2, 0, 1, 1, 2017, June, Friday, 4:47 pm, 60, Dry, N, Daylight, Right Angle, Major Injury, N, N
US, 2, 0, 0, 0, 2017, July, Saturday, 1:00 am, 40, Dry, N, Night, Rear End, Not Injured, N, N
US, 2, 0, 0, 0, 2017, July, Saturday, 3:03 pm, 40, Dry, N, Daylight, Side Swipe, Not Injured, Y, N
US, 2, 0, 0, 0, 2017, July, Saturday, 11:57 pm, 40, Dry, N, Night, Right Angle, Not Injured, N, N
US, 2, 0, 0, 0, 2017, July, Saturday, 11:35 pm, 40, Dry, N, Night, Right Angle, Not Injured, Y, N
US, 3, 0, 0, 0, 2017, July, Sunday, 12:37 am, 40, Dry, N, Night, Side Swipe, Not Injured, Y, N
US, 2, 0, 0, 1, 2017, July, Saturday, 4:37 pm, 60, Dry, N, Daylight, Rear End, Minor Injury, N, N
US, 2, 0, 0, 0, 2017, July, Saturday, 10:25 am, 40, Dry, N, Daylight, Rear End, Minor Injury, N, N
US, 3, 0, 0, 0, 2017, July, Friday, 12:04 am, 40, Dry, N, Daylight, Right Angle, Not Injured, N, N
US, 2, 0, 0, 0, 2017, July, Sunday, 11:12 am, 60, Dry, N, Daylight, Rear End, Not Injured, N, N
US, 2, 0, 0, 0, 2017, July, Monday, 4:41 pm, 60, Wet, Y, Daylight, Right Angle, Not Injured, N, N
US, 2, 0, 0, 0, 2017, July, Saturday, 3:14 pm, 40, Dry, N, Daylight, Rear End, Minor Injury, N, N
US, 2, 0, 0, 3, 2017, July, Sunday, 2:46 pm, 40, Dry, N, Daylight, Head On, Minor Injury, N, N
US, 2, 0, 0, 0, 2017, July, Sunday, 4:37 pm, 40, Dry, N, Daylight, Hit Pedestrian, Minor Injury, N, N
US, 2, 0, 0, 0, 2017, July, Sunday, 4:50 pm, 40, Dry, N, Daylight, Right Angle, Not Injured, N, N
US, 3, 0, 0, 0, 2017, July, Friday, 3:05 pm, 70, Dry, N, Daylight, Rear End, Not Injured, N, N
US, 2, 0, 0, 0, 2017, July, Sunday, 6:40 am, 60, Dry, N, Daylight, Rear End, Not Injured, N, N
US, 2, 0, 0, 1, 2017, May, Wednesday, 5:40 pm, 20, Dry, N, Daylight, Head On, Minor Injury, N, N
US, 2, 0, 0, 0, 2017, June, Tuesday, 8:10 pm, 40, Dry, N, Daylight, Rear End, Not Injured, N, N
US, 2, 0, 0, 0, 2017, June, Saturday, 12:20 am, 40, Dry, N, Night, Head On, Not Injured, N, N
US, 3, 0, 0, 0, 2017, April, Monday, 2:30 am, 40, Dry, N, Night, Side Swipe, Not Injured, Y, N
US, 3, 0, 0, 0, 2017, May, Monday, 5:46 pm, 90, Dry, N, Night, Rear End, Minor Injury, N, N
US, 3, 0, 0, 0, 2017, May, Friday, 11:50 am, 90, Dry, N, Daylight, Rear End, Minor Injury, N, N
US, 2, 0, 0, 0, 2017, July, Wednesday, 11:01 am, 90, Dry, N, Daylight, Rear End, Not Injured, N, N
US, 2, 0, 0, 1, 2017, July, Wednesday, 8:40 pm, 40, Dry, N, Night, Right Angle, Minor Injury, N, N
US, 2, 0, 0, 0, 2017, July, Sunday, 1:30 am, 60, Dry, N, Night, Right Angle, Not Injured, N, N
US, 2, 0, 0, 0, 2017, July, Monday, 8:28 am, 40, Dry, N, Daylight, Right Angle, Not Injured, N, N
US, 2, 0, 0, 0, 2017, July, Monday, 4:04 pm, 40, Dry, N, Daylight, Right Angle, Not Injured, N, N
US, 2, 0, 0, 1, 2017, July, Monday, 4:50 pm, 40, Dry, Y, Daylight, Right Angle, Minor Injury, N, N
US, 2, 0, 0, 0, 2017, July, Sunday, 12:49 am, 20, Dry, N, Daylight, Head On, Not Injured, N, N
US, 2, 0, 0, 0, 2017, July, Friday, 5:33 pm, 40, Dry, N, Daylight, Rear End, Minor Injury, N, N
US, 2, 0, 0, 0, 2017, July, Monday, 6:30 pm, 40, Wet, Y, Daylight, Head On, Not Injured, N, N
US, 2, 0, 0, 1, 2017, July, Thursday, 8:39 pm, 40, Dry, N, Night, Right Angle, Minor Injury, N, N
US, 2, 0, 0, 1, 2017, June, Friday, 7:16 pm, 60, Dry, N, Daylight, Rear End, Minor Injury, N, N
US, 2, 0, 0, 0, 2017, July, Friday, 5:27 am, 60, Dry, N, Daylight, Side Swipe, Not Injured, N, N
US, 2, 0, 0, 1, 2017, July, Sunday, 3:08 am, 40, Dry, N, Night, Right Angle, Minor Injury, N, N
US, 2, 0, 0, 1, 2017, May, Saturday, 6:34 pm, 60, Dry, N, Daylight, Rear End, Minor Injury, N, N
US, 2, 0, 0, 3, 2017, May, Sunday, 1:37 pm, 90, Wet, Y, Daylight, Right Angle, Minor Injury, N, N
US, 3, 0, 0, 1, 2017, July, Friday, 10:56 pm, 90, Dry, N, Night, Rear End, Minor Injury, N, N
US, 2, 0, 0, 0, 2017, July, Monday, 4:46 pm, 40, Wet, Y, Daylight, Right Angle, Not Injured, N, N
US, 2, 0, 1, 1, 2017, July, Monday, 8:39 am, 60, Dry, N, Daylight, Rear End, Major Injury, N, N
US, 2, 0, 1, 0, 2017, July, Monday, 12:45 am, 60, Wet, N, Daylight, Right Angle, Major Injury, N, N
US, 2, 0, 0, 1, 2017, July, Monday, 5:00 am, 60, Dry, N, Night, Right Angle, Minor Injury, N, N
US, 2, 0, 0, 1, 2017, July, Tuesday, 10:58 am, 40, Dry, N, Daylight, Hit Pedestrian, Minor Injury, N, N
US, 2, 0, 0, 1, 2017, July, Tuesday, 11:04 am, 40, Dry, N, Daylight, Hit Pedestrian, Minor Injury, N, N
US, 2, 0, 0, 0, 2017, July, Tuesday, 1:08 pm, 40, Dry, N, Daylight, Hit Pedestrian, Minor Injury, N, N
US, 2, 0, 0, 1, 2017, July, Monday, 7:50 pm, 60, Dry, N, Daylight, Side Swipe, Minor Injury, N, N
US, 2, 0, 0, 0, 2017, July, Tuesday, 2:00 pm, 60, Dry, N, Daylight, Rear End, Not Injured, N, N
US, 2, 0, 0, 0, 2017, July, Thursday, 7:33 pm, 40, Dry, N, Daylight, Right Angle, Not Injured, N, N
US, 2, 0, 0, 0, 2017, June, Friday, 9:15 am, 60, Wet, N, Daylight, Rear End, Minor Injury, N, N
US, 2, 0, 0, 0, 2017, July, Tuesday, 9:58 am, 40, Dry, N, Daylight, Right Angle, Not Injured, N, N
US, 2, 0, 0, 0, 2017, July, Tuesday, 1:55 pm, 40, Dry, N, Daylight, Right Angle, Minor Injury, N, N
US, 2, 0, 0, 0, 2017, July, Tuesday, 6:43 pm, 40, Dry, N, Daylight, Right Angle, Not Injured, N, N
US, 2, 0, 0, 0, 2017, July, Saturday, 7:35 pm, 40, Dry, N, Daylight, Right Angle, Not Injured, N, N
US, 2, 0, 0, 0, 2017, July, Sunday, 3:54 pm, 40, Dry, N, Daylight, Right Angle, Minor Injury, N, N
US, 2, 0, 0, 0, 2017, July, Tuesday, 5:35 pm, 40, Wet, Y, Daylight, Right Angle, Not Injured, N, N
US, 3, 0, 0, 0, 2017, July, Tuesday, 2:48 pm, 60, Dry, N, Daylight, Right Angle, Not Injured, N, N
US, 2, 0, 0, 0, 2017, July, Wednesday, 7:50 am, 40, Wet, Y, Daylight, Rear End, Not Injured, N, N
US, 2, 0, 0, 0, 2017, July, Wednesday, 7:49 am, 40, Wet, Y, Daylight, Rear End, Not Injured, N, N
US, 3, 0, 0, 0, 2017, July, Wednesday, 10:14 am, 90, Wet, N, Daylight, Rear End, Not Injured, N, N
US, 2, 0, 0, 0, 2017, July, Wednesday, 12:15 am, 40, Dry, N, Daylight, Hit Pedestrian, Minor Injury, N, N
US, 2, 0, 2, 0, 2017, July, Tuesday, 3:56 pm, 40, Dry, N, Daylight, Rear End, Major Injury, N, N
US, 2, 0, 0, 2, 2017, July, Wednesday, 10:50 am, 40, Dry, N, Daylight, Right Angle, Minor Injury, N, N
US, 3, 0, 0, 0, 2017, July, Wednesday, 2:40 pm, 60, Dry, N, Daylight, Rear End, Minor Injury, N, N
US, 3, 0, 0, 0, 2017, July, Wednesday, 3:20 pm, 40, Dry, N, Daylight, Rear End, Not Injured, Y, N
US, 2, 0, 0, 1, 2017, July, Wednesday, 3:13 pm, 40, Dry, N, Daylight, Hit Pedestrian, Minor Injury, N, N
US, 2, 0, 0, 1, 2017, July, Wednesday, 2:36 pm, 40, Dry, N, Daylight, Right Angle, Minor Injury, N, N
US, 2, 0, 0, 1, 2017, July, Wednesday, 3:25 pm, 60, Dry, N, Daylight, Rear End, Minor Injury, N, N