Nation,Total Units,Total Fatalities,Total Serious Injuries,Total Minor Injuries,Year,Month,Day,Time,Speed Limit,Moisture,Adverse Weather Conditions,DayNight,Crash Type,Crash Severity,Alcohol Related ,Drug Related
US, 3, 0, 0, 0, 2017, July, Wednesday, 4:50 pm, 40, Dry, N, Daylight, Rear End, Not Injured, N, N
US, 2, 0, 0, 0, 2017, July, Wednesday, 5:15 pm, 60, Dry, N, Daylight, Right Angle, Minor Injury, N, N
US, 2, 0, 0, 0, 2017, July, Tuesday, 3:50 pm, 70, Dry, N, Daylight, Rear End, Not Injured, N, N
US, 5, 0, 0, 1, 2017, July, Wednesday, 3:45 pm, 70, Dry, N, Daylight, Rear End, Minor Injury, N, N
US, 2, 0, 0, 0, 2017, July, Wednesday, 7:05 pm, 50, Dry, N, Daylight, Rear End, Not Injured, N, N
US, 2, 0, 0, 0, 2017, July, Wednesday, 8:42 pm, 40, Dry, N, Night, Rear End, Not Injured, N, N
US, 2, 0, 0, 0, 2017, July, Wednesday, 8:52 pm, 40, Dry, N, Daylight, Side Swipe, Not Injured, N, N
US, 2, 0, 0, 1, 2017, July, Tuesday, 6:12 pm, 50, Dry, N, Daylight, Rear End, Minor Injury, N, N
US, 2, 0, 0, 1, 2017, July, Tuesday, 11:46 pm, 60, Dry, N, Night, Right Angle, Minor Injury, N, N
US, 2, 0, 0, 0, 2017, July, Tuesday, 4:30 pm, 40, Dry, N, Daylight, Right Angle, Not Injured, N, N
US, 2, 0, 0, 1, 2017, July, Wednesday, 11:25 pm, 60, Dry, N, Night, Side Swipe, Minor Injury, N, N
US, 2, 0, 0, 0, 2017, July, Wednesday, 5:41 am, 60, Wet, Y, Daylight, Rear End, Not Injured, N, N
US, 2, 0, 0, 0, 2017, July, Wednesday, 12:20 am, 60, Dry, N, Daylight, Side Swipe, Not Injured, N, N
US, 2, 0, 0, 0, 2017, July, Monday, 11:31 am, 40, Dry, N, Daylight, Right Angle, Not Injured, N, N
US, 2, 0, 0, 0, 2017, July, Saturday, 1:54 am, 40, Dry, N, Night, Rear End, Not Injured, N, N
US, 2, 0, 0, 0, 2017, July, Thursday, 10:10 am, 40, Wet, Y, Daylight, Right Angle, Not Injured, N, N
US, 2, 0, 0, 0, 2017, July, Thursday, 10:34 am, 60, Wet, Y, Daylight, Right Angle, Not Injured, N, N
US, 2, 0, 0, 1, 2017, July, Wednesday, 3:44 pm, 40, Dry, N, Daylight, Rear End, Minor Injury, N, N
US, 2, 0, 0, 0, 2017, July, Wednesday, 7:55 pm, 40, Dry, N, Daylight, Right Angle, Not Injured, N, N
US, 2, 0, 0, 0, 2017, July, Thursday, 3:54 pm, 40, Dry, N, Daylight, Right Angle, Minor Injury, N, N
US, 2, 0, 0, 0, 2017, July, Tuesday, 4:50 pm, 40, Dry, N, Daylight, Rear End, Not Injured, N, N
US, 2, 0, 0, 0, 2017, July, Sunday, 1:20 pm, 90, Dry, N, Daylight, Rear End, Not Injured, N, N
US, 2, 0, 0, 1, 2017, July, Wednesday, 4:33 pm, 60, Dry, N, Daylight, Rear End, Minor Injury, N, N
US, 2, 0, 0, 0, 2017, July, Monday, 2:07 pm, 90, Dry, N, Daylight, Rear End, Not Injured, N, N
US, 3, 0, 0, 0, 2017, July, Thursday, 6:05 pm, 40, Dry, N, Daylight, Side Swipe, Not Injured, N, N
US, 3, 0, 0, 1, 2017, July, Thursday, 5:27 pm, 60, Dry, N, Daylight, Rear End, Minor Injury, N, N
US, 2, 0, 0, 0, 2017, July, Friday, 12:50 am, 40, Wet, Y, Night, Right Angle, Not Injured, N, N
US, 3, 0, 0, 2, 2017, June, Monday, 7:07 pm, 60, Dry, N, Daylight, Right Angle, Minor Injury, N, N
US, 2, 0, 0, 1, 2017, July, Thursday, 4:55 pm, 60, Dry, N, Daylight, Hit Pedestrian, Minor Injury, N, N
US, 3, 0, 0, 1, 2017, July, Thursday, 12:15 am, 40, Wet, Y, Daylight, Side Swipe, Minor Injury, N, N
US, 2, 0, 0, 0, 2017, July, Friday, 10:15 am, 40, Wet, Y, Daylight, Rear End, Not Injured, N, N
US, 3, 0, 0, 0, 2017, July, Friday, 7:00 am, 40, Wet, Y, Daylight, Right Angle, Minor Injury, N, N
US, 2, 0, 0, 0, 2017, July, Friday, 9:00 am, 60, Dry, N, Daylight, Right Angle, Minor Injury, N, N
US, 2, 0, 0, 0, 2017, July, Thursday, 2:45 pm, 40, Dry, N, Daylight, Right Angle, Not Injured, N, N
US, 2, 0, 0, 1, 2017, March, Friday, 1:30 pm, 90, Wet, Y, Daylight, Rear End, Minor Injury, N, N
US, 2, 0, 3, 0, 2017, July, Monday, 4:19 am, 70, Dry, N, Night, Right Angle, Major Injury, N, N
US, 2, 0, 0, 0, 2017, July, Thursday, 11:40 am, 70, Wet, Y, Daylight, Rear End, Not Injured, N, N
US, 3, 0, 0, 0, 2017, July, Friday, 12:16 am, 40, Dry, N, Daylight, Side Swipe, Not Injured, N, N
US, 2, 0, 0, 0, 2017, July, Wednesday, 3:47 pm, 60, Dry, N, Daylight, Right Angle, Minor Injury, N, N
US, 2, 0, 0, 0, 2017, July, Thursday, 6:35 pm, 60, Dry, N, Daylight, Right Angle, Not Injured, N, N
US, 2, 0, 0, 0, 2017, July, Friday, 4:10 pm, 40, Dry, N, Daylight, Right Angle, Not Injured, N, N
US, 3, 0, 0, 0, 2017, July, Friday, 3:25 pm, 90, Dry, N, Daylight, Side Swipe, Not Injured, N, N
US, 3, 0, 0, 0, 2017, July, Friday, 4:55 pm, 40, Dry, N, Daylight, Head On, Not Injured, N, N
US, 2, 0, 0, 0, 2017, July, Friday, 4:45 pm, 40, Dry, N, Daylight, Right Angle, Not Injured, N, N
US, 2, 0, 0, 0, 2017, July, Tuesday, 7:45 pm, 40, Dry, N, Daylight, Right Angle, Not Injured, N, N
US, 2, 0, 0, 0, 2017, July, Wednesday, 5:37 pm, 60, Dry, N, Daylight, Rear End, Not Injured, N, N
US, 2, 0, 0, 0, 2017, July, Friday, 8:58 pm, 40, Dry, N, Night, Right Angle, Minor Injury, N, N
US, 2, 0, 0, 1, 2017, July, Friday, 6:09 pm, 40, Dry, N, Daylight, Right Angle, Minor Injury, N, N
US, 2, 0, 0, 0, 2017, July, Wednesday, 3:58 pm, 60, Dry, N, Daylight, Right Angle, Not Injured, N, N
US, 2, 0, 0, 0, 2017, June, Thursday, 4:37 pm, 40, Dry, N, Daylight, Head On, Minor Injury, N, N
US, 2, 0, 0, 0, 2017, July, Wednesday, 6:48 am, 70, Wet, Y, Daylight, Right Angle, Not Injured, N, N
US, 2, 0, 0, 0, 2017, July, Saturday, 10:40 am, 40, Wet, Y, Daylight, Right Angle, Minor Injury, N, N
US, 2, 0, 0, 0, 2017, July, Tuesday, 6:00 pm, 70, Wet, N, Daylight, Right Angle, Not Injured, N, N
US, 2, 0, 0, 0, 2017, July, Friday, 8:12 am, 60, Dry, N, Daylight, Rear End, Not Injured, N, N
US, 2, 0, 1, 0, 2017, July, Saturday, 7:17 am, 40, Dry, N, Daylight, Right Angle, Major Injury, N, N
US, 2, 0, 0, 0, 2017, July, Saturday, 7:19 am, 60, Dry, N, Daylight, Side Swipe, Not Injured, N, N
US, 2, 0, 0, 0, 2017, July, Saturday, 3:18 pm, 40, Dry, N, Daylight, Right Angle, Not Injured, N, N
US, 2, 0, 0, 0, 2017, July, Friday, 4:49 pm, 60, Dry, N, Daylight, Rear End, Not Injured, N, N
US, 2, 0, 0, 0, 2017, July, Saturday, 3:23 pm, 40, Dry, N, Daylight, Right Angle, Minor Injury, N, N
US, 2, 0, 0, 0, 2017, July, Saturday, 4:41 pm, 60, Dry, N, Daylight, Right Angle, Not Injured, N, N
US, 2, 0, 0, 0, 2017, July, Saturday, 12:55 am, 70, Dry, N, Daylight, Rear End, Not Injured, N, N
US, 6, 0, 0, 1, 2017, July, Saturday, 4:11 pm, 90, Dry, N, Daylight, Rear End, Minor Injury, N, N
US, 2, 0, 0, 0, 2017, July, Saturday, 7:00 pm, 40, Dry, N, Daylight, Rear End, Not Injured, N, N
US, 2, 0, 0, 0, 2017, July, Thursday, 4:30 pm, 40, Dry, N, Daylight, Rear End, Not Injured, N, N
US, 3, 0, 0, 0, 2017, July, Sunday, 10:17 am, 50, Dry, N, Daylight, Rear End, Not Injured, N, N
US, 2, 0, 0, 0, 2017, July, Sunday, 10:50 am, 40, Dry, N, Daylight, Side Swipe, Not Injured, N, N
US, 2, 0, 0, 1, 2017, July, Tuesday, 4:28 pm, 60, Dry, N, Daylight, Rear End, Minor Injury, N, N
US, 2, 0, 0, 0, 2017, July, Sunday, 1:00 pm, 60, Dry, N, Daylight, Right Angle, Not Injured, N, N
US, 2, 0, 0, 0, 2017, July, Saturday, 9:42 pm, 40, Dry, N, Night, Right Angle, Minor Injury, N, N
US, 2, 0, 0, 0, 2017, July, Saturday, 10:41 pm, 60, Dry, N, Night, Right Angle, Not Injured, N, N
US, 2, 0, 0, 0, 2017, July, Sunday, 3:09 pm, 60, Dry, N, Daylight, Right Angle, Minor Injury, N, N
US, 4, 0, 0, 1, 2017, July, Friday, 3:23 pm, 90, Dry, N, Daylight, Rear End, Minor Injury, N, N
US, 3, 0, 0, 0, 2017, July, Friday, 6:55 pm, 40, Dry, N, Daylight, Right Angle, Not Injured, N, N
US, 2, 0, 1, 0, 2017, July, Saturday, 10:08 pm, 60, Dry, N, Night, Right Angle, Major Injury, N, N
US, 3, 0, 0, 0, 2017, July, Sunday, 4:12 pm, 60, Dry, N, Daylight, Head On, Minor Injury, N, N
US, 2, 0, 0, 0, 2017, May, Monday, 3:01 am, 90, Dry, N, Night, Side Swipe, Not Injured, Y, N
US, 2, 0, 0, 0, 2017, July, Saturday, 6:10 am, 90, Dry, N, Daylight, Rear End, Not Injured, N, N
US, 3, 0, 0, 0, 2017, July, Friday, 3:25 pm, 60, Dry, N, Daylight, Rear End, Not Injured, N, N
US, 3, 0, 0, 0, 2017, July, Monday, 8:36 am, 60, Dry, N, Daylight, Rear End, Not Injured, N, N
US, 3, 0, 0, 0, 2017, July, Monday, 9:21 am, 60, Dry, N, Daylight, Right Angle, Minor Injury, N, N
US, 2, 0, 0, 0, 2017, July, Monday, 2:38 pm, 60, Dry, N, Daylight, Right Angle, Not Injured, N, N
US, 2, 0, 0, 0, 2017, July, Monday, 4:00 pm, 60, Dry, N, Daylight, Rear End, Not Injured, N, N
US, 2, 0, 0, 0, 2017, July, Sunday, 10:01 pm, 40, Dry, N, Night, Side Swipe, Not Injured, N, N
US, 2, 0, 0, 0, 2017, July, Monday, 4:05 pm, 40, Dry, N, Daylight, Rear End, Minor Injury, N, N
US, 2, 0, 0, 0, 2017, July, Thursday, 12:30 am, 20, Wet, Y, Daylight, Right Angle, Not Injured, N, N
US, 2, 0, 0, 2, 2017, July, Saturday, 4:36 pm, 70, Dry, N, Daylight, Right Angle, Minor Injury, N, N
US, 3, 0, 0, 2, 2017, July, Monday, 5:35 pm, 40, Dry, N, Daylight, Hit Pedestrian, Minor Injury, N, N
US, 2, 0, 0, 0, 2017, July, Monday, 7:50 pm, 40, Dry, N, Night, Right Angle, Not Injured, N, N
US, 2, 0, 0, 0, 2017, July, Monday, 1:09 pm, 90, Dry, N, Daylight, Rear End, Not Injured, N, N
US, 2, 0, 0, 0, 2017, July, Tuesday, 8:08 am, 60, Dry, N, Daylight, Right Angle, Not Injured, N, N
US, 2, 0, 0, 0, 2017, July, Tuesday, 9:15 am, 40, Dry, N, Daylight, Hit Pedestrian, Minor Injury, N, N
US, 2, 0, 0, 0, 2017, July, Tuesday, 11:35 am, 60, Dry, N, Daylight, Right Angle, Not Injured, N, N
US, 2, 0, 0, 0, 2017, July, Tuesday, 12:00 am, 40, Dry, N, Daylight, Right Angle, Not Injured, N, N
US, 2, 0, 0, 0, 2017, July, Tuesday, 1:55 pm, 60, Dry, N, Daylight, Rear End, Not Injured, N, N
US, 2, 0, 0, 1, 2017, July, Tuesday, 2:25 pm, 40, Dry, N, Daylight, Right Angle, Minor Injury, N, N
US, 2, 0, 0, 0, 2017, July, Tuesday, 4:30 pm, 20, Dry, N, Daylight, Side Swipe, Not Injured, N, N
US, 2, 0, 0, 0, 2017, July, Tuesday, 3:45 pm, 40, Dry, N, Daylight, Side Swipe, Not Injured, N, N
US, 2, 0, 0, 0, 2017, July, Tuesday, 4:35 pm, 60, Dry, N, Daylight, Rear End, Not Injured, N, N
US, 3, 0, 0, 0, 2017, July, Tuesday, 5:21 pm, 60, Dry, N, Daylight, Rear End, Not Injured, N, N
US, 2, 0, 0, 0, 2017, July, Monday, 11:03 am, 30, Dry, N, Daylight, Right Angle, Not Injured, N, N
US, 2, 0, 0, 1, 2017, July, Monday, 2:44 pm, 60, Dry, N, Daylight, Right Angle, Minor Injury, N, N
US, 2, 0, 0, 0, 2017, July, Wednesday, 7:40 am, 60, Dry, N, Daylight, Rear End, Not Injured, N, N
US, 3, 0, 0, 0, 2017, July, Wednesday, 7:56 am, 60, Dry, N, Daylight, Rear End, Not Injured, N, N
US, 2, 0, 0, 0, 2017, July, Tuesday, 2:14 pm, 60, Dry, N, Daylight, Side Swipe, Not Injured, N, N
US, 2, 0, 0, 0, 2017, July, Wednesday, 8:51 am, 40, Dry, N, Daylight, Head On, Not Injured, N, N
US, 2, 0, 0, 0, 2017, July, Wednesday, 12:20 am, 40, Dry, N, Daylight, Right Angle, Not Injured, N, N
US, 2, 0, 0, 0, 2017, July, Tuesday, 5:30 pm, 60, Dry, N, Daylight, Rear End, Not Injured, N, N
US, 2, 0, 0, 0, 2017, July, Tuesday, 5:55 pm, 40, Dry, N, Daylight, Rear End, Not Injured, N, N
US, 2, 0, 0, 0, 2017, July, Tuesday, 2:56 pm, 90, Dry, N, Daylight, Rear End, Not Injured, N, N
US, 2, 0, 0, 0, 2017, July, Wednesday, 6:26 pm, 60, Dry, N, Daylight, Rear End, Not Injured, N, N
US, 2, 0, 0, 2, 2017, July, Wednesday, 7:00 pm, 50, Dry, N, Daylight, Right Angle, Minor Injury, N, N
US, 2, 0, 1, 0, 2017, July, Wednesday, 9:45 pm, 60, Dry, N, Night, Hit Pedestrian, Major Injury, N, N
US, 3, 0, 0, 0, 2017, July, Monday, 8:41 pm, 40, Wet, Y, Daylight, Side Swipe, Not Injured, N, N
US, 2, 0, 0, 0, 2017, July, Saturday, 5:21 pm, 90, Dry, N, Daylight, Right Angle, Not Injured, N, N
US, 3, 0, 0, 0, 2017, July, Sunday, 12:01 am, 90, Dry, N, Daylight, Rear End, Minor Injury, N, N
US, 2, 0, 0, 0, 2017, May, Wednesday, 5:30 pm, 40, Wet, Y, Daylight, Rear End, Not Injured, N, N
US, 2, 0, 0, 0, 2017, July, Thursday, 8:54 am, 40, Dry, N, Daylight, Right Angle, Not Injured, N, N
US, 2, 0, 0, 3, 2017, July, Thursday, 9:00 am, 40, Dry, N, Daylight, Right Angle, Minor Injury, N, N
US, 2, 0, 0, 0, 2017, July, Thursday, 7:15 am, 60, Dry, N, Daylight, Rear End, Not Injured, N, N
US, 2, 0, 0, 0, 2017, June, Wednesday, 4:29 pm, 60, Dry, N, Daylight, Rear End, Not Injured, N, N
US, 2, 0, 0, 0, 2017, July, Monday, 1:28 pm, 60, Dry, N, Daylight, Right Angle, Minor Injury, N, N
US, 2, 0, 0, 1, 2017, July, Thursday, 1:20 pm, 70, Dry, N, Daylight, Head On, Minor Injury, N, N
US, 4, 0, 0, 0, 2017, July, Wednesday, 9:15 pm, 40, Dry, N, Night, Side Swipe, Not Injured, N, N
US, 2, 0, 0, 0, 2017, July, Thursday, 3:00 pm, 40, Dry, N, Daylight, Side Swipe, Not Injured, N, N
US, 2, 0, 0, 0, 2017, July, Thursday, 3:38 pm, 60, Dry, N, Daylight, Rear End, Not Injured, N, N
US, 2, 0, 0, 0, 2017, July, Monday, 6:47 pm, 40, Dry, N, Daylight, Right Angle, Not Injured, N, N
US, 2, 0, 0, 0, 2017, July, Monday, 4:10 pm, 60, Dry, N, Daylight, Rear End, Not Injured, N, N
US, 2, 0, 0, 0, 2017, July, Thursday, 5:45 pm, 40, Dry, N, Daylight, Right Angle, Not Injured, N, N
US, 3, 0, 0, 1, 2017, July, Thursday, 2:23 pm, 60, Dry, N, Daylight, Rear End, Minor Injury, N, N
US, 2, 0, 0, 0, 2017, July, Friday, 4:47 pm, 40, Dry, N, Daylight, Right Angle, Not Injured, N, N
US, 2, 0, 0, 0, 2017, July, Thursday, 11:20 pm, 40, Dry, N, Night, Right Angle, Not Injured, N, N
US, 2, 0, 0, 1, 2017, July, Friday, 2:35 am, 60, Dry, N, Night, Rear End, Minor Injury, N, N
US, 2, 0, 0, 0, 2017, July, Friday, 9:17 am, 90, Wet, N, Daylight, Rear End, Not Injured, N, N
US, 2, 0, 0, 0, 2017, July, Thursday, 12:53 am, 40, Dry, N, Daylight, Right Angle, Minor Injury, N, N
US, 2, 0, 0, 0, 2017, July, Wednesday, 5:52 pm, 40, Dry, N, Daylight, Right Angle, Not Injured, N, N
US, 2, 0, 0, 0, 2017, July, Friday, 8:54 am, 40, Dry, N, Daylight, Right Angle, Not Injured, N, N
US, 2, 0, 0, 0, 2017, July, Thursday, 5:05 pm, 50, Dry, N, Daylight, Right Angle, Not Injured, N, N
US, 3, 0, 0, 0, 2017, July, Friday, 9:30 am, 40, Dry, N, Daylight, Side Swipe, Not Injured, N, N
US, 3, 0, 0, 0, 2017, July, Friday, 11:40 am, 40, Dry, N, Daylight, Right Angle, Not Injured, N, N
US, 2, 0, 0, 2, 2017, July, Friday, 2:36 pm, 40, Dry, N, Daylight, Rear End, Minor Injury, N, N
US, 3, 0, 0, 0, 2017, July, Monday, 9:27 pm, 40, Dry, N, Night, Side Swipe, Not Injured, Y, N
US, 2, 0, 0, 0, 2017, July, Saturday, 2:03 pm, 90, Dry, N, Daylight, Side Swipe, Not Injured, N, N
US, 2, 0, 0, 0, 2017, July, Friday, 3:45 pm, 40, Dry, N, Daylight, Right Angle, Not Injured, N, N
US, 2, 0, 0, 0, 2017, July, Friday, 4:30 pm, 60, Dry, N, Daylight, Rear End, Not Injured, N, N
US, 3, 0, 0, 0, 2017, July, Sunday, 4:25 pm, 60, Dry, N, Daylight, Rear End, Not Injured, N, N
US, 2, 0, 0, 0, 2017, July, Friday, 5:25 pm, 60, Dry, N, Daylight, Rear End, Not Injured, N, N
US, 2, 0, 0, 0, 2017, July, Friday, 6:25 am, 50, Dry, N, Daylight, Rear End, Minor Injury, N, N
US, 3, 0, 0, 0, 2017, July, Friday, 7:36 pm, 50, Dry, N, Daylight, Side Swipe, Not Injured, N, N
US, 4, 0, 0, 2, 2017, July, Saturday, 12:30 am, 60, Dry, N, Night, Right Angle, Minor Injury, Y, N
US, 2, 0, 0, 0, 2017, July, Wednesday, 6:34 pm, 40, Dry, N, Daylight, Rear End, Not Injured, N, N
US, 2, 0, 0, 1, 2017, July, Friday, 8:39 pm, 40, Dry, N, Night, Right Angle, Minor Injury, N, N
US, 2, 0, 0, 0, 2017, July, Saturday, 10:25 am, 60, Wet, Y, Daylight, Rear End, Not Injured, N, N
US, 2, 0, 0, 0, 2017, July, Saturday, 12:00 am, 40, Wet, Y, Daylight, Rear End, Not Injured, N, N
US, 2, 0, 0, 0, 2017, July, Sunday, 9:00 pm, 40, Dry, N, Night, Side Swipe, Not Injured, Y, N
US, 2, 0, 0, 0, 2017, July, Friday, 10:00 pm, 60, Dry, N, Night, Rear End, Not Injured, N, N
US, 2, 0, 0, 0, 2017, July, Saturday, 4:15 pm, 40, Dry, N, Daylight, Right Angle, Not Injured, N, N
US, 3, 0, 0, 0, 2017, July, Saturday, 3:08 pm, 40, Dry, N, Daylight, Right Angle, Not Injured, N, N
US, 2, 0, 0, 0, 2017, July, Saturday, 6:30 pm, 60, Dry, N, Daylight, Right Angle, Not Injured, N, N
US, 2, 0, 1, 0, 2017, July, Saturday, 3:05 pm, 40, Dry, N, Daylight, Rear End, Major Injury, N, N
US, 2, 0, 0, 0, 2017, July, Saturday, 9:06 pm, 40, Dry, N, Night, Head On, Not Injured, N, N
US, 2, 0, 0, 0, 2017, July, Friday, 11:35 am, 40, Dry, N, Daylight, Head On, Not Injured, N, N
US, 2, 0, 0, 2, 2017, July, Friday, 12:58 am, 60, Dry, N, Daylight, Rear End, Minor Injury, N, N
US, 2, 0, 0, 0, 2017, July, Tuesday, 8:15 am, 40, Dry, N, Daylight, Rear End, Not Injured, N, N
US, 2, 0, 0, 0, 2017, July, Thursday, 10:20 pm, 40, Dry, N, Night, Rear End, Not Injured, Y, N
US, 2, 0, 0, 0, 2017, July, Sunday, 2:04 pm, 30, Wet, Y, Daylight, Side Swipe, Minor Injury, N, N
US, 2, 0, 0, 0, 2017, July, Sunday, 3:21 pm, 60, Dry, N, Daylight, Rear End, Not Injured, N, N
US, 3, 0, 0, 0, 2017, July, Sunday, 4:04 pm, 50, Dry, N, Daylight, Rear End, Not Injured, N, N
US, 2, 0, 0, 0, 2017, July, Sunday, 6:05 pm, 20, Dry, N, Daylight, Right Angle, Not Injured, N, N
US, 3, 0, 0, 0, 2017, July, Tuesday, 10:00 pm, 60, Dry, N, Night, Rear End, Minor Injury, Y, N
US, 2, 0, 0, 0, 2017, July, Wednesday, 5:27 pm, 40, Dry, N, Daylight, Rear End, Not Injured, N, N
US, 2, 0, 0, 0, 2017, July, Monday, 7:18 am, 60, Dry, N, Daylight, Rear End, Not Injured, N, N
US, 2, 0, 0, 0, 2017, July, Monday, 5:30 pm, 60, Dry, N, Daylight, Right Angle, Not Injured, N, N
US, 4, 0, 1, 0, 2017, July, Monday, 10:55 am, 40, Dry, N, Daylight, Right Angle, Major Injury, N, N
US, 2, 0, 0, 0, 2017, July, Friday, 8:05 am, 40, Dry, N, Daylight, Rear End, Minor Injury, N, N
US, 3, 0, 0, 0, 2017, July, Monday, 3:23 pm, 60, Dry, N, Daylight, Right Angle, Not Injured, N, N
US, 2, 0, 1, 0, 2017, July, Monday, 2:28 pm, 40, Dry, N, Daylight, Right Angle, Major Injury, N, N
US, 3, 0, 0, 0, 2017, July, Wednesday, 4:21 pm, 70, Dry, N, Daylight, Rear End, Not Injured, N, N
US, 3, 0, 1, 0, 2017, July, Monday, 3:26 pm, 40, Dry, N, Daylight, Right Angle, Major Injury, N, N
US, 3, 0, 0, 0, 2017, July, Monday, 4:31 pm, 90, Dry, N, Daylight, Rear End, Not Injured, N, N
US, 2, 0, 0, 0, 2017, July, Thursday, 6:40 am, 90, Dry, N, Daylight, Rear End, Not Injured, N, N
US, 3, 0, 0, 0, 2017, July, Monday, 4:34 pm, 60, Dry, N, Daylight, Side Swipe, Minor Injury, N, N
US, 2, 0, 0, 1, 2017, July, Sunday, 12:50 am, 40, Wet, Y, Daylight, Rear End, Minor Injury, N, N
US, 5, 0, 0, 2, 2017, July, Friday, 6:20 am, 90, Dry, N, Daylight, Rear End, Minor Injury, N, N
US, 2, 0, 0, 1, 2017, July, Saturday, 8:16 pm, 90, Dry, N, Daylight, Rear End, Minor Injury, N, N
US, 2, 0, 0, 0, 2017, July, Sunday, 11:49 am, 90, Dry, N, Daylight, Side Swipe, Not Injured, N, N
US, 2, 0, 0, 0, 2017, July, Monday, 6:19 pm, 40, Dry, N, Daylight, Right Angle, Not Injured, N, N
US, 2, 0, 0, 0, 2017, July, Monday, 7:46 pm, 40, Dry, N, Daylight, Head On, Minor Injury, N, N
US, 2, 0, 0, 0, 2017, July, Monday, 8:15 pm, 40, Dry, N, Daylight, Right Angle, Not Injured, N, N
US, 2, 0, 0, 0, 2017, July, Monday, 8:35 pm, 40, Dry, N, Night, Hit Pedestrian, Minor Injury, N, N
US, 2, 0, 0, 0, 2017, May, Sunday, 3:37 pm, 40, Dry, N, Daylight, Head On, Not Injured, N, N
US, 2, 0, 0, 0, 2017, July, Tuesday, 6:29 am, 40, Dry, N, Daylight, Rear End, Not Injured, N, N
US, 2, 0, 0, 0, 2017, July, Monday, 5:09 pm, 70, Dry, N, Daylight, Right Angle, Not Injured, N, N
US, 2, 0, 0, 0, 2017, July, Tuesday, 8:21 am, 40, Dry, N, Daylight, Side Swipe, Not Injured, N, N
US, 2, 0, 0, 0, 2017, July, Tuesday, 8:05 am, 40, Dry, N, Daylight, Right Angle, Not Injured, N, N
US, 2, 0, 0, 0, 2017, July, Tuesday, 8:33 am, 40, Dry, N, Daylight, Side Swipe, Minor Injury, N, N
US, 2, 0, 0, 0, 2017, July, Saturday, 2:20 pm, 40, Dry, N, Daylight, Right Angle, Minor Injury, N, N
US, 2, 0, 0, 1, 2017, July, Monday, 2:13 pm, 60, Dry, N, Daylight, Rear End, Minor Injury, N, N
US, 2, 0, 0, 0, 2017, July, Monday, 1:01 pm, 70, Wet, Y, Daylight, Rear End, Not Injured, N, N
US, 2, 0, 0, 0, 2017, July, Tuesday, 1:19 pm, 20, Dry, N, Daylight, Right Angle, Minor Injury, N, N
US, 2, 0, 0, 0, 2017, July, Tuesday, 1:25 pm, 40, Dry, N, Daylight, Side Swipe, Not Injured, N, N
US, 2, 0, 0, 0, 2017, July, Tuesday, 2:34 pm, 60, Dry, N, Daylight, Head On, Not Injured, N, N
US, 2, 0, 0, 0, 2017, July, Tuesday, 2:51 pm, 60, Dry, N, Daylight, Right Angle, Not Injured, N, N
US, 2, 0, 0, 1, 2017, July, Tuesday, 3:35 pm, 40, Dry, N, Daylight, Side Swipe, Minor Injury, N, N
US, 2, 0, 0, 0, 2017, July, Thursday, 5:40 am, 90, Dry, N, Night, Right Angle, Minor Injury, N, N
US, 4, 0, 0, 0, 2017, July, Sunday, 12:53 am, 90, Dry, N, Daylight, Rear End, Not Injured, N, N
US, 2, 0, 0, 0, 2017, July, Tuesday, 4:48 pm, 40, Dry, N, Daylight, Rear End, Not Injured, N, N
US, 2, 0, 0, 0, 2017, July, Saturday, 7:55 pm, 50, Wet, Y, Daylight, Head On, Not Injured, N, N
US, 4, 0, 0, 0, 2017, July, Tuesday, 6:18 pm, 60, Dry, N, Daylight, Rear End, Not Injured, N, N
US, 2, 0, 0, 2, 2017, July, Saturday, 4:24 am, 70, Dry, N, Night, Right Angle, Minor Injury, N, N
US, 2, 0, 0, 1, 2017, July, Saturday, 12:52 am, 40, Dry, N, Night, Head On, Minor Injury, N, N
US, 2, 0, 0, 0, 2017, July, Saturday, 1:35 pm, 60, Dry, N, Daylight, Rear End, Minor Injury, N, N
US, 2, 0, 0, 0, 2017, July, Tuesday, 10:12 am, 40, Dry, N, Daylight, Rear End, Not Injured, N, N
US, 2, 0, 0, 0, 2017, July, Wednesday, 7:35 am, 40, Dry, N, Daylight, Right Angle, Minor Injury, N, N
US, 2, 0, 0, 0, 2017, July, Wednesday, 8:20 am, 40, Dry, N, Daylight, Head On, Not Injured, N, N
US, 2, 0, 0, 0, 2017, July, Wednesday, 9:11 am, 40, Dry, N, Daylight, Right Angle, Not Injured, N, N
US, 2, 0, 0, 0, 2017, July, Wednesday, 11:42 am, 40, Dry, N, Daylight, Rear End, Not Injured, N, N
US, 2, 0, 0, 1, 2017, July, Wednesday, 1:21 pm, 60, Dry, N, Daylight, Side Swipe, Minor Injury, N, N
US, 2, 0, 0, 0, 2017, July, Wednesday, 2:43 pm, 40, Dry, N, Daylight, Right Angle, Not Injured, N, N
US, 2, 0, 0, 0, 2017, July, Sunday, 5:59 pm, 40, Dry, N, Daylight, Right Angle, Minor Injury, N, N
US, 2, 0, 0, 1, 2017, May, Tuesday, 5:57 am, 90, Dry, N, Daylight, Side Swipe, Minor Injury, N, N
US, 2, 0, 0, 0, 2017, July, Tuesday, 8:51 am, 90, Dry, N, Daylight, Rear End, Not Injured, N, N
US, 2, 0, 0, 0, 2017, July, Wednesday, 5:29 pm, 30, Dry, N, Daylight, Right Angle, Not Injured, N, N
US, 2, 0, 0, 0, 2017, July, Wednesday, 5:10 pm, 40, Dry, N, Daylight, Side Swipe, Not Injured, N, N
US, 3, 0, 0, 0, 2017, July, Wednesday, 5:15 pm, 40, Dry, N, Daylight, Rear End, Minor Injury, N, N