Nation,Total Units,Total Fatalities,Total Serious Injuries,Total Minor Injuries,Year,Month,Day,Time,Speed Limit,Moisture,Adverse Weather Conditions,DayNight,Crash Type,Crash Severity,Alcohol Related ,Drug Related
US, 2, 0, 0, 0, 2017, July, Thursday, 6:30 pm, 60, Dry, N, Daylight, Head On, Minor Injury, N, N
US, 3, 0, 0, 0, 2017, July, Thursday, 10:15 pm, 70, Dry, N, Night, Head On, Not Injured, N, N
US, 2, 0, 0, 0, 2017, July, Wednesday, 9:11 pm, 40, Dry, N, Night, Rear End, Not Injured, N, N
US, 2, 0, 0, 1, 2017, July, Tuesday, 11:17 pm, 40, Dry, N, Night, Side Swipe, Minor Injury, N, N
US, 2, 0, 1, 0, 2017, July, Wednesday, 7:02 pm, 40, Dry, N, Daylight, Right Angle, Major Injury, N, N
US, 4, 0, 0, 0, 2017, July, Wednesday, 4:16 pm, 90, Dry, N, Daylight, Rear End, Not Injured, N, N
US, 2, 0, 0, 0, 2017, July, Wednesday, 12:50 am, 60, Dry, N, Daylight, Right Angle, Not Injured, N, N
US, 2, 0, 0, 2, 2017, July, Wednesday, 10:54 am, 40, Dry, N, Daylight, Rear End, Minor Injury, N, N
US, 2, 0, 0, 0, 2017, July, Saturday, 2:20 pm, 60, Dry, N, Daylight, Rear End, Not Injured, N, N
US, 2, 0, 0, 0, 2017, July, Monday, 1:40 pm, 60, Dry, N, Daylight, Rear End, Not Injured, N, N
US, 2, 0, 0, 0, 2017, July, Thursday, 12:30 am, 40, Dry, N, Daylight, Right Angle, Not Injured, N, N
US, 3, 0, 0, 0, 2017, July, Wednesday, 2:46 pm, 40, Dry, N, Daylight, Rear End, Not Injured, N, N
US, 2, 0, 0, 0, 2017, July, Tuesday, 8:10 pm, 40, Dry, N, Night, Right Angle, Not Injured, N, N
US, 3, 0, 0, 1, 2017, July, Thursday, 3:40 pm, 40, Dry, N, Daylight, Rear End, Minor Injury, N, N
US, 2, 0, 0, 0, 2017, July, Thursday, 3:35 pm, 40, Dry, N, Daylight, Right Angle, Not Injured, N, N
US, 2, 0, 0, 0, 2017, July, Thursday, 4:00 pm, 60, Dry, N, Daylight, Side Swipe, Not Injured, N, N
US, 3, 0, 0, 0, 2017, July, Thursday, 4:35 pm, 40, Dry, N, Daylight, Right Angle, Not Injured, N, N
US, 2, 0, 0, 0, 2017, July, Wednesday, 6:00 pm, 70, Dry, N, Daylight, Rear End, Not Injured, N, N
US, 3, 0, 0, 0, 2017, July, Wednesday, 1:35 pm, 90, Dry, N, Daylight, Rear End, Not Injured, N, N
US, 2, 0, 0, 0, 2017, July, Wednesday, 5:13 pm, 40, Dry, N, Daylight, Right Angle, Not Injured, N, N
US, 2, 0, 0, 1, 2017, July, Thursday, 3:37 pm, 60, Dry, N, Daylight, Rear End, Minor Injury, N, N
US, 2, 0, 0, 0, 2017, July, Thursday, 6:50 pm, 60, Dry, N, Daylight, Rear End, Not Injured, N, N
US, 4, 0, 0, 0, 2017, July, Thursday, 6:13 pm, 50, Dry, N, Daylight, Right Angle, Minor Injury, N, N
US, 2, 0, 0, 0, 2017, July, Thursday, 7:25 pm, 40, Dry, N, Daylight, Right Angle, Not Injured, N, N
US, 2, 0, 0, 1, 2017, July, Wednesday, 11:20 am, 60, Dry, N, Daylight, Rear End, Minor Injury, N, N
US, 2, 1, 0, 0, 2017, July, Thursday, 1:47 pm, 40, Dry, N, Daylight, Right Angle, Fatal, N, N
US, 2, 0, 0, 1, 2017, July, Thursday, 10:15 pm, 40, Wet, N, Night, Rear End, Minor Injury, Y, N
US, 2, 0, 0, 1, 2017, July, Thursday, 11:30 pm, 40, Dry, N, Night, Rear End, Minor Injury, N, N
US, 2, 0, 0, 0, 2017, July, Friday, 6:50 am, 60, Dry, N, Daylight, Rear End, Not Injured, N, N
US, 2, 0, 0, 0, 2017, July, Friday, 8:30 am, 60, Dry, N, Daylight, Rear End, Not Injured, N, N
US, 2, 0, 0, 0, 2017, July, Friday, 9:50 am, 40, Dry, N, Daylight, Right Angle, Not Injured, N, N
US, 2, 0, 1, 0, 2017, July, Wednesday, 6:38 pm, 60, Dry, N, Daylight, Rear End, Major Injury, Y, N
US, 2, 0, 0, 0, 2017, July, Friday, 2:37 pm, 60, Dry, N, Daylight, Rear End, Not Injured, N, N
US, 5, 0, 0, 0, 2017, July, Thursday, 11:09 pm, 60, Wet, Y, Night, Rear End, Not Injured, N, N
US, 2, 0, 0, 0, 2017, July, Thursday, 7:45 pm, 40, Dry, N, Daylight, Right Angle, Minor Injury, N, N
US, 2, 0, 0, 1, 2017, July, Wednesday, 1:13 pm, 40, Dry, N, Daylight, Rear End, Minor Injury, N, N
US, 2, 0, 0, 2, 2017, July, Friday, 3:30 pm, 90, Dry, N, Daylight, Right Angle, Minor Injury, N, N
US, 2, 0, 0, 0, 2017, July, Friday, 4:00 pm, 90, Dry, N, Daylight, Rear End, Minor Injury, N, N
US, 2, 0, 0, 0, 2017, July, Thursday, 8:42 pm, 50, Dry, N, Night, Right Angle, Not Injured, N, N
US, 2, 0, 0, 0, 2017, July, Friday, 5:20 pm, 40, Dry, N, Daylight, Head On, Minor Injury, N, N
US, 2, 0, 0, 0, 2017, July, Monday, 6:50 pm, 40, Dry, N, Daylight, Right Angle, Not Injured, N, N
US, 2, 0, 0, 0, 2017, July, Friday, 6:45 pm, 40, Wet, Y, Daylight, Rear End, Not Injured, N, N
US, 3, 0, 0, 0, 2017, July, Friday, 4:10 pm, 40, Wet, Y, Daylight, Rear End, Not Injured, N, N
US, 2, 0, 0, 0, 2017, July, Friday, 8:20 pm, 40, Wet, Y, Night, Right Angle, Not Injured, N, N
US, 2, 0, 0, 0, 2017, July, Friday, 8:10 pm, 40, Wet, Y, Night, Right Angle, Not Injured, N, N
US, 2, 0, 0, 0, 2017, July, Friday, 8:00 pm, 40, Wet, Y, Daylight, Side Swipe, Not Injured, N, N
US, 2, 0, 0, 1, 2017, July, Saturday, 1:36 am, 60, Wet, Y, Night, Rear End, Minor Injury, N, N
US, 3, 0, 0, 0, 2017, July, Saturday, 2:04 am, 40, Wet, Y, Night, Rear End, Not Injured, N, N
US, 2, 0, 0, 1, 2017, July, Friday, 11:00 pm, 40, Wet, Y, Night, Right Angle, Minor Injury, N, N
US, 3, 0, 0, 1, 2017, July, Friday, 5:51 am, 40, Dry, N, Daylight, Rear End, Minor Injury, N, N
US, 4, 0, 0, 0, 2017, July, Saturday, 1:13 am, 40, Wet, Y, Night, Side Swipe, Not Injured, N, N
US, 2, 0, 0, 2, 2017, July, Saturday, 4:26 am, 60, Wet, Y, Night, Head On, Minor Injury, Y, N
US, 2, 0, 0, 0, 2017, July, Friday, 8:10 am, 110, Dry, N, Daylight, Rear End, Not Injured, N, N
US, 2, 0, 0, 0, 2017, July, Wednesday, 7:03 am, 70, Dry, N, Daylight, Rear End, Not Injured, N, N
US, 2, 0, 0, 1, 2017, July, Friday, 10:01 am, 40, Dry, N, Daylight, Right Angle, Minor Injury, N, N
US, 2, 0, 0, 0, 2017, July, Saturday, 12:45 am, 60, Dry, N, Daylight, Right Angle, Not Injured, N, N
US, 2, 0, 0, 0, 2017, July, Friday, 7:42 pm, 60, Wet, Y, Daylight, Rear End, Minor Injury, N, N
US, 2, 0, 0, 0, 2017, July, Saturday, 2:24 pm, 60, Dry, N, Daylight, Right Angle, Minor Injury, N, N
US, 2, 0, 0, 0, 2017, July, Saturday, 3:50 pm, 60, Dry, N, Daylight, Rear End, Not Injured, N, N
US, 2, 0, 0, 0, 2017, May, Wednesday, 8:05 am, 90, Dry, N, Daylight, Rear End, Minor Injury, N, N
US, 4, 0, 0, 1, 2017, May, Tuesday, 5:57 am, 90, Dry, N, Daylight, Rear End, Minor Injury, N, N
US, 2, 0, 0, 0, 2017, July, Friday, 3:11 pm, 110, Dry, N, Daylight, Rear End, Not Injured, N, N
US, 2, 0, 0, 0, 2017, July, Saturday, 5:28 pm, 70, Dry, N, Daylight, Right Angle, Not Injured, N, N
US, 2, 0, 0, 0, 2017, July, Friday, 9:40 pm, 30, Wet, Y, Night, Side Swipe, Not Injured, N, N
US, 3, 0, 1, 0, 2017, July, Wednesday, 5:56 pm, 60, Dry, N, Daylight, Side Swipe, Major Injury, N, N
US, 2, 0, 0, 0, 2017, July, Saturday, 7:05 pm, 40, Dry, N, Daylight, Right Angle, Not Injured, N, N
US, 2, 0, 0, 0, 2017, July, Saturday, 7:04 pm, 40, Dry, N, Daylight, Right Angle, Not Injured, N, N
US, 4, 0, 0, 0, 2017, July, Saturday, 8:13 pm, 40, Dry, N, Daylight, Rear End, Minor Injury, N, N
US, 2, 0, 0, 2, 2017, July, Saturday, 8:32 pm, 40, Dry, N, Night, Right Angle, Minor Injury, N, N
US, 2, 0, 0, 0, 2017, July, Tuesday, 4:59 pm, 70, Dry, N, Daylight, Rear End, Not Injured, N, N
US, 2, 0, 0, 1, 2017, July, Saturday, 8:01 pm, 40, Dry, N, Night, Rear End, Minor Injury, N, N
US, 2, 0, 0, 0, 2017, July, Monday, 9:52 am, 60, Dry, N, Daylight, Rear End, Not Injured, N, N
US, 2, 0, 0, 0, 2017, July, Saturday, 12:40 am, 70, Dry, N, Daylight, Right Angle, Minor Injury, N, N
US, 2, 0, 0, 1, 2017, July, Wednesday, 11:45 am, 40, Dry, N, Daylight, Right Angle, Minor Injury, N, N
US, 2, 0, 0, 1, 2017, July, Saturday, 5:20 pm, 70, Dry, N, Daylight, Rear End, Minor Injury, N, N
US, 2, 0, 0, 0, 2017, July, Sunday, 4:50 pm, 60, Dry, N, Daylight, Right Angle, Not Injured, N, N
US, 3, 0, 0, 3, 2017, July, Saturday, 8:16 pm, 40, Dry, N, Daylight, Rear End, Minor Injury, N, N
US, 3, 0, 0, 1, 2017, July, Sunday, 7:05 pm, 40, Dry, N, Daylight, Right Angle, Minor Injury, N, N
US, 2, 0, 0, 0, 2017, July, Saturday, 9:45 pm, 40, Dry, N, Night, Right Angle, Not Injured, N, N
US, 2, 0, 0, 0, 2017, July, Sunday, 1:30 am, 40, Dry, N, Night, Head On, Not Injured, N, N
US, 2, 0, 0, 1, 2017, July, Friday, 5:42 pm, 20, Wet, Y, Daylight, Right Angle, Minor Injury, Y, N
US, 2, 0, 0, 0, 2017, July, Sunday, 11:20 pm, 60, Dry, N, Night, Right Angle, Not Injured, N, N
US, 2, 0, 0, 0, 2017, July, Thursday, 1:39 pm, 40, Dry, N, Daylight, Side Swipe, Not Injured, N, N
US, 2, 0, 0, 0, 2017, July, Thursday, 8:17 am, 90, Dry, N, Daylight, Rear End, Not Injured, N, N
US, 2, 0, 0, 0, 2017, July, Thursday, 4:41 pm, 60, Dry, N, Daylight, Side Swipe, Not Injured, N, N
US, 2, 0, 0, 0, 2017, July, Sunday, 2:21 pm, 60, Dry, N, Daylight, Right Angle, Not Injured, N, N
US, 3, 0, 0, 0, 2017, July, Monday, 8:55 am, 60, Dry, N, Daylight, Rear End, Not Injured, N, N
US, 2, 0, 0, 1, 2017, July, Sunday, 9:25 am, 50, Dry, N, Daylight, Rear End, Minor Injury, N, N
US, 4, 0, 0, 0, 2017, July, Thursday, 2:45 am, 40, Dry, N, Night, Side Swipe, Not Injured, Y, N
US, 2, 0, 0, 0, 2017, July, Thursday, 4:23 pm, 60, Dry, N, Daylight, Right Angle, Not Injured, N, N
US, 2, 0, 0, 0, 2017, July, Sunday, 1:58 am, 70, Dry, N, Night, Rear End, Minor Injury, Y, N
US, 2, 0, 0, 0, 2017, July, Monday, 7:10 pm, 40, Dry, N, Daylight, Head On, Not Injured, N, N
US, 2, 0, 0, 0, 2017, July, Monday, 3:10 pm, 40, Dry, N, Daylight, Right Angle, Minor Injury, N, N
US, 2, 0, 0, 2, 2017, July, Friday, 8:50 pm, 60, Wet, Y, Night, Rear End, Minor Injury, N, N
US, 2, 0, 0, 3, 2017, July, Monday, 2:40 pm, 60, Dry, N, Daylight, Side Swipe, Minor Injury, N, N
US, 3, 0, 0, 0, 2017, July, Monday, 3:41 pm, 40, Dry, N, Daylight, Right Angle, Not Injured, N, N
US, 2, 0, 0, 0, 2017, July, Monday, 4:00 pm, 60, Dry, N, Daylight, Rear End, Not Injured, N, N
US, 2, 0, 0, 0, 2017, July, Sunday, 4:10 am, 60, Dry, N, Night, Side Swipe, Not Injured, N, N
US, 2, 0, 0, 0, 2017, July, Friday, 4:47 pm, 40, Dry, N, Daylight, Rear End, Not Injured, N, N
US, 2, 0, 0, 0, 2017, July, Thursday, 10:58 pm, 90, Wet, Y, Night, Rear End, Not Injured, N, N
US, 2, 0, 0, 0, 2017, July, Friday, 11:28 am, 90, Dry, N, Daylight, Rear End, Not Injured, N, N
US, 2, 0, 0, 0, 2017, July, Saturday, 1:50 pm, 70, Dry, N, Daylight, Right Angle, Not Injured, N, N
US, 4, 0, 0, 0, 2017, May, Wednesday, 7:01 am, 90, Dry, N, Daylight, Rear End, Not Injured, N, N
US, 2, 0, 0, 0, 2017, July, Monday, 4:01 pm, 60, Dry, N, Daylight, Head On, Not Injured, N, N
US, 2, 0, 0, 0, 2017, July, Thursday, 5:17 pm, 40, Dry, N, Daylight, Right Angle, Not Injured, N, N
US, 2, 0, 0, 0, 2017, July, Monday, 4:50 pm, 60, Dry, N, Daylight, Head On, Not Injured, N, N
US, 2, 0, 0, 0, 2017, July, Monday, 11:44 am, 40, Dry, N, Daylight, Right Angle, Not Injured, N, N
US, 2, 0, 0, 0, 2017, July, Saturday, 12:32 am, 60, Wet, Y, Night, Right Angle, Minor Injury, Y, N
US, 2, 0, 0, 0, 2017, July, Saturday, 1:55 pm, 40, Dry, N, Daylight, Right Angle, Minor Injury, N, N
US, 2, 0, 0, 1, 2017, July, Monday, 3:07 pm, 30, Dry, N, Daylight, Right Angle, Minor Injury, N, N
US, 3, 0, 0, 0, 2017, July, Sunday, 11:50 am, 60, Dry, N, Daylight, Right Angle, Not Injured, N, N
US, 2, 0, 0, 0, 2017, July, Tuesday, 2:35 pm, 60, Dry, N, Daylight, Right Angle, Not Injured, N, N
US, 2, 0, 0, 0, 2017, July, Monday, 1:45 pm, 40, Dry, N, Daylight, Right Angle, Not Injured, N, N
US, 2, 0, 1, 0, 2017, August, Tuesday, 9:00 am, 40, Dry, N, Daylight, Right Angle, Major Injury, N, N
US, 2, 0, 0, 0, 2017, July, Monday, 5:40 pm, 40, Dry, N, Daylight, Right Angle, Not Injured, N, N
US, 2, 0, 0, 0, 2017, August, Tuesday, 1:05 pm, 60, Wet, N, Daylight, Right Angle, Not Injured, N, N
US, 2, 0, 0, 0, 2017, July, Monday, 9:20 am, 60, Dry, N, Daylight, Rear End, Not Injured, N, N
US, 2, 0, 0, 0, 2017, August, Tuesday, 4:01 pm, 40, Dry, N, Daylight, Right Angle, Not Injured, N, N
US, 2, 0, 0, 1, 2017, July, Friday, 4:26 pm, 40, Dry, N, Daylight, Right Angle, Minor Injury, N, N
US, 2, 0, 0, 0, 2017, May, Tuesday, 5:25 pm, 90, Dry, N, Daylight, Rear End, Not Injured, N, N
US, 2, 0, 0, 0, 2017, July, Sunday, 6:52 pm, 70, Dry, N, Daylight, Right Angle, Minor Injury, N, N
US, 2, 0, 0, 1, 2017, August, Tuesday, 1:10 pm, 40, Dry, N, Daylight, Rear End, Minor Injury, N, N
US, 2, 0, 0, 1, 2017, July, Sunday, 1:36 am, 90, Dry, N, Night, Rear End, Minor Injury, N, N
US, 2, 0, 0, 0, 2017, July, Sunday, 12:58 am, 90, Dry, N, Daylight, Rear End, Not Injured, N, N
US, 2, 0, 0, 0, 2017, August, Tuesday, 6:17 pm, 40, Dry, N, Daylight, Right Angle, Not Injured, N, N
US, 2, 0, 0, 0, 2017, August, Tuesday, 4:10 pm, 70, Dry, N, Daylight, Rear End, Not Injured, N, N
US, 2, 0, 0, 0, 2017, August, Tuesday, 7:00 pm, 40, Dry, N, Daylight, Rear End, Minor Injury, N, N
US, 2, 0, 0, 0, 2017, July, Friday, 1:00 pm, 90, Dry, N, Daylight, Rear End, Not Injured, N, N
US, 2, 0, 0, 0, 2017, July, Saturday, 10:45 am, 60, Dry, N, Daylight, Right Angle, Minor Injury, N, N
US, 3, 0, 0, 1, 2017, August, Tuesday, 6:55 am, 60, Dry, N, Daylight, Rear End, Minor Injury, N, N
US, 3, 0, 0, 0, 2017, August, Tuesday, 9:23 am, 60, Dry, N, Daylight, Rear End, Not Injured, N, N
US, 2, 0, 0, 0, 2017, August, Wednesday, 8:06 am, 40, Dry, N, Daylight, Rear End, Not Injured, N, N
US, 2, 0, 0, 1, 2017, August, Wednesday, 8:08 am, 50, Dry, N, Daylight, Side Swipe, Minor Injury, N, N
US, 2, 0, 0, 0, 2017, August, Wednesday, 9:00 am, 40, Dry, N, Daylight, Head On, Not Injured, N, N
US, 2, 0, 0, 0, 2017, August, Wednesday, 9:20 am, 60, Dry, N, Daylight, Rear End, Not Injured, N, N
US, 2, 0, 0, 0, 2017, August, Wednesday, 8:35 am, 60, Dry, N, Daylight, Right Angle, Not Injured, N, N
US, 2, 0, 0, 1, 2017, July, Sunday, 2:18 pm, 40, Dry, N, Daylight, Head On, Minor Injury, N, N
US, 2, 0, 0, 2, 2017, August, Wednesday, 9:34 am, 40, Dry, N, Daylight, Head On, Minor Injury, N, N
US, 3, 0, 0, 0, 2017, August, Wednesday, 11:03 am, 60, Dry, N, Daylight, Rear End, Not Injured, N, N
US, 2, 0, 0, 0, 2017, August, Tuesday, 11:02 am, 40, Dry, N, Daylight, Rear End, Not Injured, Y, N
US, 2, 0, 0, 0, 2017, August, Wednesday, 12:00 am, 40, Dry, N, Daylight, Right Angle, Not Injured, N, N
US, 2, 0, 0, 1, 2017, August, Wednesday, 5:10 pm, 40, Dry, N, Daylight, Hit Pedestrian, Minor Injury, N, N
US, 2, 0, 0, 0, 2017, July, Sunday, 3:58 pm, 90, Dry, N, Daylight, Side Swipe, Not Injured, N, N
US, 2, 0, 0, 0, 2017, August, Wednesday, 7:32 pm, 60, Wet, N, Daylight, Side Swipe, Not Injured, N, N
US, 3, 0, 0, 0, 2017, August, Wednesday, 4:52 pm, 70, Dry, N, Daylight, Rear End, Not Injured, N, N
US, 2, 0, 0, 0, 2017, August, Wednesday, 6:31 pm, 60, Dry, N, Daylight, Head On, Not Injured, N, N
US, 2, 0, 0, 0, 2017, August, Tuesday, 1:23 pm, 60, Dry, N, Daylight, Rear End, Not Injured, N, N
US, 2, 0, 0, 0, 2017, August, Wednesday, 5:09 pm, 40, Dry, N, Daylight, Side Swipe, Not Injured, N, N
US, 2, 0, 0, 0, 2017, July, Thursday, 10:53 am, 110, Wet, Y, Daylight, Rear End, Not Injured, N, N
US, 2, 0, 0, 0, 2017, August, Thursday, 7:00 am, 40, Dry, N, Daylight, Head On, Not Injured, N, N
US, 2, 0, 0, 0, 2017, July, Monday, 1:40 pm, 40, Dry, N, Daylight, Right Angle, Not Injured, N, N
US, 2, 0, 0, 0, 2017, August, Tuesday, 4:31 pm, 40, Dry, N, Daylight, Right Angle, Not Injured, N, N
US, 2, 0, 0, 0, 2017, August, Thursday, 7:41 am, 40, Dry, N, Daylight, Right Angle, Not Injured, N, N
US, 3, 0, 0, 0, 2017, July, Wednesday, 12:52 am, 60, Dry, N, Daylight, Rear End, Not Injured, N, N
US, 2, 0, 0, 0, 2017, August, Thursday, 12:16 am, 60, Dry, N, Daylight, Side Swipe, Not Injured, N, N
US, 2, 0, 0, 1, 2017, August, Thursday, 11:45 am, 30, Dry, N, Daylight, Hit Pedestrian, Minor Injury, N, N
US, 2, 0, 1, 0, 2017, August, Thursday, 11:07 am, 40, Dry, N, Daylight, Right Angle, Major Injury, N, N
US, 2, 0, 0, 0, 2017, August, Thursday, 3:48 pm, 40, Dry, N, Daylight, Right Angle, Not Injured, N, N
US, 2, 0, 0, 1, 2017, July, Thursday, 1:29 pm, 40, Dry, N, Daylight, Hit Pedestrian, Minor Injury, N, N
US, 4, 0, 0, 0, 2017, June, Thursday, 12:38 am, 90, Dry, N, Daylight, Rear End, Not Injured, N, N
US, 2, 0, 0, 0, 2017, August, Thursday, 5:02 pm, 40, Dry, N, Daylight, Side Swipe, Not Injured, N, N
US, 2, 0, 0, 0, 2017, August, Thursday, 6:00 pm, 90, Dry, N, Daylight, Rear End, Not Injured, Y, N
US, 2, 0, 0, 0, 2017, August, Thursday, 4:28 pm, 40, Dry, N, Daylight, Side Swipe, Not Injured, N, N
US, 2, 0, 0, 0, 2017, August, Thursday, 9:50 pm, 40, Dry, N, Night, Side Swipe, Not Injured, N, N
US, 3, 0, 1, 1, 2017, August, Thursday, 11:40 pm, 90, Dry, N, Night, Rear End, Major Injury, N, N
US, 2, 0, 0, 1, 2017, August, Thursday, 3:50 pm, 40, Dry, N, Daylight, Right Angle, Minor Injury, N, N
US, 2, 0, 0, 0, 2017, August, Thursday, 1:45 pm, 60, Dry, N, Daylight, Side Swipe, Not Injured, N, N
US, 4, 0, 0, 0, 2017, August, Friday, 7:38 am, 60, Dry, N, Daylight, Rear End, Not Injured, N, N
US, 2, 0, 0, 0, 2017, August, Friday, 12:38 am, 40, Dry, N, Daylight, Right Angle, Not Injured, N, N
US, 2, 0, 0, 0, 2017, July, Sunday, 12:30 am, 40, Dry, N, Daylight, Right Angle, Minor Injury, N, N
US, 2, 0, 0, 0, 2017, August, Friday, 3:30 pm, 40, Wet, Y, Daylight, Rear End, Not Injured, N, N
US, 3, 0, 0, 0, 2017, August, Friday, 3:25 pm, 60, Wet, N, Daylight, Side Swipe, Not Injured, N, N
US, 3, 0, 1, 1, 2017, August, Friday, 3:46 pm, 40, Wet, N, Daylight, Rear End, Major Injury, N, N
US, 2, 0, 0, 0, 2017, August, Friday, 1:53 pm, 40, Dry, N, Daylight, Right Angle, Not Injured, N, N
US, 2, 0, 0, 1, 2017, July, Monday, 7:29 am, 60, Dry, N, Daylight, Right Angle, Minor Injury, N, N
US, 3, 0, 0, 1, 2017, August, Friday, 5:40 pm, 60, Dry, N, Daylight, Rear End, Minor Injury, N, N
US, 2, 0, 0, 0, 2017, August, Friday, 7:22 pm, 50, Dry, N, Daylight, Right Angle, Not Injured, N, N
US, 3, 0, 0, 0, 2017, August, Friday, 3:07 pm, 60, Dry, N, Daylight, Rear End, Not Injured, N, N
US, 2, 0, 0, 0, 2017, August, Friday, 9:30 pm, 40, Wet, Y, Night, Right Angle, Minor Injury, N, N
US, 2, 0, 0, 1, 2017, August, Friday, 9:20 pm, 40, Wet, Y, Night, Right Angle, Minor Injury, N, N
US, 2, 0, 0, 1, 2017, August, Tuesday, 12:14 am, 60, Dry, N, Daylight, Rear End, Minor Injury, N, N
US, 2, 0, 0, 0, 2017, August, Saturday, 12:43 am, 40, Dry, N, Night, Rear End, Not Injured, N, N
US, 4, 0, 0, 0, 2017, May, Friday, 7:05 am, 90, Dry, N, Daylight, Rear End, Not Injured, N, N
US, 4, 0, 0, 0, 2017, May, Wednesday, 8:35 am, 90, Dry, N, Daylight, Rear End, Not Injured, N, N
US, 2, 0, 0, 0, 2017, June, Sunday, 9:31 pm, 90, Dry, N, Night, Rear End, Not Injured, Y, N
US, 3, 0, 0, 1, 2017, July, Sunday, 5:15 pm, 90, Dry, N, Daylight, Rear End, Minor Injury, Y, N
US, 2, 0, 0, 1, 2017, July, Thursday, 4:09 pm, 90, Dry, N, Daylight, Rear End, Minor Injury, N, N
US, 2, 0, 0, 1, 2017, August, Friday, 7:37 am, 60, Dry, N, Daylight, Side Swipe, Minor Injury, N, N
US, 2, 0, 0, 0, 2017, August, Friday, 2:51 pm, 50, Wet, Y, Daylight, Side Swipe, Not Injured, N, N
US, 2, 0, 0, 0, 2017, August, Saturday, 8:05 am, 40, Dry, N, Daylight, Rear End, Not Injured, Y, N
US, 2, 0, 0, 0, 2017, August, Wednesday, 2:44 pm, 60, Dry, N, Daylight, Right Angle, Minor Injury, N, N
US, 2, 0, 0, 0, 2017, August, Saturday, 10:30 am, 40, Dry, N, Daylight, Right Angle, Minor Injury, N, N
US, 2, 0, 0, 1, 2017, August, Saturday, 5:58 pm, 60, Dry, N, Daylight, Right Angle, Minor Injury, N, N
US, 2, 0, 0, 0, 2017, August, Friday, 6:55 pm, 60, Dry, N, Daylight, Head On, Minor Injury, N, N
US, 2, 0, 0, 0, 2017, August, Saturday, 8:44 pm, 40, Dry, N, Night, Side Swipe, Minor Injury, N, N
US, 3, 0, 0, 1, 2017, August, Saturday, 7:04 pm, 60, Wet, N, Daylight, Rear End, Minor Injury, Y, N
US, 3, 0, 0, 0, 2017, August, Saturday, 9:50 pm, 40, Dry, N, Night, Right Angle, Not Injured, N, N
US, 2, 0, 0, 0, 2017, August, Sunday, 1:23 am, 40, Dry, N, Night, Right Angle, Not Injured, N, N
US, 3, 0, 0, 0, 2017, July, Friday, 10:17 pm, 70, Dry, N, Night, Rear End, Minor Injury, N, N
US, 3, 0, 0, 1, 2017, August, Thursday, 9:24 am, 90, Dry, N, Daylight, Rear End, Minor Injury, N, N
US, 3, 0, 0, 0, 2017, August, Friday, 5:09 pm, 90, Dry, N, Daylight, Rear End, Not Injured, N, N
US, 2, 0, 0, 0, 2017, August, Wednesday, 2:30 pm, 40, Dry, N, Daylight, Right Angle, Not Injured, N, N
US, 5, 0, 0, 0, 2017, August, Saturday, 2:40 pm, 40, Dry, N, Daylight, Side Swipe, Not Injured, Y, N
US, 2, 0, 0, 1, 2017, August, Sunday, 2:16 pm, 40, Dry, N, Daylight, Right Angle, Minor Injury, N, N
US, 2, 0, 0, 0, 2017, August, Sunday, 2:48 pm, 40, Dry, N, Daylight, Right Angle, Not Injured, N, N
US, 3, 0, 0, 0, 2017, August, Sunday, 6:05 pm, 40, Dry, N, Daylight, Side Swipe, Not Injured, N, N
US, 2, 0, 0, 0, 2017, August, Sunday, 4:30 pm, 60, Dry, N, Daylight, Right Angle, Not Injured, N, N
US, 4, 0, 0, 0, 2017, August, Sunday, 9:00 pm, 40, Dry, N, Night, Side Swipe, Not Injured, N, N
US, 2, 0, 0, 0, 2017, August, Sunday, 1:27 am, 40, Dry, N, Night, Side Swipe, Not Injured, Y, N
US, 2, 0, 0, 0, 2017, July, Wednesday, 4:05 pm, 40, Dry, N, Daylight, Rear End, Not Injured, N, N
US, 2, 0, 0, 0, 2017, August, Friday, 3:35 pm, 40, Dry, N, Daylight, Rear End, Not Injured, N, N
US, 2, 2, 0, 0, 2017, August, Sunday, 9:56 pm, 70, Dry, N, Night, Head On, Fatal, N, N
US, 2, 0, 0, 1, 2017, August, Saturday, 11:18 am, 40, Dry, N, Daylight, Right Angle, Minor Injury, N, N
US, 3, 0, 0, 0, 2017, August, Monday, 7:35 am, 60, Wet, Y, Daylight, Rear End, Not Injured, N, N
US, 2, 0, 0, 1, 2017, August, Monday, 9:21 am, 40, Wet, Y, Daylight, Rear End, Minor Injury, N, N
US, 2, 0, 0, 0, 2017, August, Monday, 9:05 am, 60, Wet, Y, Daylight, Right Angle, Not Injured, N, N
US, 2, 0, 0, 0, 2017, August, Monday, 10:36 am, 40, Wet, Y, Daylight, Rear End, Not Injured, N, N
US, 2, 0, 0, 1, 2017, August, Monday, 12:17 am, 40, Dry, N, Daylight, Right Angle, Minor Injury, N, N
US, 2, 0, 0, 0, 2017, August, Monday, 9:37 am, 70, Wet, Y, Daylight, Rear End, Minor Injury, N, N
US, 2, 0, 0, 0, 2017, August, Monday, 12:26 am, 40, Wet, N, Daylight, Right Angle, Not Injured, N, N
US, 2, 0, 0, 0, 2017, August, Monday, 3:45 pm, 60, Dry, N, Daylight, Rear End, Minor Injury, N, N
US, 2, 0, 0, 0, 2017, July, Tuesday, 9:30 pm, 40, Dry, N, Night, Right Angle, Not Injured, N, N
US, 3, 0, 0, 0, 2017, August, Friday, 5:15 pm, 60, Dry, N, Daylight, Rear End, Not Injured, N, N