Nation,Total Units,Total Fatalities,Total Serious Injuries,Total Minor Injuries,Year,Month,Day,Time,Speed Limit,Moisture,Adverse Weather Conditions,DayNight,Crash Type,Crash Severity,Alcohol Related ,Drug Related
US, 2, 0, 0, 1, 2017, August, Saturday, 9:40 am, 60, Dry, N, Daylight, Rear End, Minor Injury, N, N
US, 2, 0, 0, 0, 2017, August, Friday, 2:45 pm, 90, Wet, Y, Daylight, Side Swipe, Not Injured, N, N
US, 2, 0, 0, 0, 2017, August, Friday, 3:49 pm, 40, Wet, N, Daylight, Rear End, Not Injured, N, N
US, 2, 0, 0, 2, 2017, August, Saturday, 6:14 pm, 90, Dry, N, Daylight, Rear End, Minor Injury, N, N
US, 4, 0, 0, 0, 2017, August, Monday, 6:30 am, 90, Dry, N, Daylight, Rear End, Not Injured, N, N
US, 2, 0, 0, 0, 2017, August, Monday, 10:05 am, 90, Wet, Y, Daylight, Rear End, Not Injured, N, N
US, 2, 0, 0, 0, 2017, August, Friday, 2:17 pm, 60, Dry, N, Daylight, Right Angle, Minor Injury, N, N
US, 2, 0, 0, 0, 2017, August, Monday, 6:34 pm, 40, Dry, N, Daylight, Right Angle, Not Injured, N, N
US, 2, 0, 0, 0, 2017, August, Monday, 6:50 pm, 40, Dry, N, Daylight, Right Angle, Not Injured, N, N
US, 2, 0, 0, 0, 2017, July, Friday, 3:33 pm, 40, Dry, N, Daylight, Right Angle, Not Injured, N, N
US, 2, 0, 0, 0, 2017, August, Monday, 7:05 pm, 40, Dry, N, Daylight, Head On, Not Injured, N, N
US, 2, 0, 0, 0, 2017, August, Tuesday, 12:24 am, 40, Dry, N, Daylight, Right Angle, Not Injured, N, N
US, 2, 0, 0, 0, 2017, August, Monday, 3:30 am, 40, Dry, N, Night, Rear End, Minor Injury, N, N
US, 2, 0, 0, 0, 2017, August, Monday, 2:42 pm, 60, Dry, N, Daylight, Right Angle, Not Injured, N, N
US, 2, 0, 0, 0, 2017, July, Wednesday, 8:20 am, 90, Dry, N, Daylight, Rear End, Not Injured, N, N
US, 2, 0, 0, 0, 2017, July, Saturday, 2:45 pm, 60, Dry, N, Daylight, Right Angle, Not Injured, N, N
US, 2, 0, 0, 0, 2017, August, Tuesday, 8:21 am, 40, Dry, N, Daylight, Right Angle, Not Injured, N, N
US, 2, 0, 0, 0, 2017, July, Thursday, 9:30 am, 70, Dry, N, Daylight, Rear End, Not Injured, N, N
US, 2, 0, 0, 0, 2017, August, Tuesday, 2:07 pm, 40, Dry, N, Daylight, Right Angle, Minor Injury, N, N
US, 2, 0, 0, 0, 2017, August, Tuesday, 1:00 pm, 40, Dry, N, Daylight, Rear End, Not Injured, N, N
US, 2, 0, 0, 0, 2017, August, Tuesday, 1:39 pm, 60, Dry, N, Daylight, Right Angle, Not Injured, N, N
US, 2, 0, 0, 0, 2017, August, Tuesday, 2:07 pm, 40, Dry, N, Daylight, Side Swipe, Minor Injury, N, N
US, 3, 0, 0, 0, 2017, August, Tuesday, 3:26 pm, 40, Dry, N, Daylight, Right Angle, Not Injured, N, N
US, 2, 0, 0, 0, 2017, August, Sunday, 9:51 pm, 70, Dry, N, Night, Side Swipe, Minor Injury, Y, N
US, 2, 0, 0, 1, 2017, August, Tuesday, 8:50 pm, 40, Dry, N, Night, Right Angle, Minor Injury, N, N
US, 2, 0, 0, 1, 2017, August, Tuesday, 9:10 pm, 40, Dry, N, Night, Right Angle, Minor Injury, N, N
US, 2, 0, 0, 0, 2017, August, Thursday, 12:12 am, 60, Dry, N, Night, Head On, Not Injured, N, N
US, 2, 0, 0, 0, 2017, July, Wednesday, 6:57 pm, 40, Dry, N, Daylight, Right Angle, Not Injured, N, N
US, 2, 0, 0, 0, 2017, August, Wednesday, 5:14 am, 60, Dry, N, Night, Side Swipe, Minor Injury, N, N
US, 2, 0, 0, 0, 2017, June, Friday, 4:47 am, 40, Wet, Y, Night, Rear End, Not Injured, N, N
US, 2, 0, 0, 1, 2017, August, Wednesday, 7:02 am, 40, Dry, N, Daylight, Head On, Minor Injury, N, N
US, 2, 0, 0, 0, 2017, August, Sunday, 2:17 am, 40, Dry, N, Night, Side Swipe, Not Injured, Y, N
US, 2, 0, 0, 1, 2017, August, Wednesday, 4:55 pm, 40, Dry, N, Daylight, Side Swipe, Minor Injury, N, N
US, 3, 0, 0, 0, 2017, August, Wednesday, 1:00 pm, 40, Dry, N, Daylight, Right Angle, Not Injured, N, N
US, 2, 0, 0, 0, 2017, August, Tuesday, 2:26 pm, 60, Dry, N, Daylight, Right Angle, Not Injured, N, N
US, 2, 0, 0, 0, 2017, August, Tuesday, 9:57 am, 60, Dry, N, Daylight, Rear End, Not Injured, N, N
US, 3, 0, 0, 0, 2017, July, Monday, 8:55 am, 90, Dry, N, Daylight, Rear End, Minor Injury, N, N
US, 3, 0, 0, 0, 2017, August, Monday, 6:13 pm, 90, Dry, N, Daylight, Rear End, Not Injured, N, N
US, 2, 0, 0, 1, 2017, August, Tuesday, 9:29 am, 70, Dry, N, Daylight, Right Angle, Minor Injury, N, N
US, 2, 0, 0, 0, 2017, May, Thursday, 3:48 am, 90, Wet, Y, Night, Rear End, Not Injured, Y, N
US, 2, 0, 0, 0, 2017, May, Friday, 12:3 am, 90, Wet, Y, Night, Rear End, Not Injured, N, N
US, 2, 0, 0, 0, 2017, August, Wednesday, 5:53 pm, 40, Dry, N, Daylight, Right Angle, Not Injured, N, N
US, 2, 0, 0, 0, 2017, August, Monday, 5:54 pm, 40, Dry, N, Daylight, Right Angle, Not Injured, N, N
US, 4, 0, 0, 1, 2017, August, Wednesday, 3:35 am, 40, Dry, N, Night, Side Swipe, Minor Injury, N, N
US, 2, 0, 0, 0, 2017, August, Tuesday, 5:35 pm, 30, Dry, N, Daylight, Right Angle, Not Injured, N, N
US, 2, 0, 0, 0, 2017, August, Tuesday, 1:59 am, 40, Dry, N, Night, Rear End, Not Injured, N, N
US, 2, 0, 0, 1, 2017, May, Monday, 7:30 pm, 90, Dry, N, Daylight, Side Swipe, Minor Injury, N, N
US, 2, 0, 0, 0, 2017, August, Wednesday, 3:19 pm, 40, Dry, N, Daylight, Right Angle, Not Injured, N, N
US, 2, 0, 0, 0, 2017, August, Wednesday, 1:52 pm, 40, Dry, N, Daylight, Right Angle, Not Injured, N, N
US, 2, 0, 0, 0, 2017, August, Wednesday, 12:04 am, 60, Dry, N, Daylight, Right Angle, Not Injured, N, N
US, 2, 0, 0, 0, 2017, August, Wednesday, 2:10 pm, 60, Dry, N, Daylight, Right Angle, Minor Injury, N, N
US, 2, 0, 0, 0, 2017, August, Wednesday, 12:03 am, 40, Dry, N, Daylight, Rear End, Minor Injury, N, N
US, 2, 0, 1, 0, 2017, August, Wednesday, 2:25 pm, 40, Dry, N, Daylight, Hit Pedestrian, Major Injury, N, N
US, 2, 0, 0, 0, 2017, August, Monday, 7:07 pm, 60, Dry, N, Daylight, Rear End, Not Injured, N, N
US, 3, 0, 0, 0, 2017, August, Thursday, 12:03 am, 40, Dry, N, Daylight, Right Angle, Not Injured, N, N
US, 2, 0, 0, 0, 2017, August, Wednesday, 10:03 pm, 50, Dry, N, Night, Head On, Not Injured, N, N
US, 2, 0, 0, 1, 2017, August, Thursday, 3:18 pm, 60, Dry, N, Daylight, Rear End, Minor Injury, N, N
US, 2, 0, 0, 0, 2017, August, Thursday, 4:25 pm, 40, Dry, N, Daylight, Right Angle, Not Injured, N, N
US, 2, 0, 0, 0, 2017, August, Thursday, 4:10 pm, 40, Dry, N, Daylight, Head On, Not Injured, N, N
US, 3, 0, 0, 0, 2017, August, Monday, 5:20 pm, 70, Wet, Y, Daylight, Rear End, Not Injured, N, N
US, 2, 0, 0, 0, 2017, August, Thursday, 4:30 pm, 40, Dry, N, Daylight, Right Angle, Not Injured, N, N
US, 3, 0, 0, 0, 2017, August, Thursday, 5:32 pm, 60, Dry, N, Daylight, Rear End, Not Injured, Y, N
US, 2, 0, 0, 0, 2017, August, Thursday, 6:25 pm, 40, Dry, N, Daylight, Right Angle, Not Injured, N, N
US, 2, 0, 0, 0, 2017, August, Thursday, 3:00 pm, 90, Dry, N, Daylight, Rear End, Not Injured, N, N
US, 2, 0, 0, 0, 2017, August, Thursday, 12:46 am, 40, Dry, N, Daylight, Rear End, Not Injured, N, N
US, 5, 0, 0, 0, 2017, August, Thursday, 3:10 pm, 60, Dry, N, Daylight, Head On, Minor Injury, N, N
US, 3, 0, 0, 0, 2017, August, Friday, 6:30 am, 40, Dry, N, Daylight, Rear End, Not Injured, N, N
US, 2, 0, 0, 0, 2017, August, Friday, 10:30 am, 40, Dry, N, Daylight, Rear End, Minor Injury, N, N
US, 2, 0, 0, 0, 2017, August, Wednesday, 12:19 am, 40, Dry, N, Daylight, Right Angle, Not Injured, N, N
US, 2, 0, 0, 0, 2017, August, Monday, 8:43 am, 40, Wet, Y, Daylight, Head On, Minor Injury, N, N
US, 2, 0, 0, 0, 2017, August, Friday, 11:15 am, 40, Dry, N, Daylight, Rear End, Not Injured, N, N
US, 2, 0, 0, 0, 2017, August, Friday, 2:14 pm, 40, Dry, N, Daylight, Head On, Not Injured, N, N
US, 2, 0, 0, 0, 2017, July, Wednesday, 4:37 pm, 60, Dry, N, Daylight, Right Angle, Not Injured, N, N
US, 2, 0, 0, 0, 2017, August, Friday, 12:16 am, 40, Dry, N, Daylight, Rear End, Not Injured, Y, N
US, 2, 0, 0, 0, 2017, August, Friday, 2:30 pm, 40, Dry, N, Daylight, Rear End, Not Injured, N, N
US, 2, 0, 0, 0, 2017, August, Friday, 4:53 pm, 60, Dry, N, Daylight, Right Angle, Not Injured, N, N
US, 3, 0, 0, 1, 2017, August, Wednesday, 2:21 pm, 60, Dry, N, Daylight, Side Swipe, Minor Injury, N, N
US, 3, 0, 0, 0, 2017, August, Wednesday, 7:20 pm, 60, Dry, N, Daylight, Head On, Not Injured, N, N
US, 2, 0, 0, 0, 2017, August, Friday, 5:36 pm, 40, Dry, N, Daylight, Head On, Not Injured, N, N
US, 2, 0, 0, 1, 2017, August, Saturday, 12:15 am, 40, Dry, N, Night, Right Angle, Minor Injury, Y, N
US, 2, 0, 0, 2, 2017, August, Saturday, 12:3 am, 40, Wet, N, Night, Right Angle, Minor Injury, Y, N
US, 2, 0, 0, 0, 2017, July, Saturday, 11:17 am, 90, Wet, Y, Daylight, Rear End, Not Injured, N, N
US, 2, 0, 0, 1, 2017, August, Thursday, 6:19 am, 90, Dry, N, Daylight, Rear End, Minor Injury, N, N
US, 2, 0, 0, 1, 2017, August, Friday, 2:18 pm, 40, Dry, N, Daylight, Head On, Minor Injury, N, N
US, 2, 0, 0, 1, 2017, August, Thursday, 8:00 am, 60, Dry, N, Daylight, Head On, Minor Injury, N, N
US, 2, 0, 0, 2, 2017, August, Saturday, 9:50 am, 40, Dry, N, Daylight, Right Angle, Minor Injury, N, N
US, 3, 0, 0, 0, 2017, August, Saturday, 7:58 am, 40, Dry, N, Daylight, Right Angle, Not Injured, N, N
US, 2, 0, 0, 0, 2017, August, Thursday, 12:29 am, 40, Dry, N, Daylight, Right Angle, Minor Injury, N, N
US, 2, 0, 0, 0, 2017, August, Saturday, 1:14 pm, 60, Dry, N, Daylight, Side Swipe, Minor Injury, N, N
US, 2, 0, 0, 1, 2017, August, Saturday, 2:03 pm, 70, Dry, N, Daylight, Rear End, Minor Injury, N, N
US, 2, 0, 0, 0, 2017, August, Saturday, 2:15 pm, 40, Dry, N, Daylight, Right Angle, Minor Injury, N, N
US, 2, 0, 0, 0, 2017, August, Saturday, 5:30 pm, 40, Dry, N, Daylight, Right Angle, Not Injured, N, N
US, 2, 0, 0, 1, 2017, August, Wednesday, 9:55 pm, 60, Dry, N, Night, Right Angle, Minor Injury, N, N
US, 2, 0, 0, 1, 2017, August, Saturday, 8:45 pm, 40, Dry, N, Night, Rear End, Minor Injury, N, N
US, 2, 0, 0, 0, 2017, August, Saturday, 10:32 pm, 40, Dry, N, Night, Rear End, Minor Injury, N, N
US, 2, 0, 0, 0, 2017, August, Sunday, 1:32 am, 40, Dry, N, Night, Rear End, Not Injured, N, N
US, 2, 0, 0, 0, 2017, August, Sunday, 1:00 am, 40, Dry, N, Night, Side Swipe, Not Injured, N, N
US, 2, 0, 0, 0, 2017, August, Thursday, 8:33 pm, 60, Wet, Y, Daylight, Rear End, Not Injured, N, N
US, 2, 0, 0, 0, 2017, August, Saturday, 2:40 pm, 40, Dry, N, Daylight, Side Swipe, Not Injured, N, N
US, 2, 0, 0, 0, 2017, August, Saturday, 12:15 am, 70, Dry, N, Daylight, Rear End, Not Injured, N, N
US, 3, 0, 0, 1, 2017, August, Sunday, 9:43 am, 40, Dry, N, Daylight, Right Angle, Minor Injury, N, N
US, 2, 0, 0, 0, 2017, August, Monday, 1:14 pm, 60, Dry, N, Daylight, Rear End, Not Injured, N, N
US, 3, 0, 0, 1, 2017, August, Sunday, 12:18 am, 60, Dry, N, Daylight, Right Angle, Minor Injury, N, N
US, 2, 0, 0, 1, 2017, August, Saturday, 11:00 pm, 60, Dry, N, Night, Hit Pedestrian, Minor Injury, N, N
US, 3, 0, 0, 1, 2017, August, Sunday, 1:42 pm, 40, Dry, N, Daylight, Rear End, Minor Injury, N, N
US, 2, 0, 0, 0, 2017, August, Tuesday, 4:55 pm, 60, Dry, N, Daylight, Right Angle, Not Injured, N, N
US, 2, 0, 0, 1, 2017, August, Sunday, 1:45 pm, 40, Dry, N, Daylight, Rear End, Minor Injury, N, N
US, 3, 0, 0, 0, 2017, August, Sunday, 7:49 pm, 60, Dry, N, Daylight, Right Angle, Minor Injury, N, N
US, 3, 0, 0, 0, 2017, August, Monday, 8:30 am, 40, Dry, N, Daylight, Side Swipe, Not Injured, N, N
US, 2, 0, 0, 0, 2017, August, Sunday, 12:47 am, 40, Dry, N, Night, Right Angle, Not Injured, Y, N
US, 2, 0, 0, 8, 2017, August, Monday, 10:04 am, 60, Dry, N, Daylight, Rear End, Minor Injury, N, N
US, 3, 0, 0, 1, 2017, August, Monday, 1:45 pm, 60, Dry, N, Daylight, Rear End, Minor Injury, N, N
US, 2, 0, 0, 0, 2017, August, Saturday, 8:13 pm, 90, Dry, N, Night, Rear End, Minor Injury, N, N
US, 2, 0, 0, 1, 2017, August, Sunday, 7:12 am, 90, Dry, N, Daylight, Right Angle, Minor Injury, N, N
US, 2, 0, 0, 1, 2017, August, Monday, 3:43 pm, 70, Dry, N, Daylight, Right Angle, Minor Injury, N, N
US, 2, 0, 0, 0, 2017, August, Monday, 2:19 pm, 90, Dry, N, Daylight, Hit Pedestrian, Minor Injury, N, N
US, 2, 0, 0, 0, 2017, July, Friday, 3:21 pm, 50, Wet, Y, Daylight, Rear End, Not Injured, N, N
US, 2, 0, 0, 0, 2017, August, Tuesday, 6:18 am, 40, Dry, N, Daylight, Side Swipe, Not Injured, N, N
US, 2, 0, 0, 1, 2017, August, Monday, 3:10 pm, 40, Dry, N, Daylight, Rear End, Minor Injury, N, N
US, 2, 0, 0, 0, 2017, August, Thursday, 7:46 am, 40, Dry, N, Daylight, Rear End, Not Injured, N, N
US, 2, 0, 0, 0, 2017, August, Tuesday, 1:00 pm, 40, Dry, N, Daylight, Rear End, Not Injured, N, N
US, 4, 0, 0, 0, 2017, August, Tuesday, 12:35 am, 60, Dry, N, Daylight, Rear End, Not Injured, N, N
US, 2, 0, 0, 0, 2017, August, Friday, 1:50 pm, 40, Dry, N, Daylight, Right Angle, Not Injured, N, N
US, 2, 0, 0, 0, 2017, August, Monday, 6:38 pm, 40, Dry, N, Daylight, Right Angle, Not Injured, N, N
US, 4, 0, 0, 0, 2017, August, Monday, 5:41 pm, 40, Dry, N, Daylight, Side Swipe, Not Injured, N, N
US, 3, 0, 0, 0, 2017, August, Monday, 1:38 pm, 40, Dry, N, Daylight, Right Angle, Minor Injury, N, N
US, 2, 0, 0, 0, 2017, June, Saturday, 9:30 am, 90, Dry, N, Daylight, Rear End, Not Injured, N, N
US, 2, 0, 0, 0, 2017, August, Wednesday, 7:19 am, 60, Dry, N, Daylight, Right Angle, Not Injured, N, N
US, 2, 0, 0, 0, 2017, July, Thursday, 11:40 pm, 90, Wet, Y, Night, Rear End, Not Injured, N, N
US, 2, 0, 0, 0, 2017, August, Wednesday, 2:33 pm, 90, Dry, N, Daylight, Rear End, Not Injured, N, N
US, 2, 0, 0, 1, 2017, August, Tuesday, 6:15 pm, 50, Dry, N, Daylight, Hit Pedestrian, Minor Injury, N, N
US, 2, 0, 0, 0, 2017, August, Monday, 9:59 pm, 60, Dry, N, Night, Rear End, Not Injured, N, N
US, 2, 0, 0, 0, 2017, August, Wednesday, 2:29 am, 40, Dry, N, Night, Right Angle, Not Injured, N, N
US, 2, 0, 0, 0, 2017, August, Sunday, 3:11 am, 40, Dry, N, Night, Right Angle, Minor Injury, N, N
US, 2, 0, 0, 0, 2017, August, Wednesday, 1:50 am, 40, Dry, N, Night, Rear End, Not Injured, N, N
US, 2, 0, 0, 0, 2017, August, Wednesday, 8:23 pm, 40, Dry, N, Daylight, Right Angle, Not Injured, N, N
US, 2, 0, 1, 0, 2017, August, Tuesday, 12:35 am, 60, Dry, N, Daylight, Hit Pedestrian, Major Injury, N, N
US, 2, 0, 0, 1, 2017, August, Tuesday, 12:32 am, 40, Dry, N, Daylight, Right Angle, Minor Injury, N, N
US, 2, 0, 0, 0, 2017, August, Tuesday, 2:29 pm, 40, Dry, N, Daylight, Right Angle, Not Injured, N, N
US, 6, 0, 0, 0, 2017, August, Wednesday, 10:50 am, 50, Dry, N, Daylight, Right Angle, Not Injured, N, N
US, 2, 0, 0, 0, 2017, August, Wednesday, 2:40 pm, 40, Dry, N, Daylight, Rear End, Not Injured, N, N
US, 2, 0, 0, 0, 2017, August, Wednesday, 4:08 pm, 40, Dry, N, Daylight, Right Angle, Minor Injury, N, N
US, 2, 0, 0, 0, 2017, August, Wednesday, 4:20 pm, 40, Dry, N, Daylight, Rear End, Not Injured, N, N
US, 2, 0, 0, 0, 2017, August, Wednesday, 5:05 pm, 40, Dry, N, Daylight, Rear End, Minor Injury, N, N
US, 2, 0, 0, 1, 2017, August, Monday, 9:30 pm, 20, Dry, N, Night, Rear End, Minor Injury, N, N
US, 3, 0, 0, 1, 2017, July, Thursday, 12:44 am, 40, Dry, N, Daylight, Rear End, Minor Injury, N, N
US, 2, 0, 0, 0, 2017, July, Friday, 9:40 pm, 40, Wet, Y, Night, Side Swipe, Not Injured, Y, N
US, 2, 0, 0, 0, 2017, August, Wednesday, 4:21 pm, 60, Dry, N, Daylight, Side Swipe, Not Injured, N, N
US, 2, 0, 0, 0, 2017, August, Tuesday, 10:48 pm, 40, Dry, N, Night, Right Angle, Minor Injury, Y, N
US, 2, 0, 0, 0, 2017, August, Wednesday, 6:44 pm, 60, Dry, N, Daylight, Head On, Not Injured, N, N
US, 2, 0, 0, 0, 2017, August, Wednesday, 8:42 pm, 40, Dry, N, Night, Right Angle, Not Injured, N, N
US, 2, 0, 0, 0, 2017, August, Wednesday, 10:48 pm, 60, Dry, N, Night, Rear End, Not Injured, N, N
US, 2, 0, 0, 0, 2017, August, Sunday, 4:42 pm, 40, Dry, N, Daylight, Right Angle, Not Injured, N, N
US, 2, 0, 0, 0, 2017, August, Sunday, 11:40 am, 90, Dry, N, Daylight, Rear End, Not Injured, N, N
US, 2, 0, 0, 3, 2017, August, Wednesday, 3:28 pm, 60, Dry, N, Daylight, Side Swipe, Minor Injury, N, N
US, 2, 0, 0, 0, 2017, August, Wednesday, 11:45 am, 40, Dry, N, Daylight, Side Swipe, Minor Injury, N, N
US, 2, 0, 0, 0, 2017, August, Wednesday, 10:37 am, 40, Dry, N, Daylight, Rear End, Not Injured, N, N
US, 2, 0, 0, 0, 2017, August, Thursday, 9:15 am, 40, Dry, N, Daylight, Right Angle, Not Injured, N, N
US, 2, 0, 0, 3, 2017, August, Monday, 10:27 am, 40, Dry, N, Daylight, Right Angle, Minor Injury, N, N
US, 2, 0, 0, 0, 2017, August, Thursday, 4:52 pm, 40, Dry, N, Daylight, Right Angle, Not Injured, N, N
US, 2, 0, 0, 0, 2017, August, Thursday, 5:10 am, 40, Dry, N, Night, Right Angle, Not Injured, N, N
US, 6, 0, 0, 0, 2017, August, Thursday, 9:00 am, 60, Dry, N, Daylight, Rear End, Not Injured, N, N
US, 2, 0, 0, 0, 2017, August, Thursday, 4:33 pm, 60, Dry, N, Daylight, Right Angle, Minor Injury, N, N
US, 2, 0, 0, 0, 2017, August, Wednesday, 6:11 pm, 60, Dry, N, Daylight, Right Angle, Minor Injury, N, N
US, 2, 0, 0, 0, 2017, August, Wednesday, 6:47 am, 60, Dry, N, Daylight, Rear End, Not Injured, N, N
US, 2, 0, 0, 0, 2017, August, Tuesday, 3:08 am, 90, Dry, N, Night, Right Angle, Not Injured, N, N
US, 3, 0, 0, 0, 2017, August, Thursday, 5:29 pm, 60, Dry, N, Daylight, Right Angle, Not Injured, N, N
US, 2, 0, 0, 0, 2017, August, Thursday, 3:45 pm, 40, Dry, N, Daylight, Rear End, Not Injured, N, N
US, 2, 0, 0, 0, 2017, August, Wednesday, 5:03 pm, 40, Dry, N, Daylight, Rear End, Not Injured, N, N
US, 2, 0, 0, 0, 2017, August, Wednesday, 7:10 pm, 40, Dry, N, Daylight, Right Angle, Not Injured, N, N
US, 2, 0, 0, 2, 2017, August, Thursday, 4:35 pm, 40, Wet, Y, Daylight, Rear End, Minor Injury, N, N
US, 2, 0, 0, 0, 2017, August, Thursday, 5:13 pm, 40, Dry, N, Daylight, Right Angle, Not Injured, N, N
US, 2, 0, 0, 0, 2017, August, Thursday, 4:55 pm, 60, Wet, Y, Daylight, Rear End, Not Injured, N, N
US, 2, 0, 0, 0, 2017, August, Thursday, 8:40 pm, 60, Wet, Y, Night, Side Swipe, Not Injured, N, N
US, 2, 0, 1, 0, 2017, August, Wednesday, 7:28 pm, 60, Dry, N, Night, Hit Pedestrian, Major Injury, N, N
US, 2, 0, 0, 0, 2017, August, Thursday, 6:57 pm, 40, Dry, N, Daylight, Side Swipe, Not Injured, N, N
US, 3, 0, 0, 0, 2017, August, Thursday, 9:50 pm, 20, Wet, Y, Night, Side Swipe, Not Injured, N, N
US, 4, 0, 0, 0, 2017, August, Thursday, 11:20 pm, 40, Dry, N, Night, Side Swipe, Minor Injury, N, N
US, 2, 0, 0, 1, 2017, August, Friday, 5:23 pm, 60, Dry, N, Daylight, Right Angle, Minor Injury, N, N
US, 2, 0, 1, 0, 2017, August, Wednesday, 11:11 am, 40, Dry, N, Daylight, Head On, Major Injury, N, N
US, 2, 0, 0, 0, 2017, August, Friday, 8:30 am, 60, Wet, Y, Daylight, Right Angle, Not Injured, N, N
US, 2, 0, 0, 1, 2017, August, Friday, 7:39 am, 60, Wet, Y, Daylight, Right Angle, Minor Injury, N, N
US, 3, 0, 0, 1, 2017, August, Wednesday, 1:00 pm, 40, Dry, N, Daylight, Hit Pedestrian, Minor Injury, N, N
US, 3, 0, 0, 0, 2017, August, Friday, 10:00 am, 40, Wet, Y, Daylight, Side Swipe, Not Injured, N, N
US, 3, 0, 0, 1, 2017, August, Friday, 1:00 pm, 70, Dry, N, Daylight, Rear End, Minor Injury, N, N
US, 2, 0, 0, 0, 2017, August, Friday, 11:25 am, 40, Dry, N, Daylight, Rear End, Not Injured, N, N
US, 2, 0, 0, 0, 2017, August, Friday, 1:08 pm, 40, Dry, N, Daylight, Right Angle, Minor Injury, N, N
US, 2, 0, 0, 1, 2017, August, Monday, 10:03 pm, 60, Dry, N, Night, Head On, Minor Injury, N, N
US, 2, 0, 0, 0, 2017, August, Friday, 2:52 pm, 40, Dry, N, Daylight, Side Swipe, Minor Injury, N, N
US, 2, 0, 0, 1, 2017, August, Friday, 3:08 pm, 40, Dry, N, Daylight, Right Angle, Minor Injury, N, N
US, 2, 0, 0, 0, 2017, August, Friday, 2:57 pm, 40, Dry, N, Daylight, Right Angle, Not Injured, N, N
US, 3, 0, 0, 1, 2017, August, Friday, 3:30 pm, 60, Dry, N, Daylight, Right Angle, Minor Injury, N, N
US, 2, 0, 0, 0, 2017, August, Friday, 5:37 pm, 60, Dry, N, Daylight, Head On, Minor Injury, N, N
US, 2, 0, 0, 0, 2017, August, Friday, 5:23 pm, 40, Dry, N, Daylight, Right Angle, Not Injured, N, N
US, 2, 0, 0, 1, 2017, August, Friday, 6:15 pm, 60, Dry, N, Daylight, Rear End, Minor Injury, N, N
US, 3, 0, 0, 1, 2017, August, Friday, 10:05 pm, 60, Dry, N, Night, Rear End, Minor Injury, N, N
US, 3, 0, 0, 0, 2017, August, Saturday, 2:16 am, 40, Dry, N, Night, Rear End, Minor Injury, N, N
US, 3, 0, 0, 0, 2017, August, Friday, 7:41 am, 90, Wet, Y, Daylight, Rear End, Minor Injury, N, N
US, 2, 0, 0, 0, 2017, August, Friday, 4:48 pm, 40, Dry, N, Daylight, Rear End, Not Injured, N, N
US, 3, 0, 0, 0, 2017, August, Saturday, 9:00 am, 60, Dry, N, Daylight, Rear End, Minor Injury, N, N
US, 2, 0, 0, 1, 2017, August, Saturday, 10:35 am, 60, Dry, N, Daylight, Rear End, Minor Injury, N, N
US, 3, 0, 0, 0, 2017, August, Saturday, 11:52 am, 60, Dry, N, Daylight, Right Angle, Not Injured, N, N
US, 3, 0, 0, 0, 2017, August, Monday, 8:54 am, 70, Dry, N, Daylight, Rear End, Minor Injury, N, N
US, 2, 0, 0, 0, 2017, August, Friday, 6:11 pm, 60, Dry, N, Daylight, Right Angle, Minor Injury, N, N
US, 2, 0, 0, 1, 2017, August, Saturday, 12:00 am, 40, Dry, N, Daylight, Right Angle, Minor Injury, N, N
US, 2, 0, 0, 0, 2017, August, Saturday, 12:53 am, 40, Dry, N, Daylight, Right Angle, Not Injured, N, N
US, 2, 0, 0, 0, 2017, August, Saturday, 5:10 pm, 40, Wet, Y, Daylight, Head On, Not Injured, N, N
US, 2, 0, 0, 0, 2017, August, Thursday, 9:35 pm, 40, Dry, N, Night, Side Swipe, Minor Injury, N, N
US, 3, 0, 0, 0, 2017, August, Friday, 8:56 pm, 50, Dry, N, Night, Right Angle, Minor Injury, Y, N
US, 2, 0, 0, 0, 2017, August, Saturday, 5:47 pm, 60, Wet, Y, Daylight, Right Angle, Not Injured, N, N
US, 3, 0, 0, 0, 2017, August, Saturday, 5:35 pm, 40, Dry, Y, Daylight, Head On, Not Injured, N, N
US, 2, 0, 0, 0, 2017, August, Monday, 7:53 pm, 40, Dry, N, Daylight, Head On, Minor Injury, N, N
US, 2, 0, 0, 1, 2017, August, Wednesday, 9:11 pm, 60, Dry, N, Night, Hit Pedestrian, Minor Injury, N, N
US, 2, 0, 0, 0, 2017, August, Monday, 7:45 am, 40, Dry, N, Daylight, Rear End, Not Injured, N, N
US, 2, 0, 0, 0, 2017, August, Thursday, 9:20 am, 60, Dry, N, Daylight, Right Angle, Minor Injury, N, N
US, 2, 0, 0, 1, 2017, August, Saturday, 5:53 pm, 30, Dry, N, Daylight, Side Swipe, Minor Injury, N, N
US, 4, 0, 0, 0, 2017, August, Saturday, 10:23 pm, 40, Dry, N, Night, Head On, Not Injured, Y, N
US, 3, 0, 0, 0, 2017, August, Sunday, 3:50 pm, 60, Dry, N, Daylight, Rear End, Minor Injury, N, N
US, 2, 0, 0, 1, 2017, August, Friday, 8:27 am, 40, Wet, Y, Daylight, Right Angle, Minor Injury, N, N
US, 2, 0, 0, 0, 2017, August, Saturday, 10:51 pm, 60, Dry, N, Night, Rear End, Minor Injury, Y, N