Nation,Total Units,Total Fatalities,Total Serious Injuries,Total Minor Injuries,Year,Month,Day,Time,Speed Limit,Moisture,Adverse Weather Conditions,DayNight,Crash Type,Crash Severity,Alcohol Related ,Drug Related
US, 2, 0, 0, 3, 2017, August, Friday, 6:49 pm, 60, Dry, N, Daylight, Head On, Minor Injury, N, N
US, 3, 0, 0, 0, 2017, August, Sunday, 7:08 pm, 90, Dry, N, Daylight, Rear End, Not Injured, N, N
US, 2, 0, 0, 0, 2017, August, Saturday, 9:32 pm, 60, Wet, N, Night, Head On, Not Injured, N, N
US, 2, 0, 0, 0, 2017, August, Monday, 6:16 pm, 30, Dry, N, Daylight, Side Swipe, Not Injured, N, N
US, 2, 0, 0, 1, 2017, August, Sunday, 6:45 am, 40, Dry, Y, Daylight, Side Swipe, Minor Injury, N, N
US, 2, 0, 0, 0, 2017, August, Sunday, 10:13 pm, 40, Dry, N, Night, Right Angle, Minor Injury, Y, N
US, 2, 0, 0, 1, 2017, August, Wednesday, 7:13 pm, 40, Dry, N, Daylight, Rear End, Minor Injury, N, N
US, 2, 0, 0, 0, 2017, August, Saturday, 12:30 am, 40, Dry, N, Daylight, Rear End, Not Injured, N, N
US, 3, 0, 0, 0, 2017, August, Tuesday, 9:10 am, 90, Dry, N, Daylight, Rear End, Minor Injury, N, N
US, 2, 0, 0, 0, 2017, August, Tuesday, 5:32 pm, 90, Dry, N, Daylight, Rear End, Not Injured, N, N
US, 2, 0, 0, 0, 2017, August, Thursday, 5:28 pm, 90, Dry, N, Daylight, Rear End, Not Injured, N, N
US, 5, 0, 0, 0, 2017, August, Friday, 5:32 pm, 90, Dry, N, Daylight, Rear End, Not Injured, N, N
US, 2, 0, 0, 0, 2017, August, Monday, 8:43 am, 40, Dry, N, Daylight, Right Angle, Not Injured, N, N
US, 2, 0, 0, 0, 2017, August, Sunday, 12:15 am, 60, Dry, N, Daylight, Hit Pedestrian, Minor Injury, N, N
US, 2, 0, 0, 0, 2017, August, Monday, 10:45 am, 40, Dry, N, Daylight, Right Angle, Not Injured, N, N
US, 2, 0, 0, 0, 2017, August, Sunday, 7:50 am, 40, Dry, Y, Daylight, Right Angle, Not Injured, N, N
US, 2, 0, 0, 0, 2017, August, Monday, 4:34 pm, 70, Dry, N, Daylight, Rear End, Not Injured, N, N
US, 2, 0, 0, 0, 2017, August, Thursday, 5:10 pm, 60, Dry, N, Daylight, Right Angle, Not Injured, N, N
US, 2, 0, 0, 0, 2017, July, Friday, 5:49 pm, 90, Dry, N, Daylight, Rear End, Not Injured, N, N
US, 6, 0, 1, 3, 2017, August, Monday, 4:45 pm, 60, Dry, N, Daylight, Rear End, Major Injury, N, N
US, 2, 0, 0, 0, 2017, August, Monday, 5:36 pm, 70, Dry, N, Daylight, Rear End, Not Injured, N, N
US, 2, 0, 0, 0, 2017, August, Monday, 2:46 pm, 40, Dry, N, Daylight, Right Angle, Not Injured, N, N
US, 2, 0, 0, 0, 2017, August, Monday, 6:01 pm, 20, Dry, N, Daylight, Rear End, Not Injured, N, N
US, 3, 0, 0, 0, 2017, August, Thursday, 10:31 pm, 60, Wet, N, Night, Rear End, Minor Injury, N, N
US, 2, 0, 0, 0, 2017, August, Thursday, 3:15 pm, 60, Dry, N, Daylight, Side Swipe, Not Injured, N, N
US, 2, 0, 0, 0, 2017, August, Wednesday, 2:32 pm, 20, Dry, N, Daylight, Rear End, Not Injured, N, N
US, 2, 0, 0, 1, 2017, August, Thursday, 4:09 pm, 30, Wet, Y, Daylight, Rear End, Minor Injury, N, N
US, 2, 0, 0, 0, 2017, August, Sunday, 7:39 pm, 90, Dry, N, Night, Side Swipe, Not Injured, N, N
US, 2, 0, 0, 1, 2017, August, Tuesday, 7:20 am, 40, Dry, N, Daylight, Rear End, Minor Injury, N, N
US, 2, 0, 0, 1, 2017, August, Monday, 12:08 am, 60, Dry, N, Daylight, Rear End, Minor Injury, N, N
US, 2, 0, 0, 0, 2017, August, Tuesday, 11:50 am, 40, Dry, N, Daylight, Hit Pedestrian, Minor Injury, N, N
US, 3, 0, 0, 1, 2017, August, Tuesday, 1:15 pm, 70, Wet, Y, Daylight, Rear End, Minor Injury, N, N
US, 2, 0, 0, 1, 2017, August, Monday, 9:50 pm, 60, Dry, N, Night, Right Angle, Minor Injury, N, N
US, 2, 0, 0, 0, 2017, August, Tuesday, 2:33 pm, 40, Wet, Y, Daylight, Right Angle, Minor Injury, N, N
US, 2, 0, 0, 0, 2017, August, Tuesday, 5:57 pm, 40, Dry, N, Daylight, Rear End, Not Injured, N, N
US, 2, 0, 0, 0, 2017, August, Tuesday, 3:35 pm, 40, Wet, Y, Daylight, Rear End, Not Injured, N, N
US, 2, 0, 0, 0, 2017, August, Tuesday, 3:05 pm, 60, Wet, Y, Daylight, Side Swipe, Not Injured, N, N
US, 2, 0, 0, 0, 2017, August, Tuesday, 4:35 pm, 40, Wet, N, Daylight, Rear End, Not Injured, N, N
US, 2, 0, 0, 0, 2017, August, Tuesday, 3:52 pm, 70, Wet, Y, Daylight, Rear End, Not Injured, N, N
US, 3, 0, 0, 0, 2017, August, Tuesday, 5:45 pm, 70, Wet, N, Daylight, Rear End, Not Injured, N, N
US, 2, 0, 0, 0, 2017, August, Tuesday, 5:53 pm, 60, Wet, N, Daylight, Rear End, Not Injured, N, N
US, 2, 0, 0, 0, 2017, August, Tuesday, 6:35 pm, 40, Dry, N, Daylight, Right Angle, Not Injured, Y, N
US, 2, 0, 0, 0, 2017, August, Tuesday, 6:05 pm, 40, Wet, N, Daylight, Right Angle, Not Injured, N, N
US, 2, 0, 0, 0, 2017, August, Tuesday, 3:54 pm, 60, Wet, Y, Daylight, Rear End, Not Injured, N, N
US, 3, 0, 0, 1, 2017, August, Wednesday, 2:15 am, 40, Wet, N, Night, Rear End, Minor Injury, N, N
US, 4, 0, 0, 0, 2017, July, Wednesday, 5:56 pm, 90, Dry, N, Daylight, Rear End, Not Injured, N, N
US, 5, 0, 0, 6, 2017, July, Monday, 7:14 pm, 90, Dry, N, Daylight, Rear End, Minor Injury, N, N
US, 3, 0, 0, 0, 2017, August, Thursday, 5:33 pm, 90, Dry, N, Daylight, Rear End, Not Injured, N, N
US, 2, 0, 0, 0, 2017, August, Thursday, 6:47 pm, 90, Dry, N, Daylight, Rear End, Minor Injury, N, N
US, 2, 0, 0, 0, 2017, August, Sunday, 11:00 am, 60, Dry, N, Daylight, Side Swipe, Not Injured, N, N
US, 2, 0, 0, 0, 2017, August, Tuesday, 1:54 pm, 40, Dry, N, Daylight, Right Angle, Not Injured, N, N
US, 3, 0, 0, 0, 2017, August, Wednesday, 7:49 am, 90, Dry, N, Daylight, Right Angle, Not Injured, N, N
US, 2, 0, 0, 1, 2017, August, Tuesday, 3:40 pm, 60, Wet, Y, Daylight, Rear End, Minor Injury, N, N
US, 2, 0, 0, 0, 2017, August, Wednesday, 4:43 pm, 40, Dry, N, Daylight, Side Swipe, Not Injured, N, N
US, 2, 0, 0, 0, 2017, August, Sunday, 2:43 pm, 60, Dry, N, Daylight, Rear End, Not Injured, N, N
US, 2, 0, 0, 0, 2017, August, Wednesday, 5:50 pm, 60, Dry, N, Daylight, Rear End, Not Injured, N, N
US, 2, 0, 1, 0, 2017, August, Wednesday, 6:07 pm, 60, Dry, N, Daylight, Hit Pedestrian, Major Injury, N, N
US, 2, 0, 0, 0, 2017, August, Wednesday, 6:05 pm, 60, Dry, N, Daylight, Head On, Not Injured, N, N
US, 2, 0, 0, 0, 2017, August, Wednesday, 12:00 am, 40, Dry, N, Daylight, Side Swipe, Not Injured, N, N
US, 2, 0, 0, 0, 2017, August, Monday, 4:10 pm, 40, Dry, N, Daylight, Rear End, Not Injured, N, N
US, 2, 0, 0, 0, 2017, August, Wednesday, 11:40 pm, 40, Dry, N, Night, Right Angle, Not Injured, N, N
US, 2, 0, 0, 0, 2017, August, Sunday, 6:29 pm, 60, Dry, N, Daylight, Right Angle, Not Injured, N, N
US, 2, 0, 0, 0, 2017, August, Saturday, 4:35 pm, 90, Wet, Y, Daylight, Rear End, Not Injured, N, N
US, 3, 0, 0, 0, 2017, August, Tuesday, 7:14 am, 90, Dry, N, Daylight, Rear End, Not Injured, N, N
US, 2, 0, 0, 2, 2017, August, Saturday, 2:59 pm, 90, Dry, N, Daylight, Side Swipe, Minor Injury, N, N
US, 2, 0, 0, 0, 2017, August, Wednesday, 6:00 am, 40, Dry, N, Daylight, Head On, Not Injured, N, N
US, 2, 0, 0, 0, 2017, August, Thursday, 4:25 am, 40, Dry, N, Night, Side Swipe, Not Injured, Y, N
US, 2, 0, 0, 1, 2017, August, Friday, 1:50 pm, 40, Dry, N, Daylight, Right Angle, Minor Injury, N, N
US, 3, 0, 0, 1, 2017, August, Thursday, 7:34 am, 90, Dry, N, Daylight, Rear End, Minor Injury, N, N
US, 2, 0, 0, 0, 2017, August, Monday, 3:42 pm, 40, Dry, N, Daylight, Rear End, Not Injured, N, N
US, 2, 0, 0, 0, 2017, August, Thursday, 2:33 pm, 40, Dry, N, Daylight, Right Angle, Not Injured, N, N
US, 2, 0, 0, 0, 2017, August, Friday, 3:19 pm, 70, Dry, N, Daylight, Rear End, Not Injured, N, N
US, 3, 0, 0, 0, 2017, August, Thursday, 4:57 pm, 40, Dry, N, Daylight, Head On, Not Injured, Y, N
US, 3, 0, 0, 0, 2017, August, Thursday, 4:00 pm, 60, Dry, N, Daylight, Rear End, Minor Injury, N, N
US, 2, 0, 0, 0, 2017, August, Thursday, 5:30 pm, 70, Dry, N, Daylight, Right Angle, Not Injured, N, N
US, 2, 0, 0, 0, 2017, August, Wednesday, 8:14 am, 40, Dry, N, Daylight, Head On, Not Injured, N, N
US, 3, 0, 0, 0, 2017, August, Thursday, 5:36 pm, 70, Wet, Y, Daylight, Rear End, Not Injured, N, N
US, 2, 0, 0, 0, 2017, August, Thursday, 9:55 pm, 60, Wet, Y, Night, Rear End, Not Injured, N, N
US, 2, 0, 0, 0, 2017, August, Thursday, 8:01 am, 90, Dry, N, Daylight, Rear End, Not Injured, N, N
US, 2, 0, 0, 2, 2017, August, Thursday, 6:54 pm, 60, Dry, N, Daylight, Right Angle, Minor Injury, N, N
US, 2, 0, 0, 0, 2017, August, Thursday, 2:14 am, 40, Dry, N, Night, Side Swipe, Not Injured, Y, N
US, 2, 0, 0, 0, 2017, August, Thursday, 1:10 pm, 60, Dry, N, Daylight, Rear End, Not Injured, N, N
US, 3, 0, 0, 0, 2017, August, Thursday, 7:24 am, 60, Dry, N, Daylight, Right Angle, Not Injured, N, N
US, 3, 0, 0, 0, 2017, August, Thursday, 9:56 pm, 40, Wet, Y, Night, Side Swipe, Not Injured, N, N
US, 2, 0, 0, 0, 2017, August, Wednesday, 9:33 pm, 40, Dry, N, Night, Right Angle, Not Injured, N, N
US, 2, 0, 0, 0, 2017, August, Friday, 11:00 am, 40, Dry, N, Daylight, Right Angle, Not Injured, N, N
US, 2, 0, 0, 0, 2017, August, Friday, 12:10 am, 40, Dry, N, Daylight, Side Swipe, Minor Injury, N, N
US, 2, 0, 0, 0, 2017, August, Tuesday, 4:21 pm, 40, Wet, Y, Night, Hit Pedestrian, Minor Injury, N, N
US, 2, 0, 0, 0, 2017, August, Thursday, 5:35 am, 60, Dry, N, Night, Right Angle, Not Injured, N, N
US, 2, 0, 0, 0, 2017, August, Wednesday, 12:37 am, 60, Dry, N, Daylight, Rear End, Minor Injury, N, N
US, 4, 0, 0, 0, 2017, August, Friday, 6:59 pm, 60, Dry, N, Daylight, Rear End, Minor Injury, N, N
US, 2, 0, 0, 0, 2017, August, Friday, 5:59 pm, 70, Dry, N, Daylight, Right Angle, Minor Injury, N, N
US, 4, 0, 0, 0, 2017, August, Sunday, 3:01 am, 40, Dry, N, Night, Side Swipe, Not Injured, Y, N
US, 2, 0, 0, 0, 2017, August, Saturday, 12:27 am, 40, Dry, N, Night, Rear End, Not Injured, Y, N
US, 2, 0, 0, 0, 2017, August, Friday, 10:45 pm, 40, Dry, N, Night, Right Angle, Not Injured, N, N
US, 2, 0, 0, 0, 2017, August, Saturday, 2:45 am, 40, Dry, N, Night, Rear End, Not Injured, Y, N
US, 2, 0, 0, 0, 2017, August, Monday, 6:20 am, 110, Dry, N, Daylight, Side Swipe, Minor Injury, N, N
US, 2, 0, 0, 0, 2017, August, Wednesday, 1:33 pm, 40, Dry, N, Daylight, Rear End, Not Injured, N, N
US, 2, 0, 0, 0, 2017, August, Friday, 4:34 pm, 60, Dry, N, Daylight, Right Angle, Minor Injury, N, N
US, 2, 0, 0, 0, 2017, August, Saturday, 9:13 am, 40, Dry, N, Daylight, Rear End, Not Injured, N, N
US, 3, 0, 0, 0, 2017, August, Friday, 5:27 pm, 60, Dry, N, Daylight, Rear End, Not Injured, N, N
US, 4, 0, 0, 0, 2017, August, Saturday, 10:40 am, 40, Dry, N, Daylight, Rear End, Not Injured, N, N
US, 2, 0, 0, 0, 2017, August, Friday, 8:55 am, 70, Dry, N, Daylight, Rear End, Not Injured, N, N
US, 2, 0, 0, 0, 2017, August, Saturday, 11:27 am, 70, Dry, N, Daylight, Right Angle, Not Injured, N, N
US, 2, 0, 0, 1, 2017, August, Saturday, 11:56 am, 40, Dry, N, Daylight, Head On, Minor Injury, N, N
US, 2, 0, 0, 0, 2017, August, Saturday, 5:20 pm, 40, Dry, N, Daylight, Right Angle, Minor Injury, N, N
US, 2, 0, 0, 0, 2017, August, Friday, 6:00 pm, 40, Dry, N, Daylight, Right Angle, Not Injured, N, N
US, 2, 0, 0, 0, 2017, August, Saturday, 11:30 pm, 40, Dry, N, Night, Right Angle, Not Injured, N, N
US, 2, 0, 0, 0, 2017, August, Saturday, 11:35 pm, 40, Dry, N, Night, Rear End, Not Injured, N, N
US, 3, 0, 0, 0, 2017, August, Saturday, 4:04 am, 40, Dry, N, Night, Side Swipe, Not Injured, Y, N
US, 2, 0, 0, 0, 2017, July, Tuesday, 8:56 am, 90, Dry, N, Daylight, Rear End, Not Injured, N, N
US, 3, 0, 0, 0, 2017, August, Saturday, 6:45 pm, 60, Dry, N, Daylight, Rear End, Minor Injury, N, N
US, 2, 0, 0, 0, 2017, August, Friday, 11:15 am, 50, Dry, N, Daylight, Rear End, Not Injured, N, N
US, 3, 0, 0, 0, 2017, August, Sunday, 7:20 am, 50, Dry, N, Daylight, Rear End, Not Injured, N, N
US, 2, 0, 0, 1, 2017, August, Saturday, 11:57 am, 40, Dry, N, Daylight, Side Swipe, Minor Injury, N, N
US, 2, 0, 0, 1, 2017, August, Saturday, 6:50 pm, 40, Dry, N, Daylight, Head On, Minor Injury, N, N
US, 5, 0, 0, 1, 2017, August, Friday, 10:13 am, 90, Dry, N, Daylight, Rear End, Minor Injury, N, N
US, 2, 0, 0, 0, 2017, August, Saturday, 3:30 pm, 20, Dry, N, Daylight, Right Angle, Not Injured, N, N
US, 2, 0, 0, 0, 2017, August, Sunday, 11:54 am, 60, Dry, N, Daylight, Right Angle, Not Injured, N, N
US, 2, 0, 0, 0, 2017, August, Thursday, 7:43 am, 70, Dry, N, Daylight, Right Angle, Not Injured, N, N
US, 2, 0, 0, 0, 2017, August, Saturday, 9:29 pm, 60, Dry, N, Night, Rear End, Not Injured, Y, N
US, 2, 0, 0, 0, 2017, August, Sunday, 2:40 pm, 40, Dry, N, Daylight, Rear End, Minor Injury, N, N
US, 2, 0, 0, 0, 2017, August, Thursday, 8:10 pm, 40, Wet, Y, Night, Right Angle, Not Injured, N, N
US, 2, 0, 0, 0, 2017, August, Sunday, 5:40 pm, 30, Dry, N, Daylight, Head On, Not Injured, N, N
US, 2, 0, 0, 1, 2017, August, Saturday, 3:22 pm, 60, Dry, N, Daylight, Right Angle, Minor Injury, N, N
US, 2, 0, 0, 1, 2017, August, Sunday, 6:53 pm, 70, Dry, N, Daylight, Right Angle, Minor Injury, N, N
US, 3, 0, 0, 0, 2017, August, Saturday, 10:16 pm, 60, Dry, N, Night, Rear End, Minor Injury, Y, N
US, 2, 0, 0, 0, 2017, August, Sunday, 7:30 pm, 40, Dry, N, Night, Side Swipe, Not Injured, N, N
US, 2, 0, 0, 0, 2017, August, Wednesday, 5:50 am, 60, Dry, N, Night, Rear End, Not Injured, N, N
US, 3, 0, 0, 0, 2017, August, Sunday, 2:51 am, 40, Dry, N, Night, Rear End, Not Injured, N, N
US, 2, 0, 0, 1, 2017, August, Monday, 6:20 am, 40, Dry, N, Daylight, Rear End, Minor Injury, N, N
US, 2, 0, 0, 0, 2017, August, Monday, 7:59 am, 40, Dry, N, Daylight, Rear End, Not Injured, N, N
US, 2, 0, 0, 0, 2017, August, Monday, 9:50 am, 40, Dry, N, Daylight, Head On, Not Injured, N, N
US, 2, 0, 0, 0, 2017, August, Monday, 10:40 am, 60, Dry, N, Daylight, Right Angle, Not Injured, N, N
US, 2, 0, 0, 0, 2017, August, Monday, 12:30 am, 60, Dry, N, Daylight, Right Angle, Minor Injury, N, N
US, 2, 0, 0, 0, 2017, August, Wednesday, 8:52 am, 40, Dry, N, Daylight, Right Angle, Not Injured, N, N
US, 2, 0, 0, 0, 2017, August, Monday, 1:17 pm, 40, Dry, N, Daylight, Rear End, Minor Injury, N, N
US, 2, 0, 0, 0, 2017, August, Monday, 3:05 pm, 40, Dry, N, Daylight, Right Angle, Not Injured, N, N
US, 2, 0, 0, 0, 2017, June, Tuesday, 7:41 pm, 90, Dry, N, Daylight, Rear End, Minor Injury, N, N
US, 2, 0, 0, 0, 2017, August, Thursday, 4:25 pm, 30, Wet, N, Daylight, Rear End, Not Injured, N, N
US, 5, 0, 0, 0, 2017, June, Tuesday, 7:41 pm, 90, Dry, N, Daylight, Rear End, Not Injured, N, N
US, 2, 0, 0, 1, 2017, August, Monday, 3:20 pm, 60, Dry, N, Daylight, Rear End, Minor Injury, N, N
US, 2, 0, 0, 0, 2017, August, Monday, 6:20 pm, 40, Dry, N, Night, Rear End, Not Injured, N, N
US, 3, 0, 0, 0, 2017, August, Monday, 8:54 pm, 40, Dry, N, Night, Right Angle, Minor Injury, N, N
US, 2, 0, 0, 0, 2017, August, Tuesday, 2:21 am, 40, Dry, N, Night, Right Angle, Not Injured, N, N
US, 2, 0, 0, 0, 2017, August, Monday, 10:46 pm, 60, Dry, N, Night, Rear End, Minor Injury, N, N
US, 2, 0, 0, 0, 2017, August, Tuesday, 7:00 am, 90, Dry, N, Daylight, Rear End, Not Injured, N, N
US, 4, 0, 1, 0, 2017, August, Tuesday, 10:22 am, 110, Dry, N, Daylight, Rear End, Major Injury, N, N
US, 3, 0, 0, 2, 2017, August, Saturday, 2:04 pm, 90, Dry, N, Daylight, Rear End, Minor Injury, N, N
US, 2, 0, 0, 0, 2017, August, Saturday, 2:50 pm, 40, Dry, N, Daylight, Right Angle, Not Injured, N, N
US, 2, 0, 0, 0, 2017, August, Tuesday, 9:28 am, 40, Dry, N, Daylight, Right Angle, Not Injured, N, N
US, 2, 0, 0, 0, 2017, August, Tuesday, 7:37 am, 60, Dry, N, Daylight, Right Angle, Not Injured, N, N
US, 2, 0, 0, 0, 2017, August, Tuesday, 9:30 am, 40, Dry, N, Daylight, Right Angle, Not Injured, N, N
US, 2, 0, 0, 0, 2017, August, Friday, 6:50 pm, 60, Dry, N, Daylight, Rear End, Not Injured, N, N
US, 2, 0, 0, 0, 2017, August, Monday, 11:45 am, 60, Dry, N, Daylight, Head On, Not Injured, N, N
US, 4, 0, 0, 0, 2017, August, Tuesday, 11:15 am, 40, Dry, N, Daylight, Side Swipe, Not Injured, N, N
US, 2, 0, 1, 1, 2017, August, Tuesday, 12:40 am, 50, Dry, N, Daylight, Rear End, Major Injury, N, N
US, 2, 0, 0, 0, 2017, August, Monday, 4:38 pm, 20, Dry, N, Daylight, Head On, Not Injured, N, N
US, 2, 0, 0, 0, 2017, August, Tuesday, 3:00 pm, 40, Dry, N, Daylight, Right Angle, Not Injured, N, N
US, 3, 0, 0, 0, 2017, August, Monday, 3:19 pm, 20, Dry, N, Daylight, Rear End, Minor Injury, N, N
US, 2, 0, 0, 1, 2017, August, Monday, 9:25 am, 90, Dry, N, Daylight, Right Angle, Minor Injury, N, N
US, 2, 0, 0, 0, 2017, August, Monday, 9:35 pm, 40, Dry, N, Night, Hit Pedestrian, Minor Injury, N, N
US, 2, 0, 0, 0, 2017, August, Tuesday, 4:02 pm, 40, Dry, N, Daylight, Rear End, Minor Injury, N, N
US, 2, 0, 0, 0, 2017, August, Tuesday, 9:08 pm, 40, Dry, N, Daylight, Rear End, Not Injured, N, N
US, 2, 0, 1, 0, 2017, August, Wednesday, 3:39 pm, 70, Dry, N, Daylight, Right Angle, Major Injury, N, N
US, 2, 0, 0, 0, 2017, August, Friday, 9:44 pm, 40, Dry, N, Night, Rear End, Not Injured, N, N
US, 2, 0, 0, 0, 2017, August, Tuesday, 7:50 am, 40, Dry, N, Daylight, Right Angle, Not Injured, N, N
US, 2, 0, 1, 0, 2017, August, Tuesday, 7:28 am, 40, Dry, N, Daylight, Right Angle, Major Injury, N, N
US, 2, 0, 0, 0, 2017, August, Tuesday, 6:25 am, 80, Dry, N, Daylight, Rear End, Not Injured, N, N
US, 2, 0, 0, 0, 2017, August, Thursday, 1:31 pm, 60, Dry, N, Daylight, Right Angle, Not Injured, N, N
US, 2, 0, 0, 0, 2017, August, Tuesday, 9:13 am, 60, Dry, N, Daylight, Right Angle, Minor Injury, N, N
US, 2, 0, 0, 0, 2017, August, Wednesday, 10:08 am, 70, Dry, N, Daylight, Rear End, Not Injured, N, N
US, 2, 0, 0, 0, 2017, August, Tuesday, 1:25 pm, 50, Dry, N, Daylight, Right Angle, Not Injured, N, N
US, 2, 0, 0, 0, 2017, August, Wednesday, 9:03 am, 40, Dry, N, Daylight, Head On, Not Injured, N, N
US, 2, 0, 0, 0, 2017, August, Wednesday, 7:23 am, 40, Dry, N, Daylight, Rear End, Not Injured, N, N
US, 4, 0, 0, 0, 2017, August, Tuesday, 4:53 pm, 40, Dry, N, Daylight, Rear End, Not Injured, N, N
US, 2, 0, 0, 0, 2017, August, Wednesday, 2:01 pm, 70, Dry, N, Daylight, Right Angle, Minor Injury, N, N
US, 2, 0, 0, 0, 2017, August, Wednesday, 5:40 pm, 40, Dry, N, Daylight, Right Angle, Minor Injury, N, N
US, 5, 0, 0, 0, 2017, August, Tuesday, 3:52 pm, 110, Dry, N, Daylight, Right Angle, Not Injured, N, N
US, 2, 0, 0, 0, 2017, August, Wednesday, 3:55 pm, 40, Dry, N, Daylight, Side Swipe, Not Injured, N, N
US, 2, 0, 0, 0, 2017, August, Wednesday, 5:40 pm, 60, Dry, N, Daylight, Right Angle, Not Injured, N, N
US, 2, 0, 0, 0, 2017, August, Tuesday, 4:00 pm, 60, Dry, N, Daylight, Rear End, Not Injured, N, N
US, 2, 0, 0, 0, 2017, August, Wednesday, 7:00 pm, 40, Dry, N, Daylight, Right Angle, Not Injured, N, N
US, 4, 0, 0, 0, 2017, August, Sunday, 2:32 am, 40, Dry, N, Night, Side Swipe, Not Injured, N, N
US, 3, 0, 0, 1, 2017, August, Saturday, 4:34 pm, 90, Wet, Y, Daylight, Rear End, Minor Injury, N, N
US, 2, 0, 0, 0, 2017, August, Sunday, 3:09 pm, 70, Dry, N, Daylight, Right Angle, Not Injured, N, N
US, 2, 0, 0, 0, 2017, August, Wednesday, 2:16 am, 60, Dry, N, Night, Right Angle, Not Injured, Y, N
US, 2, 0, 0, 0, 2017, August, Wednesday, 6:38 am, 40, Dry, N, Daylight, Side Swipe, Not Injured, N, N
US, 2, 0, 0, 0, 2017, August, Thursday, 7:05 am, 60, Dry, N, Daylight, Rear End, Not Injured, N, N
US, 2, 0, 0, 0, 2017, August, Monday, 7:50 am, 60, Dry, N, Daylight, Rear End, Not Injured, N, N
US, 2, 0, 0, 0, 2017, August, Thursday, 9:55 am, 40, Dry, N, Daylight, Side Swipe, Not Injured, N, N
US, 3, 0, 0, 0, 2017, August, Wednesday, 7:45 am, 60, Dry, N, Daylight, Rear End, Not Injured, N, N
US, 2, 0, 0, 2, 2017, August, Thursday, 11:13 am, 60, Dry, N, Daylight, Rear End, Minor Injury, N, N
US, 2, 0, 0, 0, 2017, August, Thursday, 8:56 am, 60, Dry, N, Daylight, Side Swipe, Minor Injury, N, N
US, 2, 0, 0, 0, 2017, August, Thursday, 12:10 am, 40, Dry, N, Daylight, Side Swipe, Not Injured, N, N
US, 2, 0, 0, 0, 2017, August, Thursday, 12:14 am, 40, Dry, N, Daylight, Right Angle, Not Injured, N, N
US, 5, 0, 0, 0, 2017, August, Monday, 10:20 pm, 40, Dry, N, Night, Rear End, Not Injured, Y, N
US, 2, 0, 0, 0, 2017, August, Thursday, 3:13 pm, 40, Dry, N, Daylight, Side Swipe, Minor Injury, N, N
US, 2, 0, 0, 0, 2017, August, Thursday, 8:57 am, 60, Dry, N, Daylight, Right Angle, Not Injured, N, N
US, 2, 0, 0, 0, 2017, August, Tuesday, 4:48 pm, 20, Wet, Y, Daylight, Right Angle, Not Injured, N, N
US, 3, 0, 0, 0, 2017, August, Tuesday, 5:15 pm, 40, Wet, N, Daylight, Right Angle, Not Injured, N, N
US, 4, 0, 0, 0, 2017, July, Tuesday, 5:26 pm, 90, Dry, N, Daylight, Rear End, Not Injured, N, N
US, 2, 0, 0, 0, 2017, August, Thursday, 9:06 am, 90, Dry, N, Daylight, Rear End, Not Injured, N, N
US, 2, 0, 0, 0, 2017, August, Thursday, 5:15 pm, 70, Dry, N, Daylight, Right Angle, Not Injured, N, N
US, 4, 0, 0, 0, 2017, August, Thursday, 8:39 pm, 60, Dry, N, Night, Rear End, Not Injured, N, N
US, 3, 0, 0, 0, 2017, September, Friday, 2:43 am, 60, Dry, N, Night, Right Angle, Minor Injury, Y, N
US, 3, 0, 0, 0, 2017, August, Thursday, 7:30 am, 40, Dry, N, Daylight, Right Angle, Not Injured, N, N
US, 2, 0, 0, 1, 2017, August, Tuesday, 5:40 pm, 60, Dry, N, Daylight, Right Angle, Minor Injury, N, N
US, 3, 0, 0, 0, 2017, September, Friday, 7:51 am, 40, Dry, N, Daylight, Rear End, Not Injured, N, N
US, 2, 0, 0, 0, 2017, September, Friday, 11:52 am, 40, Dry, N, Daylight, Side Swipe, Not Injured, N, N
US, 2, 0, 0, 0, 2017, August, Thursday, 3:43 pm, 50, Dry, N, Daylight, Right Angle, Not Injured, N, N
US, 3, 0, 0, 0, 2017, August, Thursday, 10:00 pm, 40, Dry, N, Night, Right Angle, Not Injured, N, N
US, 2, 0, 0, 0, 2017, August, Thursday, 6:30 pm, 40, Dry, N, Daylight, Right Angle, Not Injured, N, N
US, 2, 0, 0, 0, 2017, September, Friday, 3:11 pm, 40, Dry, N, Daylight, Rear End, Minor Injury, N, N
US, 2, 0, 0, 0, 2017, September, Friday, 2:59 pm, 40, Dry, N, Daylight, Rear End, Minor Injury, N, N
US, 2, 0, 0, 0, 2017, September, Friday, 5:00 pm, 60, Dry, N, Daylight, Right Angle, Not Injured, N, N
US, 5, 0, 0, 1, 2017, August, Saturday, 6:43 pm, 90, Dry, N, Daylight, Rear End, Minor Injury, N, N
US, 2, 0, 0, 0, 2017, September, Friday, 5:32 pm, 40, Dry, N, Daylight, Right Angle, Not Injured, N, N
US, 3, 0, 0, 0, 2017, September, Friday, 5:15 pm, 60, Dry, N, Daylight, Right Angle, Not Injured, N, N
US, 2, 0, 0, 1, 2017, August, Saturday, 10:56 pm, 90, Dry, N, Night, Rear End, Minor Injury, N, N