Nation,Total Units,Total Fatalities,Total Serious Injuries,Total Minor Injuries,Year,Month,Day,Time,Speed Limit,Moisture,Adverse Weather Conditions,DayNight,Crash Type,Crash Severity,Alcohol Related ,Drug Related
US, 2, 0, 0, 0, 2017, September, Friday, 5:10 pm, 40, Dry, N, Daylight, Right Angle, Not Injured, N, N
US, 2, 0, 0, 0, 2017, September, Friday, 2:57 pm, 40, Dry, N, Daylight, Right Angle, Not Injured, N, N
US, 2, 0, 0, 0, 2017, September, Friday, 11:52 am, 40, Dry, N, Daylight, Right Angle, Not Injured, N, N
US, 2, 0, 0, 0, 2017, September, Friday, 6:26 pm, 40, Dry, N, Daylight, Rear End, Not Injured, N, N
US, 2, 0, 0, 0, 2017, September, Friday, 8:44 pm, 60, Dry, N, Night, Rear End, Not Injured, Y, N
US, 2, 0, 0, 0, 2017, September, Friday, 10:32 pm, 40, Dry, N, Night, Right Angle, Minor Injury, N, N
US, 2, 0, 1, 0, 2017, August, Thursday, 5:18 pm, 60, Dry, N, Daylight, Head On, Major Injury, N, N
US, 2, 0, 0, 0, 2017, September, Saturday, 12:12 am, 60, Dry, N, Night, Right Angle, Not Injured, N, N
US, 4, 0, 0, 0, 2017, September, Friday, 4:10 am, 40, Dry, N, Night, Right Angle, Not Injured, Y, N
US, 4, 0, 0, 0, 2017, September, Saturday, 2:30 am, 40, Dry, N, Night, Right Angle, Not Injured, N, N
US, 2, 0, 0, 0, 2017, September, Saturday, 12:2 am, 60, Dry, N, Night, Right Angle, Not Injured, Y, N
US, 3, 0, 0, 0, 2017, September, Saturday, 3:00 am, 40, Dry, N, Night, Side Swipe, Not Injured, Y, N
US, 2, 0, 0, 2, 2017, August, Friday, 4:35 pm, 40, Dry, N, Daylight, Right Angle, Minor Injury, N, N
US, 2, 0, 0, 0, 2017, September, Saturday, 10:55 am, 40, Dry, N, Daylight, Right Angle, Not Injured, N, N
US, 2, 0, 0, 0, 2017, September, Friday, 6:04 pm, 70, Dry, N, Daylight, Right Angle, Not Injured, N, N
US, 4, 0, 0, 0, 2017, September, Saturday, 1:53 am, 40, Dry, N, Night, Side Swipe, Not Injured, N, N
US, 2, 0, 0, 1, 2017, September, Saturday, 4:40 pm, 50, Wet, Y, Daylight, Head On, Minor Injury, N, N
US, 2, 0, 0, 0, 2017, September, Saturday, 10:35 pm, 40, Wet, Y, Night, Right Angle, Not Injured, N, N
US, 2, 0, 0, 0, 2017, September, Sunday, 12:57 am, 40, Wet, Y, Night, Rear End, Not Injured, N, N
US, 2, 0, 0, 0, 2017, September, Sunday, 1:00 am, 70, Wet, Y, Night, Right Angle, Not Injured, N, N
US, 2, 0, 0, 0, 2017, September, Saturday, 11:44 am, 40, Wet, Y, Daylight, Side Swipe, Not Injured, N, N
US, 2, 0, 0, 0, 2017, September, Sunday, 3:32 am, 40, Wet, Y, Night, Right Angle, Not Injured, Y, N
US, 2, 0, 0, 0, 2017, September, Saturday, 2:27 pm, 60, Dry, N, Daylight, Rear End, Not Injured, N, N
US, 3, 0, 0, 0, 2017, September, Sunday, 8:28 am, 60, Wet, Y, Daylight, Rear End, Not Injured, N, N
US, 2, 0, 0, 0, 2017, September, Sunday, 10:15 am, 40, Wet, Y, Daylight, Right Angle, Not Injured, N, N
US, 3, 0, 0, 1, 2017, September, Saturday, 2:01 pm, 60, Dry, N, Daylight, Right Angle, Minor Injury, N, N
US, 2, 0, 0, 0, 2017, September, Saturday, 11:00 pm, 40, Dry, N, Night, Rear End, Not Injured, N, N
US, 2, 0, 0, 0, 2017, August, Saturday, 7:10 pm, 70, Dry, N, Daylight, Rear End, Not Injured, N, N
US, 2, 0, 0, 1, 2017, September, Sunday, 4:21 pm, 40, Dry, N, Daylight, Right Angle, Minor Injury, N, N
US, 2, 0, 0, 0, 2017, September, Sunday, 2:45 pm, 40, Dry, N, Daylight, Right Angle, Not Injured, N, N
US, 2, 0, 0, 0, 2017, August, Sunday, 8:46 pm, 60, Dry, N, Night, Side Swipe, Not Injured, N, N
US, 2, 0, 0, 4, 2017, September, Sunday, 4:35 pm, 40, Dry, N, Daylight, Right Angle, Minor Injury, N, N
US, 2, 0, 1, 0, 2017, September, Sunday, 5:20 pm, 40, Dry, N, Daylight, Hit Pedestrian, Major Injury, N, N
US, 2, 0, 0, 0, 2017, September, Sunday, 7:30 pm, 40, Dry, N, Night, Side Swipe, Not Injured, N, N
US, 2, 0, 0, 1, 2017, August, Thursday, 6:19 am, 60, Dry, N, Daylight, Rear End, Minor Injury, N, N
US, 2, 0, 0, 0, 2017, September, Sunday, 9:13 am, 60, Wet, Y, Daylight, Rear End, Not Injured, N, N
US, 3, 0, 0, 0, 2017, September, Sunday, 11:55 pm, 40, Dry, N, Night, Rear End, Not Injured, N, N
US, 2, 0, 0, 1, 2017, September, Sunday, 12:08 am, 40, Dry, N, Daylight, Side Swipe, Minor Injury, N, N
US, 2, 0, 0, 0, 2017, September, Sunday, 11:43 pm, 60, Dry, N, Night, Right Angle, Minor Injury, Y, N
US, 2, 0, 0, 0, 2017, August, Wednesday, 11:21 am, 60, Dry, N, Daylight, Right Angle, Not Injured, N, N
US, 3, 0, 0, 0, 2017, August, Saturday, 1:05 pm, 60, Dry, N, Daylight, Rear End, Not Injured, N, N
US, 2, 0, 0, 0, 2017, September, Monday, 10:45 am, 60, Dry, N, Daylight, Head On, Not Injured, N, N
US, 3, 0, 0, 0, 2017, August, Wednesday, 8:50 am, 60, Dry, N, Daylight, Rear End, Not Injured, N, N
US, 2, 0, 0, 1, 2017, September, Monday, 3:07 pm, 40, Dry, N, Daylight, Right Angle, Minor Injury, N, N
US, 3, 0, 0, 0, 2017, September, Monday, 6:37 pm, 40, Dry, N, Daylight, Rear End, Not Injured, N, N
US, 3, 0, 0, 0, 2017, September, Sunday, 7:57 pm, 60, Dry, N, Night, Rear End, Not Injured, N, N
US, 3, 0, 0, 0, 2017, September, Tuesday, 12:25 am, 60, Dry, N, Night, Rear End, Not Injured, N, N
US, 2, 0, 0, 0, 2017, August, Wednesday, 6:30 pm, 40, Dry, N, Daylight, Right Angle, Minor Injury, N, N
US, 2, 0, 0, 0, 2017, September, Monday, 6:43 am, 40, Dry, N, Daylight, Right Angle, Not Injured, N, N
US, 3, 0, 0, 0, 2017, August, Thursday, 2:26 pm, 20, Dry, N, Daylight, Rear End, Not Injured, N, N
US, 2, 0, 0, 0, 2017, September, Monday, 3:09 pm, 40, Dry, N, Daylight, Right Angle, Not Injured, N, N
US, 2, 0, 0, 1, 2017, September, Tuesday, 8:33 am, 40, Wet, Y, Daylight, Right Angle, Minor Injury, N, N
US, 2, 0, 0, 0, 2017, September, Tuesday, 7:30 am, 60, Wet, N, Daylight, Right Angle, Not Injured, N, N
US, 2, 0, 0, 0, 2017, September, Tuesday, 11:28 am, 50, Wet, N, Daylight, Right Angle, Minor Injury, N, N
US, 2, 0, 0, 0, 2017, September, Tuesday, 12:28 am, 40, Dry, N, Daylight, Right Angle, Minor Injury, N, N
US, 2, 0, 0, 1, 2017, September, Tuesday, 2:47 pm, 60, Dry, N, Daylight, Hit Pedestrian, Minor Injury, N, N
US, 2, 0, 0, 0, 2017, September, Tuesday, 4:52 pm, 40, Dry, N, Daylight, Rear End, Not Injured, N, N
US, 2, 0, 0, 1, 2017, August, Thursday, 7:15 am, 60, Dry, N, Daylight, Rear End, Minor Injury, N, N
US, 2, 0, 0, 0, 2017, August, Thursday, 12:06 am, 60, Dry, N, Daylight, Rear End, Not Injured, N, N
US, 2, 0, 0, 0, 2017, June, Tuesday, 7:45 pm, 90, Dry, N, Daylight, Rear End, Not Injured, N, N
US, 2, 0, 0, 0, 2017, August, Thursday, 12:50 am, 90, Dry, N, Daylight, Right Angle, Not Injured, N, N
US, 2, 0, 1, 0, 2017, July, Sunday, 3:48 pm, 90, Dry, N, Daylight, Hit Pedestrian, Major Injury, N, N
US, 2, 0, 0, 0, 2017, August, Sunday, 5:06 pm, 90, Dry, N, Daylight, Rear End, Not Injured, N, N
US, 2, 0, 0, 0, 2017, September, Saturday, 3:00 am, 110, Dry, N, Night, Rear End, Not Injured, Y, N
US, 2, 0, 0, 1, 2017, September, Tuesday, 5:51 am, 60, Wet, Y, Daylight, Head On, Minor Injury, N, N
US, 2, 0, 0, 1, 2017, September, Tuesday, 9:45 pm, 40, Dry, N, Night, Right Angle, Minor Injury, N, N
US, 3, 0, 0, 0, 2017, September, Tuesday, 11:03 pm, 40, Dry, N, Night, Side Swipe, Not Injured, Y, N
US, 2, 0, 0, 0, 2017, September, Monday, 1:40 am, 40, Dry, N, Night, Right Angle, Not Injured, N, N
US, 2, 0, 0, 0, 2017, August, Tuesday, 2:00 pm, 40, Dry, N, Daylight, Right Angle, Minor Injury, N, N
US, 2, 0, 0, 0, 2017, September, Friday, 2:24 pm, 60, Dry, N, Daylight, Rear End, Not Injured, N, N
US, 2, 0, 0, 0, 2017, August, Tuesday, 7:20 am, 90, Dry, N, Daylight, Rear End, Not Injured, N, N
US, 2, 0, 0, 1, 2017, August, Friday, 11:13 pm, 90, Dry, N, Night, Rear End, Minor Injury, N, N
US, 2, 0, 0, 0, 2017, September, Wednesday, 7:46 am, 60, Dry, Y, Daylight, Right Angle, Not Injured, N, N
US, 2, 0, 0, 0, 2017, September, Wednesday, 11:33 am, 40, Dry, N, Daylight, Right Angle, Not Injured, N, N
US, 2, 0, 0, 0, 2017, September, Wednesday, 12:45 am, 40, Dry, N, Daylight, Right Angle, Not Injured, N, N
US, 2, 0, 0, 0, 2017, September, Tuesday, 8:52 am, 30, Wet, N, Daylight, Rear End, Not Injured, N, N
US, 2, 0, 0, 0, 2017, September, Tuesday, 4:43 pm, 40, Dry, N, Daylight, Head On, Not Injured, N, N
US, 2, 0, 0, 0, 2017, September, Tuesday, 8:05 pm, 60, Dry, N, Night, Rear End, Not Injured, N, N
US, 3, 0, 1, 0, 2017, September, Wednesday, 2:48 pm, 40, Dry, N, Daylight, Side Swipe, Major Injury, N, N
US, 2, 0, 0, 0, 2017, September, Tuesday, 8:42 pm, 60, Dry, N, Night, Rear End, Minor Injury, Y, N
US, 2, 0, 0, 2, 2017, September, Wednesday, 2:55 pm, 60, Dry, N, Daylight, Rear End, Minor Injury, N, N
US, 2, 0, 0, 0, 2017, September, Wednesday, 3:36 pm, 40, Dry, N, Daylight, Right Angle, Minor Injury, N, N
US, 2, 0, 0, 0, 2017, September, Tuesday, 9:40 pm, 60, Dry, N, Night, Right Angle, Not Injured, N, N
US, 2, 0, 0, 0, 2017, September, Wednesday, 4:44 pm, 40, Dry, N, Daylight, Side Swipe, Not Injured, N, N
US, 2, 0, 0, 0, 2017, August, Wednesday, 6:21 am, 40, Dry, N, Daylight, Right Angle, Not Injured, N, N
US, 2, 0, 0, 0, 2017, August, Tuesday, 12:31 am, 60, Dry, N, Daylight, Right Angle, Not Injured, N, N
US, 2, 0, 0, 0, 2017, September, Wednesday, 4:05 pm, 40, Dry, N, Daylight, Right Angle, Not Injured, N, N
US, 2, 0, 0, 0, 2017, September, Wednesday, 6:00 pm, 20, Dry, N, Daylight, Rear End, Not Injured, N, N
US, 2, 0, 0, 0, 2017, September, Thursday, 12:1 am, 40, Dry, N, Night, Rear End, Not Injured, Y, N
US, 2, 0, 0, 0, 2017, September, Wednesday, 6:28 am, 40, Dry, N, Daylight, Head On, Minor Injury, N, N
US, 3, 0, 0, 0, 2017, September, Thursday, 2:25 am, 40, Dry, N, Night, Rear End, Not Injured, N, N
US, 2, 0, 0, 1, 2017, August, Sunday, 4:19 pm, 90, Dry, N, Daylight, Rear End, Minor Injury, N, N
US, 3, 0, 0, 1, 2017, September, Wednesday, 10:35 am, 60, Dry, N, Daylight, Rear End, Minor Injury, N, N
US, 3, 0, 0, 0, 2017, September, Thursday, 7:25 am, 60, Dry, N, Daylight, Rear End, Not Injured, N, N
US, 2, 0, 0, 1, 2017, September, Thursday, 6:33 am, 40, Dry, N, Daylight, Rear End, Minor Injury, N, N
US, 2, 0, 0, 1, 2017, September, Thursday, 9:16 am, 40, Dry, N, Daylight, Right Angle, Minor Injury, N, N
US, 2, 0, 0, 0, 2017, September, Thursday, 11:30 am, 50, Dry, N, Daylight, Rear End, Minor Injury, N, N
US, 2, 0, 0, 1, 2017, September, Thursday, 1:20 pm, 50, Dry, N, Daylight, Right Angle, Minor Injury, N, N
US, 2, 0, 0, 0, 2017, September, Wednesday, 5:22 pm, 70, Dry, N, Daylight, Rear End, Not Injured, Y, N
US, 3, 0, 0, 0, 2017, August, Thursday, 7:24 am, 40, Dry, N, Daylight, Rear End, Not Injured, N, N
US, 2, 0, 0, 0, 2017, September, Thursday, 2:00 pm, 60, Dry, N, Daylight, Right Angle, Not Injured, N, N
US, 2, 1, 1, 0, 2017, July, Monday, 7:16 pm, 90, Dry, N, Night, Right Angle, Fatal, N, N
US, 3, 0, 0, 0, 2017, August, Thursday, 4:10 pm, 40, Dry, N, Daylight, Rear End, Not Injured, N, N
US, 2, 0, 0, 0, 2017, September, Tuesday, 2:36 pm, 60, Dry, N, Daylight, Rear End, Not Injured, N, N
US, 2, 0, 0, 2, 2017, September, Thursday, 7:20 pm, 40, Wet, Y, Night, Right Angle, Minor Injury, N, N
US, 2, 0, 0, 1, 2017, September, Thursday, 10:40 pm, 50, Wet, Y, Night, Right Angle, Minor Injury, N, N
US, 2, 0, 0, 0, 2017, September, Friday, 12:50 am, 40, Dry, N, Night, Right Angle, Minor Injury, N, N
US, 3, 0, 0, 0, 2017, September, Wednesday, 7:13 am, 60, Dry, N, Daylight, Right Angle, Minor Injury, N, N
US, 2, 0, 0, 0, 2017, September, Thursday, 12:15 am, 40, Dry, N, Daylight, Side Swipe, Not Injured, N, N
US, 2, 0, 0, 0, 2017, September, Friday, 11:00 am, 40, Dry, N, Daylight, Rear End, Not Injured, N, N
US, 2, 0, 0, 0, 2017, September, Friday, 12:11 am, 40, Dry, N, Daylight, Right Angle, Not Injured, N, N
US, 2, 0, 0, 0, 2017, September, Friday, 2:45 pm, 40, Dry, N, Daylight, Head On, Not Injured, N, N
US, 2, 0, 0, 0, 2017, September, Friday, 3:39 pm, 60, Dry, N, Daylight, Side Swipe, Not Injured, N, N
US, 2, 0, 0, 1, 2017, September, Thursday, 11:00 pm, 60, Wet, Y, Night, Rear End, Minor Injury, N, N
US, 2, 0, 0, 0, 2017, September, Friday, 2:40 pm, 60, Dry, N, Daylight, Right Angle, Not Injured, N, N
US, 2, 0, 0, 0, 2017, September, Saturday, 12:30 am, 40, Dry, N, Night, Right Angle, Not Injured, N, N
US, 2, 0, 0, 0, 2017, September, Thursday, 2:36 pm, 60, Dry, N, Daylight, Right Angle, Not Injured, N, N
US, 2, 0, 0, 0, 2017, September, Thursday, 7:37 am, 60, Dry, N, Daylight, Right Angle, Not Injured, N, N
US, 2, 0, 0, 0, 2017, September, Friday, 8:31 am, 70, Dry, N, Daylight, Rear End, Not Injured, N, N
US, 3, 0, 0, 0, 2017, September, Tuesday, 7:11 pm, 40, Dry, N, Daylight, Head On, Not Injured, N, N
US, 2, 0, 0, 0, 2017, September, Saturday, 7:50 am, 40, Dry, N, Daylight, Right Angle, Not Injured, N, N
US, 2, 0, 0, 1, 2017, September, Saturday, 10:56 am, 20, Dry, N, Daylight, Right Angle, Minor Injury, N, N
US, 2, 0, 0, 1, 2017, August, Wednesday, 4:30 pm, 40, Dry, N, Daylight, Right Angle, Minor Injury, N, N
US, 3, 0, 0, 0, 2017, September, Saturday, 11:48 am, 50, Dry, N, Daylight, Rear End, Minor Injury, N, N
US, 2, 0, 0, 0, 2017, September, Saturday, 3:13 pm, 50, Dry, N, Daylight, Side Swipe, Not Injured, N, N
US, 2, 0, 0, 0, 2017, September, Saturday, 3:15 pm, 40, Dry, N, Daylight, Right Angle, Minor Injury, N, N
US, 2, 0, 1, 1, 2017, September, Thursday, 6:30 pm, 60, Wet, Y, Daylight, Right Angle, Major Injury, N, N
US, 2, 0, 0, 0, 2017, September, Tuesday, 11:07 am, 70, Wet, Y, Daylight, Right Angle, Not Injured, N, N
US, 2, 0, 0, 0, 2017, September, Friday, 4:08 pm, 60, Dry, N, Daylight, Right Angle, Not Injured, N, N
US, 2, 0, 0, 0, 2017, August, Tuesday, 7:35 am, 110, Dry, N, Daylight, Side Swipe, Minor Injury, N, N
US, 2, 0, 0, 0, 2017, September, Saturday, 6:49 pm, 20, Dry, N, Daylight, Right Angle, Not Injured, N, N
US, 2, 0, 0, 0, 2017, September, Saturday, 5:45 pm, 40, Dry, N, Daylight, Right Angle, Minor Injury, N, N
US, 2, 0, 0, 0, 2017, September, Saturday, 7:13 pm, 40, Dry, N, Daylight, Side Swipe, Not Injured, N, N
US, 2, 0, 0, 0, 2017, September, Thursday, 9:22 pm, 60, Dry, N, Night, Head On, Not Injured, Y, N
US, 2, 0, 0, 0, 2017, September, Thursday, 5:10 am, 40, Dry, N, Night, Right Angle, Not Injured, Y, N
US, 3, 0, 0, 0, 2017, September, Friday, 4:21 pm, 90, Dry, N, Daylight, Rear End, Not Injured, N, N
US, 2, 0, 0, 0, 2017, September, Friday, 9:56 pm, 90, Dry, N, Night, Right Angle, Not Injured, N, N
US, 2, 0, 0, 0, 2017, August, Thursday, 8:07 am, 60, Dry, N, Daylight, Rear End, Not Injured, N, N
US, 2, 0, 0, 0, 2017, September, Friday, 2:12 pm, 70, Dry, N, Daylight, Rear End, Not Injured, N, N
US, 2, 0, 0, 0, 2017, September, Saturday, 1:48 pm, 60, Dry, N, Daylight, Right Angle, Not Injured, N, N
US, 2, 0, 1, 0, 2017, September, Sunday, 9:39 am, 60, Dry, N, Daylight, Head On, Major Injury, N, N
US, 3, 0, 0, 0, 2017, September, Sunday, 11:38 am, 60, Dry, N, Daylight, Rear End, Not Injured, N, N
US, 2, 0, 0, 0, 2017, September, Sunday, 2:53 am, 40, Dry, N, Night, Rear End, Minor Injury, N, N
US, 2, 0, 1, 0, 2017, September, Saturday, 3:58 pm, 40, Dry, N, Daylight, Right Angle, Major Injury, N, N
US, 2, 0, 0, 0, 2017, August, Wednesday, 6:18 pm, 40, Dry, N, Daylight, Head On, Not Injured, N, N
US, 2, 0, 0, 0, 2017, September, Tuesday, 1:35 pm, 40, Dry, N, Daylight, Rear End, Not Injured, N, N
US, 2, 0, 0, 0, 2017, September, Friday, 10:25 am, 60, Dry, N, Daylight, Side Swipe, Minor Injury, N, N
US, 2, 0, 0, 0, 2017, September, Sunday, 8:50 pm, 40, Dry, N, Night, Rear End, Not Injured, N, N
US, 2, 0, 0, 1, 2017, September, Thursday, 2:55 pm, 60, Dry, N, Daylight, Right Angle, Minor Injury, N, N
US, 3, 0, 0, 0, 2017, September, Sunday, 4:32 pm, 40, Dry, N, Daylight, Rear End, Not Injured, N, N
US, 2, 0, 0, 0, 2017, September, Sunday, 1:45 pm, 40, Dry, N, Daylight, Side Swipe, Not Injured, N, N
US, 2, 0, 0, 0, 2017, September, Monday, 7:15 am, 40, Dry, N, Daylight, Rear End, Not Injured, N, N
US, 2, 0, 0, 0, 2017, September, Monday, 7:30 am, 40, Dry, N, Daylight, Rear End, Not Injured, N, N
US, 2, 0, 0, 0, 2017, September, Monday, 8:50 am, 40, Dry, N, Daylight, Right Angle, Minor Injury, N, N
US, 2, 0, 0, 0, 2017, September, Monday, 9:24 am, 40, Dry, N, Daylight, Rear End, Not Injured, N, N
US, 2, 0, 0, 1, 2017, September, Wednesday, 4:25 pm, 90, Dry, N, Daylight, Right Angle, Minor Injury, N, N
US, 2, 0, 0, 0, 2017, September, Monday, 11:33 am, 40, Dry, N, Daylight, Side Swipe, Not Injured, N, N
US, 2, 0, 0, 0, 2017, September, Monday, 1:07 pm, 40, Dry, N, Daylight, Rear End, Not Injured, N, N
US, 2, 0, 0, 0, 2017, September, Sunday, 3:23 pm, 60, Dry, N, Daylight, Rear End, Minor Injury, N, N
US, 2, 0, 0, 0, 2017, September, Monday, 3:05 pm, 40, Dry, N, Daylight, Right Angle, Not Injured, N, N
US, 2, 0, 0, 0, 2017, September, Wednesday, 10:23 am, 60, Dry, N, Daylight, Rear End, Not Injured, N, N
US, 3, 0, 0, 1, 2017, August, Wednesday, 10:50 pm, 70, Dry, N, Night, Rear End, Minor Injury, N, N
US, 3, 0, 2, 2, 2017, September, Monday, 5:32 pm, 40, Dry, N, Daylight, Rear End, Major Injury, N, N
US, 2, 0, 0, 1, 2017, September, Monday, 9:44 pm, 60, Dry, N, Night, Side Swipe, Minor Injury, N, N
US, 2, 0, 0, 0, 2017, September, Sunday, 1:40 am, 40, Dry, N, Night, Right Angle, Not Injured, N, N
US, 3, 0, 0, 1, 2017, September, Friday, 10:25 am, 20, Dry, N, Daylight, Right Angle, Minor Injury, N, N
US, 2, 0, 0, 0, 2017, September, Friday, 5:12 pm, 90, Dry, N, Daylight, Rear End, Not Injured, N, N
US, 3, 0, 0, 0, 2017, September, Thursday, 12:02 am, 60, Dry, N, Daylight, Rear End, Not Injured, N, N
US, 2, 0, 0, 0, 2017, September, Sunday, 8:38 pm, 40, Dry, N, Night, Right Angle, Not Injured, N, N
US, 3, 0, 0, 0, 2017, September, Wednesday, 1:35 pm, 80, Dry, N, Daylight, Rear End, Minor Injury, N, N
US, 2, 0, 0, 1, 2017, September, Tuesday, 7:30 am, 70, Dry, N, Daylight, Rear End, Minor Injury, N, N
US, 2, 0, 0, 0, 2017, September, Friday, 1:26 pm, 60, Dry, N, Daylight, Rear End, Minor Injury, N, N
US, 2, 0, 0, 0, 2017, September, Monday, 12:50 am, 60, Dry, N, Daylight, Right Angle, Not Injured, N, N
US, 2, 0, 0, 0, 2017, September, Tuesday, 11:44 am, 60, Dry, N, Daylight, Right Angle, Minor Injury, N, N
US, 2, 0, 0, 0, 2017, September, Tuesday, 12:15 am, 40, Dry, N, Daylight, Right Angle, Minor Injury, N, N
US, 2, 0, 0, 0, 2017, September, Tuesday, 1:21 pm, 60, Dry, N, Daylight, Right Angle, Not Injured, N, N
US, 2, 0, 0, 0, 2017, September, Tuesday, 3:15 pm, 40, Dry, N, Daylight, Right Angle, Not Injured, N, N
US, 3, 0, 0, 0, 2017, September, Monday, 9:40 pm, 40, Dry, N, Night, Rear End, Not Injured, N, N
US, 2, 0, 0, 0, 2017, September, Friday, 6:59 am, 20, Dry, N, Daylight, Right Angle, Not Injured, N, N
US, 2, 0, 0, 0, 2017, September, Tuesday, 1:26 pm, 60, Dry, N, Daylight, Side Swipe, Not Injured, N, N
US, 2, 0, 0, 0, 2017, September, Monday, 2:05 pm, 40, Dry, N, Daylight, Right Angle, Not Injured, N, N
US, 2, 0, 0, 0, 2017, September, Monday, 7:52 am, 40, Dry, N, Daylight, Right Angle, Not Injured, N, N
US, 2, 0, 0, 1, 2017, September, Monday, 3:37 pm, 60, Dry, N, Daylight, Right Angle, Minor Injury, N, N
US, 2, 0, 0, 0, 2017, September, Monday, 6:50 pm, 40, Dry, N, Daylight, Side Swipe, Not Injured, N, N
US, 2, 0, 0, 0, 2017, September, Monday, 2:06 pm, 40, Dry, N, Daylight, Rear End, Not Injured, N, N
US, 2, 0, 0, 0, 2017, September, Monday, 12:04 am, 60, Dry, N, Daylight, Rear End, Not Injured, N, N
US, 2, 0, 0, 0, 2017, September, Monday, 3:50 pm, 60, Dry, N, Daylight, Rear End, Not Injured, N, N
US, 2, 0, 0, 0, 2017, August, Wednesday, 8:51 am, 40, Dry, N, Daylight, Rear End, Not Injured, N, N
US, 3, 0, 0, 0, 2017, September, Friday, 7:17 pm, 40, Dry, N, Daylight, Side Swipe, Not Injured, Y, N
US, 3, 0, 0, 0, 2017, September, Tuesday, 8:00 pm, 40, Dry, N, Night, Rear End, Not Injured, N, N
US, 3, 0, 0, 0, 2017, September, Saturday, 2:36 pm, 60, Dry, N, Daylight, Rear End, Not Injured, N, N
US, 5, 0, 0, 1, 2017, September, Tuesday, 4:05 pm, 70, Dry, N, Daylight, Rear End, Minor Injury, Y, N
US, 3, 0, 0, 0, 2017, September, Tuesday, 5:52 pm, 40, Dry, N, Daylight, Right Angle, Not Injured, N, N
US, 2, 0, 0, 0, 2017, September, Wednesday, 1:19 am, 40, Dry, N, Night, Head On, Not Injured, N, N
US, 2, 0, 0, 0, 2017, September, Tuesday, 4:25 pm, 40, Dry, N, Daylight, Rear End, Not Injured, N, N
US, 2, 0, 0, 1, 2017, September, Wednesday, 8:42 am, 60, Dry, N, Daylight, Hit Pedestrian, Minor Injury, N, N
US, 2, 0, 0, 0, 2017, September, Wednesday, 10:17 am, 60, Dry, N, Daylight, Right Angle, Minor Injury, N, N
US, 2, 0, 0, 0, 2017, September, Wednesday, 9:40 am, 60, Dry, N, Daylight, Right Angle, Not Injured, N, N
US, 3, 0, 0, 0, 2017, August, Tuesday, 4:46 pm, 40, Dry, N, Night, Rear End, Not Injured, N, N
US, 2, 0, 0, 0, 2017, September, Tuesday, 3:18 pm, 60, Dry, N, Daylight, Right Angle, Not Injured, N, N
US, 2, 0, 0, 0, 2017, September, Wednesday, 5:10 pm, 40, Dry, N, Daylight, Rear End, Not Injured, N, N
US, 4, 0, 0, 1, 2017, September, Wednesday, 4:24 pm, 60, Dry, N, Daylight, Rear End, Minor Injury, N, N
US, 2, 0, 0, 0, 2017, September, Wednesday, 9:57 pm, 40, Wet, Y, Night, Right Angle, Minor Injury, Y, N
US, 2, 0, 0, 0, 2017, September, Saturday, 3:40 pm, 60, Dry, N, Daylight, Rear End, Not Injured, N, N
US, 2, 0, 0, 0, 2017, September, Thursday, 7:18 am, 30, Wet, N, Daylight, Right Angle, Minor Injury, N, N
US, 2, 0, 0, 1, 2017, September, Thursday, 8:17 am, 40, Wet, Y, Daylight, Right Angle, Minor Injury, N, N
US, 2, 0, 0, 0, 2017, September, Thursday, 10:30 am, 40, Dry, N, Daylight, Side Swipe, Not Injured, N, N
US, 2, 0, 0, 0, 2017, September, Thursday, 9:15 am, 70, Dry, N, Daylight, Rear End, Not Injured, N, N
US, 2, 0, 0, 1, 2017, September, Thursday, 11:11 am, 60, Dry, N, Daylight, Right Angle, Minor Injury, N, N
US, 3, 0, 0, 0, 2017, September, Friday, 3:45 pm, 50, Dry, N, Daylight, Rear End, Minor Injury, N, N
US, 2, 0, 0, 0, 2017, September, Thursday, 3:45 pm, 40, Dry, N, Daylight, Right Angle, Not Injured, N, N
US, 3, 0, 0, 1, 2017, September, Thursday, 3:40 pm, 60, Dry, N, Daylight, Rear End, Minor Injury, Y, N
US, 2, 0, 0, 1, 2017, September, Thursday, 4:52 pm, 60, Dry, N, Daylight, Right Angle, Minor Injury, N, N
US, 2, 0, 0, 1, 2017, September, Thursday, 5:00 pm, 40, Dry, N, Daylight, Right Angle, Minor Injury, N, N