Nation,Total Units,Total Fatalities,Total Serious Injuries,Total Minor Injuries,Year,Month,Day,Time,Speed Limit,Moisture,Adverse Weather Conditions,DayNight,Crash Type,Crash Severity,Alcohol Related ,Drug Related
US, 2, 0, 0, 0, 2017, October, Thursday, 4:12 pm, 40, Wet, N, Daylight, Right Angle, Not Injured, N, N
US, 2, 0, 0, 0, 2017, September, Thursday, 11:45 am, 60, Dry, N, Daylight, Right Angle, Not Injured, N, N
US, 2, 0, 0, 0, 2017, September, Thursday, 12:54 am, 40, Dry, N, Night, Right Angle, Not Injured, Y, N
US, 2, 0, 0, 0, 2017, September, Wednesday, 6:34 pm, 40, Dry, N, Daylight, Right Angle, Not Injured, N, N
US, 2, 0, 0, 0, 2017, October, Thursday, 2:36 pm, 40, Wet, Y, Daylight, Rear End, Not Injured, N, N
US, 2, 0, 0, 1, 2017, October, Wednesday, 5:03 am, 40, Dry, N, Night, Rear End, Minor Injury, N, N
US, 3, 0, 0, 1, 2017, October, Thursday, 5:46 pm, 60, Wet, Y, Daylight, Rear End, Minor Injury, N, N
US, 2, 0, 0, 0, 2017, October, Thursday, 5:56 pm, 40, Wet, N, Daylight, Rear End, Not Injured, N, N
US, 2, 0, 0, 0, 2017, October, Wednesday, 2:54 pm, 70, Dry, N, Daylight, Rear End, Not Injured, N, N
US, 2, 0, 0, 0, 2017, October, Thursday, 7:25 pm, 40, Wet, Y, Night, Rear End, Not Injured, N, N
US, 2, 0, 0, 0, 2017, October, Thursday, 7:42 pm, 60, Wet, Y, Night, Right Angle, Minor Injury, Y, N
US, 4, 0, 1, 0, 2017, October, Thursday, 7:00 pm, 40, Dry, N, Night, Head On, Major Injury, N, N
US, 2, 0, 0, 0, 2017, October, Thursday, 10:05 pm, 40, Wet, N, Night, Right Angle, Not Injured, N, N
US, 2, 0, 0, 0, 2017, September, Wednesday, 3:33 pm, 60, Dry, N, Daylight, Rear End, Not Injured, N, N
US, 5, 0, 0, 1, 2017, October, Thursday, 2:23 am, 30, Dry, N, Night, Right Angle, Minor Injury, N, N
US, 2, 0, 0, 0, 2017, October, Wednesday, 12:52 am, 50, Dry, N, Daylight, Right Angle, Not Injured, N, N
US, 2, 0, 0, 0, 2017, October, Thursday, 10:20 am, 40, Wet, Y, Daylight, Right Angle, Not Injured, N, N
US, 2, 0, 0, 0, 2017, October, Friday, 7:50 am, 40, Dry, N, Daylight, Right Angle, Not Injured, N, N
US, 2, 0, 0, 0, 2017, October, Thursday, 1:35 pm, 40, Wet, Y, Daylight, Hit Pedestrian, Minor Injury, N, N
US, 2, 0, 0, 0, 2017, September, Friday, 11:27 am, 60, Dry, N, Daylight, Right Angle, Not Injured, N, N
US, 2, 0, 0, 1, 2017, October, Sunday, 11:06 am, 60, Dry, N, Daylight, Rear End, Minor Injury, N, N
US, 2, 0, 0, 0, 2017, October, Friday, 11:40 am, 40, Dry, N, Daylight, Right Angle, Not Injured, N, N
US, 2, 0, 0, 1, 2017, October, Tuesday, 7:54 am, 60, Dry, N, Daylight, Rear End, Minor Injury, N, N
US, 4, 0, 0, 0, 2017, September, Friday, 7:56 am, 60, Dry, N, Daylight, Rear End, Not Injured, N, N
US, 2, 0, 0, 0, 2017, October, Wednesday, 5:15 pm, 90, Dry, N, Daylight, Rear End, Not Injured, N, N
US, 4, 0, 0, 0, 2017, September, Friday, 9:06 am, 90, Dry, N, Daylight, Rear End, Not Injured, N, N
US, 3, 0, 0, 1, 2017, October, Thursday, 3:45 pm, 40, Wet, Y, Daylight, Rear End, Minor Injury, N, N
US, 4, 0, 0, 0, 2017, October, Friday, 9:55 pm, 60, Dry, N, Night, Rear End, Not Injured, N, N
US, 3, 0, 0, 0, 2017, October, Thursday, 10:50 pm, 40, Dry, N, Night, Rear End, Minor Injury, Y, N
US, 2, 0, 0, 0, 2017, September, Sunday, 6:42 pm, 90, Dry, N, Daylight, Rear End, Not Injured, N, N
US, 2, 0, 0, 0, 2017, September, Wednesday, 9:28 am, 90, Dry, N, Daylight, Rear End, Not Injured, N, N
US, 3, 0, 0, 0, 2017, October, Wednesday, 6:25 am, 90, Dry, N, Daylight, Rear End, Not Injured, N, N
US, 2, 0, 1, 0, 2017, September, Wednesday, 1:59 pm, 90, Dry, N, Daylight, Rear End, Major Injury, N, N
US, 4, 0, 0, 1, 2017, October, Friday, 3:36 pm, 60, Dry, N, Daylight, Rear End, Minor Injury, N, N
US, 2, 0, 0, 0, 2017, October, Saturday, 9:00 am, 40, Dry, N, Daylight, Right Angle, Minor Injury, N, N
US, 3, 0, 0, 0, 2017, October, Tuesday, 12:27 am, 60, Dry, N, Daylight, Rear End, Not Injured, N, N
US, 2, 0, 0, 0, 2017, October, Saturday, 11:38 am, 60, Dry, N, Daylight, Side Swipe, Not Injured, N, N
US, 2, 0, 0, 0, 2017, October, Friday, 10:17 pm, 40, Dry, N, Night, Side Swipe, Not Injured, N, N
US, 2, 0, 0, 1, 2017, October, Friday, 2:50 pm, 60, Dry, N, Daylight, Rear End, Minor Injury, N, N
US, 2, 0, 0, 1, 2017, October, Saturday, 5:15 pm, 40, Dry, N, Daylight, Hit Pedestrian, Minor Injury, N, N
US, 3, 0, 0, 0, 2017, October, Saturday, 4:59 pm, 40, Dry, N, Daylight, Right Angle, Not Injured, Y, N
US, 2, 0, 1, 0, 2017, September, Wednesday, 7:29 pm, 40, Dry, N, Night, Side Swipe, Major Injury, Y, N
US, 2, 0, 0, 0, 2017, October, Saturday, 11:12 am, 40, Dry, N, Daylight, Right Angle, Not Injured, N, N
US, 3, 0, 0, 0, 2017, October, Saturday, 1:53 pm, 70, Dry, N, Daylight, Right Angle, Not Injured, N, N
US, 2, 0, 0, 1, 2017, October, Saturday, 11:13 am, 50, Dry, N, Daylight, Right Angle, Minor Injury, N, N
US, 2, 0, 0, 0, 2017, October, Thursday, 8:08 pm, 70, Dry, N, Night, Rear End, Not Injured, Y, N
US, 2, 0, 0, 0, 2017, October, Thursday, 7:15 am, 60, Dry, N, Daylight, Rear End, Not Injured, N, N
US, 2, 0, 0, 0, 2017, October, Monday, 3:05 pm, 70, Dry, N, Daylight, Rear End, Not Injured, N, N
US, 2, 0, 0, 0, 2017, October, Sunday, 4:51 pm, 40, Wet, Y, Daylight, Rear End, Minor Injury, N, N
US, 2, 0, 0, 0, 2017, October, Saturday, 9:41 pm, 40, Dry, N, Night, Hit Pedestrian, Minor Injury, Y, N
US, 2, 0, 0, 0, 2017, October, Sunday, 4:13 pm, 60, Wet, N, Daylight, Rear End, Not Injured, N, N
US, 2, 0, 0, 0, 2017, October, Sunday, 4:50 pm, 40, Dry, N, Daylight, Rear End, Not Injured, N, N
US, 2, 0, 0, 0, 2017, October, Sunday, 8:03 pm, 60, Wet, Y, Night, Rear End, Not Injured, Y, N
US, 2, 0, 0, 0, 2017, October, Sunday, 6:33 pm, 40, Wet, Y, Night, Rear End, Not Injured, N, N
US, 3, 0, 0, 0, 2017, September, Tuesday, 7:40 pm, 60, Dry, N, Night, Rear End, Minor Injury, Y, N
US, 2, 0, 0, 0, 2017, October, Thursday, 1:04 pm, 60, Dry, N, Daylight, Right Angle, Minor Injury, N, N
US, 2, 0, 0, 0, 2017, October, Sunday, 4:40 am, 60, Dry, N, Night, Rear End, Not Injured, N, N
US, 2, 0, 0, 0, 2017, October, Sunday, 5:01 am, 40, Wet, Y, Night, Side Swipe, Not Injured, N, N
US, 2, 0, 0, 0, 2017, October, Saturday, 11:28 am, 60, Dry, N, Daylight, Rear End, Minor Injury, N, N
US, 2, 0, 0, 0, 2017, October, Friday, 4:15 pm, 90, Dry, N, Daylight, Rear End, Not Injured, N, N
US, 2, 0, 0, 0, 2017, October, Monday, 7:54 am, 40, Wet, Y, Daylight, Right Angle, Not Injured, N, N
US, 3, 0, 1, 0, 2017, October, Monday, 9:09 am, 60, Wet, Y, Daylight, Rear End, Major Injury, N, N
US, 2, 0, 0, 0, 2017, October, Monday, 9:27 am, 40, Wet, Y, Daylight, Right Angle, Not Injured, N, N
US, 2, 0, 0, 0, 2017, October, Monday, 11:43 am, 40, Dry, N, Daylight, Right Angle, Not Injured, N, N
US, 2, 0, 0, 0, 2017, October, Monday, 12:05 am, 60, Wet, Y, Daylight, Right Angle, Not Injured, N, N
US, 2, 0, 0, 1, 2017, October, Monday, 6:20 pm, 40, Dry, N, Night, Right Angle, Minor Injury, N, N
US, 2, 0, 0, 0, 2017, October, Sunday, 2:50 pm, 60, Dry, N, Daylight, Right Angle, Not Injured, N, N
US, 2, 0, 0, 0, 2017, October, Monday, 6:15 pm, 40, Dry, N, Daylight, Right Angle, Not Injured, N, N
US, 2, 0, 0, 0, 2017, October, Monday, 5:44 am, 60, Dry, N, Night, Head On, Not Injured, Y, N
US, 2, 0, 0, 0, 2017, October, Monday, 6:37 am, 60, Wet, Y, Night, Right Angle, Not Injured, N, N
US, 4, 0, 0, 0, 2017, October, Friday, 6:16 pm, 90, Dry, N, Daylight, Side Swipe, Not Injured, N, N
US, 2, 0, 0, 0, 2017, October, Monday, 2:59 pm, 40, Dry, N, Daylight, Rear End, Not Injured, N, N
US, 2, 0, 1, 0, 2017, October, Monday, 11:37 am, 60, Wet, Y, Daylight, Right Angle, Major Injury, N, N
US, 2, 0, 0, 0, 2017, October, Tuesday, 7:25 am, 40, Dry, N, Daylight, Head On, Minor Injury, N, N
US, 2, 0, 0, 0, 2017, October, Monday, 12:00 am, 40, Wet, Y, Daylight, Right Angle, Not Injured, N, N
US, 3, 0, 1, 1, 2017, September, Monday, 9:43 am, 40, Dry, N, Daylight, Rear End, Major Injury, N, N
US, 2, 0, 0, 0, 2017, October, Wednesday, 8:18 am, 40, Dry, N, Daylight, Side Swipe, Not Injured, N, N
US, 2, 0, 0, 0, 2017, October, Monday, 10:56 pm, 70, Dry, N, Night, Right Angle, Minor Injury, N, N
US, 2, 0, 0, 2, 2017, October, Tuesday, 3:45 pm, 70, Dry, N, Daylight, Rear End, Minor Injury, N, N
US, 2, 0, 0, 0, 2017, October, Thursday, 4:57 pm, 60, Wet, N, Daylight, Right Angle, Not Injured, N, N
US, 2, 0, 0, 0, 2017, October, Tuesday, 4:47 pm, 60, Dry, N, Daylight, Right Angle, Not Injured, N, N
US, 2, 0, 0, 0, 2017, September, Thursday, 6:44 pm, 60, Dry, N, Daylight, Side Swipe, Not Injured, N, N
US, 2, 0, 0, 0, 2017, October, Thursday, 7:00 pm, 90, Wet, Y, Night, Rear End, Minor Injury, N, N
US, 3, 0, 0, 0, 2017, October, Friday, 4:07 pm, 20, Dry, N, Daylight, Rear End, Not Injured, N, N
US, 2, 0, 0, 0, 2017, October, Thursday, 5:43 pm, 60, Dry, N, Daylight, Right Angle, Not Injured, N, N
US, 3, 0, 0, 0, 2017, September, Friday, 6:33 pm, 90, Dry, N, Night, Rear End, Not Injured, N, N
US, 3, 0, 0, 0, 2017, October, Thursday, 7:00 am, 90, Dry, N, Daylight, Rear End, Not Injured, N, N
US, 2, 0, 0, 0, 2017, October, Thursday, 11:25 am, 30, Dry, N, Daylight, Rear End, Not Injured, N, N
US, 4, 0, 0, 1, 2017, October, Friday, 5:23 pm, 90, Dry, N, Daylight, Rear End, Minor Injury, N, N
US, 2, 0, 0, 0, 2017, October, Sunday, 4:22 pm, 90, Wet, Y, Daylight, Right Angle, Minor Injury, N, N
US, 2, 0, 0, 0, 2017, October, Sunday, 7:25 pm, 90, Wet, Y, Night, Rear End, Not Injured, N, N
US, 2, 0, 0, 2, 2017, October, Tuesday, 3:05 pm, 40, Dry, N, Daylight, Rear End, Minor Injury, Y, N
US, 3, 0, 0, 1, 2017, October, Tuesday, 5:55 pm, 70, Dry, N, Daylight, Rear End, Minor Injury, N, N
US, 2, 0, 0, 0, 2017, October, Monday, 10:14 pm, 40, Wet, Y, Night, Right Angle, Minor Injury, N, N
US, 2, 0, 0, 1, 2017, October, Tuesday, 7:50 pm, 40, Dry, N, Night, Right Angle, Minor Injury, N, N
US, 2, 0, 0, 0, 2017, October, Tuesday, 9:26 pm, 60, Dry, N, Night, Rear End, Not Injured, N, N
US, 2, 1, 0, 0, 2017, October, Monday, 9:45 pm, 60, Dry, N, Night, Hit Pedestrian, Fatal, N, N
US, 2, 0, 1, 0, 2017, October, Tuesday, 12:58 am, 40, Dry, N, Daylight, Right Angle, Major Injury, N, N
US, 2, 0, 0, 1, 2017, October, Tuesday, 6:50 am, 40, Dry, N, Daylight, Rear End, Minor Injury, N, N
US, 2, 0, 0, 0, 2017, October, Sunday, 3:05 am, 40, Wet, Y, Night, Rear End, Not Injured, N, N
US, 2, 0, 0, 0, 2017, October, Tuesday, 9:12 pm, 60, Dry, N, Night, Rear End, Not Injured, N, N
US, 2, 1, 0, 0, 2017, October, Tuesday, 4:10 pm, 60, Dry, N, Daylight, Right Angle, Minor Injury, N, N
US, 2, 0, 0, 0, 2017, October, Tuesday, 8:45 am, 40, Dry, N, Daylight, Right Angle, Not Injured, N, N
US, 2, 0, 0, 0, 2017, October, Saturday, 12:30 am, 60, Dry, N, Daylight, Rear End, Not Injured, N, N
US, 2, 0, 0, 1, 2017, October, Wednesday, 7:00 am, 40, Wet, Y, Night, Hit Pedestrian, Minor Injury, N, N
US, 2, 0, 0, 0, 2017, October, Wednesday, 8:45 am, 40, Wet, Y, Daylight, Hit Pedestrian, Minor Injury, N, N
US, 2, 0, 0, 0, 2017, October, Wednesday, 3:19 pm, 60, Dry, N, Daylight, Right Angle, Not Injured, N, N
US, 3, 0, 0, 0, 2017, October, Wednesday, 3:12 pm, 60, Dry, N, Daylight, Rear End, Not Injured, N, N
US, 2, 0, 0, 1, 2017, October, Wednesday, 5:28 pm, 40, Dry, N, Daylight, Rear End, Minor Injury, N, N
US, 2, 0, 0, 0, 2017, October, Wednesday, 3:02 pm, 60, Dry, N, Daylight, Right Angle, Not Injured, N, N
US, 2, 0, 0, 1, 2017, October, Wednesday, 5:29 pm, 40, Dry, N, Daylight, Rear End, Minor Injury, N, N
US, 2, 0, 0, 0, 2017, September, Wednesday, 7:12 pm, 40, Dry, N, Daylight, Right Angle, Not Injured, N, N
US, 3, 0, 0, 0, 2017, October, Wednesday, 7:35 pm, 60, Wet, Y, Night, Right Angle, Not Injured, N, N
US, 2, 0, 0, 0, 2017, October, Wednesday, 10:25 pm, 40, Wet, Y, Night, Side Swipe, Not Injured, N, N
US, 2, 0, 0, 2, 2017, October, Wednesday, 3:39 pm, 60, Dry, N, Daylight, Right Angle, Minor Injury, N, N
US, 2, 0, 0, 0, 2017, October, Sunday, 10:59 am, 40, Dry, N, Daylight, Rear End, Not Injured, N, N
US, 2, 0, 0, 1, 2017, October, Thursday, 8:20 am, 60, Dry, N, Daylight, Rear End, Minor Injury, N, N
US, 2, 0, 0, 1, 2017, October, Thursday, 9:20 am, 40, Dry, N, Daylight, Right Angle, Minor Injury, N, N
US, 3, 0, 0, 0, 2017, October, Thursday, 10:07 am, 60, Dry, N, Daylight, Rear End, Not Injured, N, N
US, 2, 0, 0, 0, 2017, October, Thursday, 11:55 am, 60, Wet, Y, Daylight, Right Angle, Not Injured, N, N
US, 2, 0, 0, 4, 2017, October, Thursday, 10:39 am, 40, Wet, Y, Daylight, Right Angle, Minor Injury, N, N
US, 2, 0, 0, 0, 2017, October, Thursday, 1:44 pm, 40, Dry, N, Daylight, Right Angle, Not Injured, N, N
US, 2, 0, 0, 0, 2017, October, Thursday, 7:12 am, 50, Dry, N, Daylight, Hit Pedestrian, Minor Injury, N, N
US, 2, 0, 0, 0, 2017, October, Thursday, 1:00 pm, 40, Wet, N, Daylight, Side Swipe, Not Injured, N, N
US, 2, 0, 0, 1, 2017, October, Wednesday, 8:40 pm, 60, Wet, Y, Night, Rear End, Minor Injury, N, N
US, 2, 0, 0, 0, 2017, October, Thursday, 4:55 pm, 60, Dry, N, Daylight, Rear End, Not Injured, N, N
US, 2, 0, 0, 0, 2017, October, Tuesday, 8:25 pm, 40, Dry, N, Night, Right Angle, Not Injured, N, N
US, 2, 0, 0, 0, 2017, October, Thursday, 7:30 pm, 40, Dry, N, Night, Right Angle, Minor Injury, N, N
US, 2, 0, 0, 0, 2017, October, Tuesday, 5:54 pm, 70, Dry, N, Daylight, Rear End, Not Injured, N, N
US, 2, 0, 0, 0, 2017, October, Thursday, 4:43 pm, 60, Wet, Y, Daylight, Right Angle, Not Injured, N, N
US, 2, 0, 0, 0, 2017, October, Sunday, 4:30 pm, 60, Wet, Y, Daylight, Rear End, Not Injured, N, N
US, 2, 0, 0, 0, 2017, October, Tuesday, 5:57 am, 40, Dry, N, Night, Right Angle, Not Injured, N, N
US, 2, 0, 0, 0, 2017, October, Wednesday, 8:50 pm, 20, Wet, Y, Night, Right Angle, Minor Injury, N, N
US, 2, 0, 0, 0, 2017, October, Monday, 7:39 pm, 60, Dry, N, Night, Rear End, Not Injured, N, N
US, 2, 0, 0, 0, 2017, October, Tuesday, 12:11 am, 90, Dry, N, Daylight, Rear End, Not Injured, N, N
US, 2, 0, 0, 0, 2017, June, Friday, 7:36 am, 90, Dry, N, Daylight, Rear End, Not Injured, N, N
US, 2, 0, 0, 0, 2017, July, Sunday, 2:29 pm, 90, Dry, N, Daylight, Right Angle, Minor Injury, N, N
US, 2, 0, 0, 0, 2017, July, Friday, 5:51 pm, 90, Dry, N, Daylight, Side Swipe, Not Injured, N, N
US, 2, 0, 0, 0, 2017, October, Tuesday, 9:30 am, 90, Dry, N, Daylight, Right Angle, Not Injured, N, N
US, 4, 0, 0, 0, 2017, October, Thursday, 6:39 am, 90, Dry, N, Daylight, Rear End, Not Injured, N, N
US, 2, 0, 0, 0, 2017, October, Tuesday, 4:53 pm, 90, Dry, N, Daylight, Rear End, Not Injured, N, N
US, 2, 0, 0, 0, 2017, October, Thursday, 3:35 pm, 90, Dry, N, Daylight, Rear End, Not Injured, N, N
US, 2, 0, 0, 0, 2017, August, Tuesday, 8:12 am, 40, Dry, N, Daylight, Side Swipe, Minor Injury, N, N
US, 2, 0, 0, 0, 2017, October, Thursday, 8:32 am, 40, Dry, N, Daylight, Right Angle, Not Injured, N, N
US, 2, 0, 0, 0, 2017, October, Tuesday, 10:30 am, 40, Dry, N, Daylight, Right Angle, Not Injured, N, N
US, 3, 0, 0, 0, 2017, October, Friday, 1:45 pm, 40, Dry, N, Daylight, Side Swipe, Minor Injury, N, N
US, 2, 0, 0, 0, 2017, October, Wednesday, 6:35 am, 60, Wet, Y, Night, Right Angle, Not Injured, N, N
US, 2, 0, 0, 2, 2017, September, Friday, 10:03 am, 40, Dry, N, Daylight, Right Angle, Minor Injury, N, N
US, 2, 0, 0, 1, 2017, October, Thursday, 6:55 am, 60, Wet, N, Night, Rear End, Minor Injury, N, N
US, 2, 0, 0, 0, 2017, October, Wednesday, 11:44 am, 90, Dry, N, Daylight, Right Angle, Not Injured, N, N
US, 2, 0, 0, 1, 2017, October, Thursday, 5:36 am, 90, Wet, Y, Night, Rear End, Minor Injury, N, N
US, 2, 0, 0, 2, 2017, October, Friday, 6:05 pm, 40, Dry, N, Daylight, Head On, Minor Injury, N, N
US, 3, 0, 0, 1, 2017, October, Friday, 5:41 pm, 60, Dry, N, Daylight, Right Angle, Minor Injury, N, N
US, 3, 1, 0, 1, 2017, October, Friday, 7:16 pm, 60, Dry, N, Night, Hit Pedestrian, Fatal, Y, N
US, 3, 0, 0, 1, 2017, October, Friday, 11:42 pm, 20, Dry, N, Night, Rear End, Minor Injury, N, N
US, 2, 0, 0, 0, 2017, October, Friday, 8:05 pm, 60, Dry, N, Night, Right Angle, Not Injured, N, N
US, 2, 0, 0, 1, 2017, October, Saturday, 1:35 am, 40, Dry, N, Night, Head On, Minor Injury, N, N
US, 2, 0, 0, 0, 2017, October, Saturday, 3:00 am, 40, Dry, N, Night, Right Angle, Not Injured, N, N
US, 2, 0, 0, 0, 2017, October, Monday, 8:16 am, 90, Dry, N, Daylight, Rear End, Not Injured, N, N
US, 2, 0, 0, 0, 2017, October, Friday, 10:30 pm, 40, Dry, N, Night, Side Swipe, Not Injured, Y, N
US, 3, 0, 0, 0, 2017, October, Saturday, 5:22 am, 40, Dry, N, Night, Right Angle, Not Injured, N, N
US, 2, 0, 0, 1, 2017, October, Friday, 7:00 am, 60, Dry, N, Night, Rear End, Minor Injury, N, N
US, 4, 0, 0, 0, 2017, October, Saturday, 5:38 am, 40, Dry, N, Night, Rear End, Not Injured, Y, N
US, 2, 0, 0, 0, 2017, October, Friday, 2:15 pm, 40, Dry, N, Daylight, Right Angle, Not Injured, N, N
US, 2, 0, 0, 0, 2017, October, Thursday, 7:36 am, 60, Dry, Y, Daylight, Right Angle, Minor Injury, N, N
US, 2, 0, 0, 1, 2017, October, Monday, 12:30 am, 50, Wet, Y, Daylight, Right Angle, Minor Injury, N, N
US, 2, 0, 0, 1, 2017, October, Thursday, 2:46 pm, 40, Dry, N, Daylight, Right Angle, Minor Injury, N, N
US, 2, 0, 0, 0, 2017, October, Saturday, 12:52 am, 40, Dry, N, Daylight, Right Angle, Not Injured, N, N
US, 3, 0, 0, 0, 2017, October, Saturday, 12:53 am, 40, Dry, N, Daylight, Rear End, Not Injured, N, N
US, 3, 0, 0, 0, 2017, October, Saturday, 1:19 pm, 60, Dry, N, Daylight, Rear End, Not Injured, N, N
US, 2, 0, 0, 0, 2017, October, Friday, 4:10 pm, 40, Dry, N, Daylight, Right Angle, Not Injured, N, N
US, 2, 0, 0, 0, 2017, July, Friday, 5:09 pm, 110, Dry, N, Daylight, Right Angle, Minor Injury, N, N
US, 2, 0, 0, 0, 2017, October, Saturday, 7:36 pm, 60, Dry, N, Night, Right Angle, Minor Injury, N, N
US, 3, 0, 0, 0, 2017, October, Tuesday, 1:29 pm, 90, Dry, N, Daylight, Right Angle, Minor Injury, N, N
US, 2, 0, 0, 0, 2017, October, Sunday, 9:22 am, 40, Dry, N, Daylight, Right Angle, Minor Injury, N, N
US, 2, 0, 0, 0, 2017, October, Saturday, 1:25 pm, 60, Dry, N, Daylight, Right Angle, Not Injured, N, N
US, 2, 0, 0, 1, 2017, October, Saturday, 9:55 am, 40, Dry, N, Daylight, Rear End, Minor Injury, N, N
US, 2, 0, 0, 1, 2017, October, Sunday, 3:34 pm, 90, Dry, N, Daylight, Side Swipe, Minor Injury, N, N
US, 2, 0, 0, 0, 2017, October, Tuesday, 9:34 am, 60, Dry, N, Daylight, Right Angle, Not Injured, N, N
US, 2, 0, 0, 2, 2017, October, Saturday, 11:41 pm, 40, Dry, N, Night, Right Angle, Minor Injury, Y, N
US, 2, 0, 0, 0, 2017, October, Sunday, 5:32 pm, 60, Dry, N, Daylight, Right Angle, Not Injured, N, N
US, 2, 0, 0, 0, 2017, October, Sunday, 4:10 pm, 70, Dry, N, Daylight, Rear End, Not Injured, N, N
US, 2, 0, 1, 0, 2017, October, Sunday, 7:00 pm, 40, Wet, Y, Night, Hit Pedestrian, Major Injury, N, N
US, 3, 0, 0, 1, 2017, October, Tuesday, 6:05 pm, 30, Dry, N, Daylight, Side Swipe, Minor Injury, N, N
US, 2, 0, 0, 0, 2017, October, Saturday, 12:32 am, 40, Dry, N, Night, Head On, Not Injured, N, N
US, 2, 0, 0, 0, 2017, October, Wednesday, 6:55 am, 40, Wet, Y, Night, Right Angle, Minor Injury, N, N
US, 2, 0, 0, 0, 2017, October, Sunday, 8:45 am, 40, Wet, Y, Daylight, Rear End, Minor Injury, N, N
US, 2, 0, 0, 0, 2017, October, Sunday, 12:53 am, 60, Dry, N, Daylight, Right Angle, Minor Injury, N, N
US, 2, 0, 0, 0, 2017, October, Tuesday, 12:44 am, 60, Dry, N, Daylight, Rear End, Not Injured, N, N
US, 3, 0, 0, 0, 2017, September, Sunday, 10:52 am, 90, Dry, N, Daylight, Rear End, Not Injured, N, N
US, 2, 0, 0, 0, 2017, October, Friday, 11:15 am, 40, Dry, N, Daylight, Right Angle, Not Injured, N, N
US, 2, 0, 0, 0, 2017, October, Sunday, 9:20 am, 40, Dry, N, Daylight, Right Angle, Not Injured, N, N
US, 2, 0, 0, 0, 2017, October, Monday, 8:50 am, 40, Dry, N, Daylight, Right Angle, Minor Injury, N, N
US, 2, 0, 0, 0, 2017, October, Monday, 10:55 am, 70, Dry, N, Daylight, Rear End, Not Injured, N, N
US, 2, 0, 0, 0, 2017, October, Monday, 12:12 am, 40, Dry, N, Daylight, Right Angle, Not Injured, N, N
US, 2, 0, 0, 0, 2017, October, Monday, 12:56 am, 40, Dry, N, Daylight, Right Angle, Not Injured, N, N
US, 2, 0, 0, 1, 2017, October, Thursday, 9:10 pm, 40, Dry, N, Night, Right Angle, Minor Injury, N, N
US, 2, 0, 0, 1, 2017, October, Wednesday, 7:09 pm, 40, Dry, N, Night, Right Angle, Minor Injury, N, N
US, 2, 0, 0, 0, 2017, October, Monday, 5:00 pm, 60, Dry, N, Daylight, Right Angle, Not Injured, N, N
US, 2, 0, 0, 0, 2017, October, Monday, 6:55 pm, 40, Dry, N, Night, Right Angle, Not Injured, N, N
US, 2, 0, 0, 1, 2017, August, Monday, 5:45 pm, 40, Dry, N, Daylight, Side Swipe, Minor Injury, Y, N
US, 2, 0, 0, 0, 2017, October, Monday, 5:40 am, 40, Wet, Y, Daylight, Right Angle, Not Injured, N, N
US, 2, 0, 0, 0, 2017, October, Tuesday, 2:00 am, 40, Dry, N, Night, Hit Pedestrian, Minor Injury, N, N
US, 4, 0, 0, 0, 2017, October, Sunday, 2:17 am, 40, Dry, N, Night, Right Angle, Not Injured, Y, N
US, 2, 0, 0, 0, 2017, October, Tuesday, 3:45 am, 40, Dry, N, Night, Head On, Not Injured, N, N
US, 2, 0, 0, 0, 2017, October, Thursday, 6:31 am, 60, Wet, Y, Night, Right Angle, Minor Injury, N, N
US, 2, 0, 0, 1, 2017, October, Monday, 3:07 pm, 60, Dry, N, Daylight, Rear End, Minor Injury, N, N
US, 2, 0, 0, 0, 2017, October, Saturday, 2:20 pm, 60, Dry, N, Daylight, Rear End, Minor Injury, N, N
US, 2, 0, 0, 1, 2017, October, Tuesday, 7:55 am, 40, Dry, N, Daylight, Rear End, Minor Injury, N, N
US, 2, 0, 0, 0, 2017, October, Wednesday, 3:03 pm, 40, Dry, N, Daylight, Right Angle, Not Injured, N, N
US, 2, 0, 0, 2, 2017, October, Tuesday, 8:20 am, 40, Dry, N, Daylight, Rear End, Minor Injury, N, N
US, 2, 0, 0, 0, 2017, October, Monday, 11:02 am, 40, Dry, N, Daylight, Right Angle, Minor Injury, N, N
US, 2, 0, 0, 0, 2017, October, Tuesday, 9:30 am, 40, Dry, N, Daylight, Head On, Not Injured, N, N
US, 3, 0, 0, 0, 2017, October, Monday, 11:58 am, 40, Dry, N, Daylight, Side Swipe, Not Injured, N, N
US, 2, 0, 0, 0, 2017, October, Tuesday, 9:35 am, 60, Dry, N, Daylight, Rear End, Not Injured, N, N
US, 2, 0, 0, 1, 2017, October, Monday, 11:31 am, 40, Dry, N, Daylight, Hit Pedestrian, Minor Injury, N, N
US, 2, 0, 0, 0, 2017, October, Tuesday, 11:20 am, 40, Dry, N, Daylight, Right Angle, Not Injured, N, N