Nation,Total Units,Total Fatalities,Total Serious Injuries,Total Minor Injuries,Year,Month,Day,Time,Speed Limit,Moisture,Adverse Weather Conditions,DayNight,Crash Type,Crash Severity,Alcohol Related ,Drug Related
US, 2, 0, 0, 0, 2017, October, Tuesday, 1:33 pm, 60, Dry, N, Daylight, Rear End, Minor Injury, N, N
US, 2, 0, 0, 1, 2017, October, Tuesday, 1:53 pm, 60, Dry, N, Daylight, Right Angle, Minor Injury, N, N
US, 2, 0, 0, 2, 2017, October, Tuesday, 2:00 pm, 60, Dry, N, Daylight, Right Angle, Minor Injury, N, N
US, 2, 0, 0, 0, 2017, October, Tuesday, 3:00 pm, 40, Dry, N, Daylight, Right Angle, Minor Injury, N, N
US, 2, 0, 0, 0, 2017, October, Tuesday, 1:20 pm, 40, Dry, N, Daylight, Right Angle, Minor Injury, N, N
US, 2, 0, 0, 1, 2017, October, Tuesday, 3:35 pm, 30, Dry, N, Daylight, Right Angle, Minor Injury, N, N
US, 4, 0, 0, 0, 2017, July, Tuesday, 9:36 am, 90, Dry, N, Daylight, Rear End, Not Injured, N, N
US, 2, 0, 0, 0, 2017, October, Tuesday, 5:00 pm, 40, Dry, N, Daylight, Rear End, Not Injured, N, N
US, 2, 0, 0, 0, 2017, October, Tuesday, 5:41 pm, 40, Dry, N, Night, Right Angle, Not Injured, N, N
US, 3, 0, 0, 0, 2017, August, Monday, 2:10 pm, 90, Dry, N, Daylight, Rear End, Not Injured, N, N
US, 3, 0, 0, 1, 2017, October, Tuesday, 6:05 pm, 40, Dry, N, Night, Right Angle, Minor Injury, N, N
US, 2, 0, 0, 1, 2017, October, Thursday, 9:15 pm, 40, Dry, N, Night, Rear End, Minor Injury, N, N
US, 2, 0, 0, 0, 2017, October, Wednesday, 12:32 am, 60, Wet, N, Night, Side Swipe, Not Injured, N, N
US, 2, 0, 0, 0, 2017, September, Friday, 8:11 pm, 50, Dry, N, Daylight, Head On, Not Injured, N, N
US, 2, 0, 0, 0, 2017, September, Friday, 8:57 am, 60, Dry, N, Daylight, Rear End, Not Injured, N, N
US, 3, 0, 0, 0, 2017, October, Tuesday, 6:36 am, 90, Dry, N, Night, Rear End, Not Injured, N, N
US, 2, 0, 0, 0, 2017, October, Tuesday, 7:48 am, 40, Dry, N, Daylight, Rear End, Not Injured, N, N
US, 2, 0, 0, 0, 2017, October, Wednesday, 8:47 am, 40, Dry, N, Daylight, Rear End, Not Injured, N, N
US, 2, 0, 0, 1, 2017, October, Wednesday, 7:41 am, 50, Dry, N, Daylight, Right Angle, Minor Injury, N, N
US, 4, 0, 0, 0, 2017, October, Wednesday, 8:51 am, 60, Dry, N, Daylight, Rear End, Not Injured, N, N
US, 2, 0, 0, 0, 2017, October, Monday, 1:50 pm, 60, Dry, N, Daylight, Right Angle, Not Injured, N, N
US, 2, 0, 1, 0, 2017, October, Wednesday, 9:38 am, 40, Dry, N, Daylight, Side Swipe, Major Injury, N, N
US, 2, 0, 0, 0, 2017, October, Wednesday, 8:48 am, 60, Dry, N, Daylight, Right Angle, Not Injured, N, N
US, 2, 0, 0, 1, 2017, October, Tuesday, 9:05 am, 60, Dry, N, Daylight, Rear End, Minor Injury, N, N
US, 2, 0, 0, 0, 2017, October, Wednesday, 10:40 am, 60, Dry, N, Daylight, Right Angle, Not Injured, N, N
US, 2, 0, 0, 0, 2017, October, Wednesday, 11:49 am, 60, Dry, N, Daylight, Side Swipe, Not Injured, N, N
US, 2, 0, 0, 0, 2017, October, Wednesday, 1:22 pm, 40, Dry, N, Daylight, Right Angle, Not Injured, N, N
US, 2, 0, 0, 2, 2017, October, Wednesday, 12:04 am, 50, Dry, N, Daylight, Rear End, Minor Injury, N, N
US, 2, 0, 0, 1, 2017, October, Tuesday, 10:15 pm, 40, Dry, N, Night, Hit Pedestrian, Minor Injury, N, N
US, 2, 0, 0, 0, 2017, October, Monday, 4:38 pm, 70, Dry, N, Daylight, Right Angle, Not Injured, N, N
US, 2, 0, 0, 0, 2017, October, Tuesday, 7:10 pm, 60, Dry, N, Night, Rear End, Not Injured, N, N
US, 5, 0, 0, 1, 2017, October, Wednesday, 6:29 am, 90, Dry, N, Night, Rear End, Minor Injury, N, N
US, 2, 0, 0, 0, 2017, October, Tuesday, 7:16 pm, 90, Dry, N, Night, Rear End, Minor Injury, N, N
US, 2, 0, 0, 0, 2017, October, Wednesday, 4:24 pm, 60, Dry, N, Daylight, Rear End, Not Injured, N, N
US, 2, 0, 0, 0, 2017, October, Wednesday, 7:23 pm, 40, Dry, N, Night, Right Angle, Not Injured, N, N
US, 2, 0, 0, 0, 2017, May, Thursday, 3:37 am, 60, Wet, Y, Night, Right Angle, Not Injured, N, N
US, 3, 0, 0, 1, 2017, October, Wednesday, 6:46 am, 40, Dry, N, Daylight, Rear End, Minor Injury, N, N
US, 2, 0, 0, 0, 2017, October, Wednesday, 6:11 am, 90, Dry, N, Daylight, Rear End, Minor Injury, N, N
US, 3, 0, 0, 0, 2017, October, Friday, 4:19 pm, 90, Dry, N, Daylight, Rear End, Not Injured, N, N
US, 2, 0, 0, 0, 2017, October, Friday, 4:54 pm, 90, Dry, N, Daylight, Rear End, Minor Injury, N, N
US, 3, 0, 0, 0, 2017, October, Monday, 6:45 am, 90, Dry, N, Night, Rear End, Not Injured, N, N
US, 4, 0, 0, 0, 2017, October, Tuesday, 5:17 pm, 90, Dry, N, Daylight, Rear End, Not Injured, N, N
US, 3, 0, 0, 0, 2017, October, Tuesday, 3:00 pm, 60, Dry, N, Daylight, Rear End, Minor Injury, N, N
US, 2, 0, 0, 0, 2017, October, Wednesday, 9:51 am, 60, Dry, N, Daylight, Right Angle, Not Injured, N, N
US, 2, 0, 0, 0, 2017, October, Wednesday, 12:20 am, 70, Dry, N, Daylight, Rear End, Not Injured, N, N
US, 2, 0, 0, 0, 2017, October, Monday, 3:32 pm, 60, Dry, N, Daylight, Rear End, Not Injured, N, N
US, 2, 0, 0, 0, 2017, October, Thursday, 6:58 am, 40, Dry, N, Night, Right Angle, Not Injured, N, N
US, 3, 0, 0, 0, 2017, October, Thursday, 6:50 am, 60, Dry, N, Night, Rear End, Not Injured, N, N
US, 2, 0, 0, 0, 2017, October, Wednesday, 5:12 pm, 60, Dry, N, Daylight, Rear End, Not Injured, N, N
US, 2, 0, 0, 0, 2017, October, Wednesday, 2:00 pm, 50, Dry, N, Daylight, Right Angle, Not Injured, N, N
US, 2, 0, 0, 0, 2017, October, Thursday, 7:21 am, 60, Dry, N, Daylight, Side Swipe, Not Injured, N, N
US, 2, 0, 0, 0, 2017, October, Thursday, 7:09 am, 60, Dry, N, Daylight, Right Angle, Not Injured, N, N
US, 2, 0, 0, 0, 2017, October, Wednesday, 8:47 am, 40, Dry, N, Daylight, Right Angle, Not Injured, N, N
US, 2, 0, 0, 0, 2017, October, Thursday, 8:52 am, 70, Dry, N, Daylight, Rear End, Not Injured, N, N
US, 2, 0, 0, 0, 2017, October, Wednesday, 2:40 pm, 40, Dry, N, Daylight, Right Angle, Not Injured, N, N
US, 2, 0, 0, 0, 2017, October, Thursday, 1:17 pm, 40, Dry, N, Daylight, Right Angle, Not Injured, N, N
US, 3, 0, 0, 0, 2017, October, Wednesday, 9:28 pm, 40, Dry, N, Night, Side Swipe, Not Injured, N, N
US, 3, 0, 0, 0, 2017, October, Thursday, 3:28 pm, 60, Dry, N, Daylight, Rear End, Not Injured, N, N
US, 4, 0, 0, 0, 2017, October, Wednesday, 2:41 pm, 40, Dry, N, Daylight, Right Angle, Minor Injury, N, N
US, 2, 0, 0, 0, 2017, September, Sunday, 10:04 pm, 90, Dry, N, Night, Right Angle, Not Injured, Y, N
US, 2, 0, 0, 0, 2017, October, Thursday, 5:30 pm, 40, Dry, N, Daylight, Right Angle, Not Injured, N, N
US, 2, 0, 0, 0, 2017, October, Thursday, 6:17 pm, 60, Dry, N, Daylight, Right Angle, Not Injured, N, N
US, 2, 0, 0, 0, 2017, October, Thursday, 1:50 pm, 40, Dry, N, Daylight, Right Angle, Not Injured, N, N
US, 2, 0, 0, 1, 2017, October, Thursday, 8:52 pm, 30, Dry, N, Night, Rear End, Minor Injury, N, N
US, 3, 0, 0, 0, 2017, October, Thursday, 2:14 pm, 60, Dry, N, Daylight, Rear End, Not Injured, N, N
US, 2, 0, 0, 0, 2017, October, Friday, 7:25 am, 60, Dry, N, Daylight, Rear End, Not Injured, N, N
US, 2, 0, 0, 0, 2017, October, Thursday, 2:44 pm, 40, Dry, N, Daylight, Side Swipe, Not Injured, N, N
US, 2, 0, 0, 1, 2017, October, Friday, 7:45 am, 40, Dry, N, Daylight, Rear End, Minor Injury, N, N
US, 3, 0, 0, 0, 2017, October, Friday, 7:14 am, 60, Dry, N, Daylight, Rear End, Not Injured, N, N
US, 2, 0, 1, 0, 2017, October, Wednesday, 4:45 pm, 40, Dry, N, Daylight, Rear End, Major Injury, N, N
US, 2, 0, 0, 1, 2017, October, Thursday, 9:51 pm, 60, Dry, N, Night, Right Angle, Minor Injury, N, N
US, 2, 0, 0, 2, 2017, October, Friday, 10:41 am, 60, Dry, N, Daylight, Rear End, Minor Injury, N, N
US, 2, 0, 0, 0, 2017, October, Monday, 11:27 pm, 60, Wet, N, Night, Rear End, Not Injured, N, N
US, 2, 0, 0, 0, 2017, October, Friday, 1:35 pm, 50, Dry, N, Daylight, Right Angle, Minor Injury, N, N
US, 3, 0, 0, 0, 2017, September, Monday, 8:54 am, 90, Dry, N, Daylight, Rear End, Minor Injury, N, N
US, 2, 0, 0, 0, 2017, October, Friday, 4:37 pm, 60, Dry, N, Daylight, Right Angle, Not Injured, N, N
US, 3, 0, 0, 0, 2017, October, Friday, 4:50 pm, 60, Dry, N, Daylight, Right Angle, Not Injured, N, N
US, 2, 0, 0, 0, 2017, October, Friday, 6:45 pm, 40, Dry, N, Night, Right Angle, Not Injured, N, N
US, 2, 0, 0, 1, 2017, October, Friday, 7:05 pm, 40, Dry, N, Night, Head On, Minor Injury, N, N
US, 2, 0, 0, 2, 2017, October, Friday, 3:00 pm, 60, Dry, N, Daylight, Head On, Minor Injury, N, N
US, 2, 0, 0, 0, 2017, October, Friday, 5:45 pm, 60, Dry, N, Daylight, Side Swipe, Not Injured, Y, N
US, 2, 0, 0, 0, 2017, October, Friday, 1:20 pm, 60, Dry, N, Daylight, Side Swipe, Not Injured, N, N
US, 3, 0, 0, 0, 2017, October, Thursday, 6:50 pm, 40, Dry, N, Night, Right Angle, Not Injured, N, N
US, 2, 0, 0, 0, 2017, October, Friday, 1:14 pm, 70, Dry, N, Daylight, Rear End, Not Injured, N, N
US, 2, 0, 0, 0, 2017, October, Thursday, 12:00 am, 40, Dry, N, Daylight, Right Angle, Not Injured, N, N
US, 2, 0, 0, 1, 2017, October, Tuesday, 12:50 am, 40, Dry, N, Daylight, Rear End, Minor Injury, N, N
US, 3, 0, 0, 2, 2017, October, Saturday, 11:31 am, 60, Dry, N, Daylight, Rear End, Minor Injury, N, N
US, 2, 0, 0, 0, 2017, October, Saturday, 10:45 am, 60, Dry, N, Daylight, Rear End, Not Injured, N, N
US, 2, 0, 0, 0, 2017, October, Saturday, 12:45 am, 40, Dry, N, Daylight, Right Angle, Not Injured, N, N
US, 2, 0, 0, 1, 2017, October, Thursday, 5:59 pm, 40, Dry, N, Daylight, Right Angle, Minor Injury, N, N
US, 2, 0, 0, 0, 2017, October, Saturday, 5:10 pm, 40, Dry, N, Daylight, Side Swipe, Minor Injury, N, N
US, 2, 0, 0, 0, 2017, October, Monday, 8:27 pm, 70, Dry, N, Night, Right Angle, Minor Injury, N, N
US, 2, 0, 0, 0, 2017, October, Tuesday, 10:03 am, 40, Dry, N, Daylight, Right Angle, Not Injured, N, N
US, 2, 0, 0, 0, 2017, October, Saturday, 10:40 pm, 40, Dry, N, Night, Right Angle, Not Injured, N, N
US, 2, 0, 0, 0, 2017, October, Friday, 2:10 pm, 60, Dry, N, Daylight, Rear End, Not Injured, N, N
US, 2, 0, 0, 0, 2017, October, Saturday, 11:01 am, 60, Dry, N, Daylight, Right Angle, Not Injured, N, N
US, 2, 0, 0, 0, 2017, October, Sunday, 5:59 am, 40, Dry, N, Night, Rear End, Not Injured, Y, N
US, 3, 0, 1, 2, 2017, October, Wednesday, 7:59 am, 60, Dry, N, Daylight, Rear End, Major Injury, N, N
US, 2, 0, 0, 0, 2017, October, Saturday, 2:38 pm, 40, Dry, N, Daylight, Head On, Minor Injury, N, N
US, 2, 0, 0, 2, 2017, October, Sunday, 11:40 am, 60, Dry, N, Daylight, Right Angle, Minor Injury, N, N
US, 2, 0, 0, 1, 2017, October, Sunday, 7:45 am, 60, Dry, N, Daylight, Rear End, Minor Injury, N, N
US, 2, 0, 0, 0, 2017, October, Saturday, 7:25 pm, 60, Dry, N, Night, Right Angle, Not Injured, N, N
US, 2, 0, 0, 0, 2017, October, Friday, 7:34 pm, 60, Dry, N, Night, Right Angle, Not Injured, N, N
US, 2, 0, 0, 0, 2017, October, Sunday, 4:05 pm, 40, Dry, N, Daylight, Right Angle, Not Injured, N, N
US, 2, 0, 0, 0, 2017, October, Monday, 6:27 am, 90, Dry, N, Night, Rear End, Not Injured, N, N
US, 3, 0, 0, 2, 2017, October, Wednesday, 7:11 am, 90, Dry, N, Daylight, Rear End, Minor Injury, N, N
US, 3, 0, 0, 0, 2017, October, Sunday, 8:33 pm, 70, Dry, N, Night, Rear End, Not Injured, N, N
US, 2, 0, 0, 0, 2017, October, Saturday, 7:08 pm, 60, Dry, N, Night, Rear End, Not Injured, N, N
US, 2, 0, 0, 0, 2017, October, Sunday, 2:29 am, 90, Dry, N, Night, Rear End, Minor Injury, Y, N
US, 2, 0, 0, 0, 2017, October, Sunday, 8:15 pm, 60, Dry, N, Night, Rear End, Not Injured, N, N
US, 2, 0, 0, 0, 2017, October, Saturday, 10:28 am, 60, Dry, N, Daylight, Right Angle, Not Injured, N, N
US, 4, 0, 0, 0, 2017, October, Sunday, 12:0 am, 60, Dry, N, Night, Right Angle, Not Injured, Y, N
US, 2, 0, 0, 0, 2017, October, Monday, 12:1 am, 40, Dry, N, Night, Rear End, Not Injured, N, N
US, 2, 0, 0, 0, 2017, October, Saturday, 8:20 pm, 60, Dry, N, Night, Side Swipe, Minor Injury, N, N
US, 2, 0, 0, 0, 2017, October, Monday, 7:47 am, 60, Wet, Y, Daylight, Head On, Not Injured, N, N
US, 2, 0, 0, 0, 2017, October, Friday, 7:51 am, 60, Dry, N, Daylight, Rear End, Not Injured, N, N
US, 4, 0, 0, 0, 2017, October, Monday, 3:09 pm, 60, Wet, Y, Daylight, Rear End, Not Injured, N, N
US, 2, 0, 0, 0, 2017, October, Thursday, 8:45 pm, 60, Dry, N, Night, Rear End, Not Injured, N, N
US, 2, 0, 0, 0, 2017, October, Monday, 4:13 pm, 60, Wet, Y, Daylight, Right Angle, Not Injured, N, N
US, 3, 1, 0, 0, 2017, October, Thursday, 1:19 pm, 90, Dry, N, Daylight, Hit Pedestrian, Fatal, N, N
US, 3, 0, 0, 1, 2017, October, Monday, 3:52 pm, 40, Wet, Y, Daylight, Right Angle, Minor Injury, N, N
US, 3, 0, 0, 1, 2017, October, Friday, 6:31 am, 90, Dry, N, Night, Rear End, Minor Injury, N, N
US, 2, 0, 0, 0, 2017, October, Monday, 6:32 pm, 40, Wet, Y, Night, Right Angle, Not Injured, N, N
US, 2, 0, 0, 0, 2017, October, Monday, 4:42 pm, 40, Wet, Y, Daylight, Right Angle, Not Injured, N, N
US, 2, 0, 0, 0, 2017, October, Monday, 8:12 pm, 40, Wet, Y, Night, Right Angle, Not Injured, N, N
US, 2, 0, 0, 0, 2017, October, Saturday, 6:33 pm, 70, Dry, N, Night, Rear End, Not Injured, N, N
US, 2, 0, 0, 1, 2017, October, Saturday, 8:38 pm, 60, Dry, N, Night, Right Angle, Minor Injury, N, N
US, 3, 0, 0, 0, 2017, October, Tuesday, 12:5 am, 40, Wet, N, Night, Right Angle, Not Injured, Y, N
US, 2, 0, 0, 0, 2017, October, Tuesday, 4:42 am, 40, Wet, N, Night, Hit Pedestrian, Minor Injury, N, N
US, 3, 0, 0, 1, 2017, October, Thursday, 7:58 am, 90, Dry, N, Daylight, Rear End, Minor Injury, N, N
US, 2, 0, 0, 0, 2017, October, Sunday, 2:41 am, 40, Wet, Y, Night, Right Angle, Not Injured, N, N
US, 2, 0, 0, 0, 2017, October, Thursday, 6:53 am, 90, Dry, N, Daylight, Side Swipe, Not Injured, N, N
US, 2, 0, 0, 0, 2017, October, Sunday, 10:21 am, 40, Dry, N, Daylight, Right Angle, Not Injured, N, N
US, 5, 0, 0, 4, 2017, October, Tuesday, 6:10 am, 70, Wet, Y, Night, Hit Pedestrian, Minor Injury, N, N
US, 2, 0, 0, 0, 2017, October, Tuesday, 7:16 am, 40, Wet, N, Daylight, Rear End, Not Injured, N, N
US, 2, 0, 0, 0, 2017, October, Tuesday, 8:58 am, 60, Wet, Y, Daylight, Rear End, Not Injured, N, N
US, 3, 0, 0, 0, 2017, October, Thursday, 7:10 pm, 40, Dry, N, Night, Rear End, Not Injured, N, N
US, 2, 0, 0, 1, 2017, October, Tuesday, 3:25 pm, 40, Dry, N, Daylight, Side Swipe, Minor Injury, N, N
US, 2, 0, 0, 0, 2017, October, Tuesday, 4:57 pm, 60, Dry, N, Daylight, Rear End, Not Injured, N, N
US, 2, 0, 0, 0, 2017, October, Tuesday, 4:05 pm, 60, Dry, N, Daylight, Right Angle, Not Injured, N, N
US, 2, 0, 1, 0, 2017, October, Monday, 4:40 pm, 60, Wet, Y, Daylight, Hit Pedestrian, Major Injury, N, N
US, 3, 0, 0, 0, 2017, October, Tuesday, 5:11 pm, 40, Dry, N, Daylight, Rear End, Not Injured, N, N
US, 2, 0, 0, 0, 2017, October, Tuesday, 5:35 pm, 60, Wet, Y, Daylight, Rear End, Not Injured, N, N
US, 2, 0, 0, 0, 2017, October, Tuesday, 7:10 pm, 90, Dry, N, Night, Right Angle, Minor Injury, N, N
US, 3, 0, 0, 0, 2017, October, Tuesday, 7:00 pm, 40, Dry, N, Daylight, Right Angle, Not Injured, N, N
US, 2, 0, 0, 0, 2017, October, Tuesday, 8:50 pm, 40, Dry, N, Night, Rear End, Not Injured, N, N
US, 2, 0, 0, 0, 2017, October, Tuesday, 3:43 pm, 40, Dry, N, Daylight, Right Angle, Not Injured, N, N
US, 2, 0, 0, 0, 2017, October, Friday, 10:16 pm, 90, Dry, N, Night, Rear End, Not Injured, N, N
US, 2, 0, 0, 0, 2017, October, Saturday, 9:48 pm, 40, Dry, N, Night, Right Angle, Not Injured, N, N
US, 2, 0, 0, 1, 2017, October, Wednesday, 9:33 am, 40, Dry, N, Daylight, Rear End, Minor Injury, N, N
US, 2, 0, 0, 0, 2017, October, Saturday, 9:01 am, 60, Dry, N, Daylight, Rear End, Not Injured, N, N
US, 2, 0, 0, 0, 2017, October, Tuesday, 12:40 am, 40, Dry, N, Daylight, Head On, Not Injured, N, N
US, 2, 0, 0, 0, 2017, October, Wednesday, 11:54 am, 40, Dry, N, Daylight, Right Angle, Not Injured, N, N
US, 3, 0, 0, 3, 2017, October, Wednesday, 12:14 am, 60, Dry, N, Daylight, Rear End, Minor Injury, N, N
US, 2, 0, 0, 0, 2017, October, Wednesday, 1:55 pm, 20, Wet, Y, Daylight, Right Angle, Not Injured, N, N
US, 2, 0, 0, 1, 2017, October, Wednesday, 3:51 pm, 60, Dry, N, Daylight, Hit Pedestrian, Minor Injury, N, N
US, 2, 0, 0, 1, 2017, October, Wednesday, 3:20 pm, 40, Wet, Y, Daylight, Rear End, Minor Injury, N, N
US, 2, 0, 0, 2, 2017, October, Wednesday, 4:27 pm, 50, Wet, Y, Daylight, Rear End, Minor Injury, N, N
US, 2, 0, 0, 0, 2017, October, Wednesday, 2:58 pm, 30, Wet, Y, Daylight, Rear End, Not Injured, N, N
US, 2, 0, 0, 1, 2017, October, Wednesday, 4:30 pm, 50, Wet, Y, Daylight, Rear End, Minor Injury, N, N
US, 4, 1, 0, 0, 2017, October, Friday, 6:30 pm, 40, Dry, N, Daylight, Side Swipe, Fatal, N, N
US, 2, 0, 0, 0, 2017, October, Monday, 4:40 pm, 40, Dry, N, Daylight, Hit Pedestrian, Minor Injury, N, N
US, 4, 0, 0, 1, 2017, October, Tuesday, 4:54 pm, 40, Dry, N, Daylight, Rear End, Minor Injury, N, N
US, 2, 0, 0, 0, 2017, October, Wednesday, 7:57 am, 110, Dry, N, Daylight, Rear End, Not Injured, N, N
US, 2, 0, 0, 0, 2017, October, Tuesday, 7:44 am, 90, Wet, Y, Daylight, Rear End, Not Injured, N, N
US, 2, 0, 0, 0, 2017, October, Wednesday, 6:06 pm, 70, Wet, Y, Daylight, Rear End, Not Injured, N, N
US, 2, 0, 0, 0, 2017, October, Wednesday, 4:39 pm, 40, Dry, N, Daylight, Right Angle, Not Injured, N, N
US, 2, 0, 0, 0, 2017, October, Wednesday, 5:02 pm, 60, Wet, Y, Daylight, Rear End, Not Injured, N, N
US, 3, 0, 0, 0, 2017, October, Wednesday, 5:29 pm, 40, Wet, Y, Daylight, Rear End, Not Injured, N, N
US, 2, 0, 0, 1, 2017, October, Wednesday, 8:58 pm, 40, Dry, N, Night, Right Angle, Minor Injury, N, N
US, 2, 0, 0, 0, 2017, October, Wednesday, 3:09 pm, 50, Dry, N, Daylight, Hit Pedestrian, Minor Injury, N, N
US, 2, 0, 0, 0, 2017, October, Saturday, 11:23 am, 30, Dry, N, Daylight, Rear End, Not Injured, N, N
US, 2, 0, 0, 0, 2017, September, Sunday, 6:49 pm, 90, Dry, N, Night, Rear End, Minor Injury, N, N
US, 4, 0, 0, 0, 2017, October, Wednesday, 5:30 pm, 90, Dry, N, Daylight, Rear End, Not Injured, N, N
US, 2, 0, 0, 0, 2017, October, Friday, 7:14 am, 90, Dry, N, Daylight, Rear End, Not Injured, N, N
US, 2, 0, 0, 0, 2017, October, Friday, 11:06 pm, 90, Dry, N, Night, Rear End, Not Injured, N, N
US, 2, 0, 0, 0, 2017, August, Tuesday, 6:39 am, 90, Dry, N, Daylight, Rear End, Not Injured, N, N
US, 4, 0, 0, 0, 2017, August, Wednesday, 3:42 pm, 70, Dry, N, Daylight, Side Swipe, Not Injured, N, N
US, 2, 0, 0, 0, 2017, October, Sunday, 1:17 pm, 90, Dry, N, Daylight, Rear End, Not Injured, N, N
US, 2, 0, 0, 0, 2017, August, Tuesday, 6:21 am, 90, Dry, N, Daylight, Rear End, Not Injured, N, N
US, 2, 0, 0, 0, 2017, October, Thursday, 7:30 am, 60, Dry, N, Daylight, Right Angle, Not Injured, N, N
US, 2, 0, 0, 0, 2017, October, Saturday, 11:51 pm, 60, Dry, N, Night, Rear End, Not Injured, N, N
US, 2, 0, 0, 0, 2017, October, Saturday, 10:13 am, 60, Dry, N, Daylight, Right Angle, Not Injured, N, N
US, 2, 0, 0, 0, 2017, October, Thursday, 8:35 am, 40, Dry, N, Daylight, Right Angle, Not Injured, N, N
US, 2, 0, 0, 0, 2017, October, Thursday, 9:25 am, 40, Dry, N, Daylight, Right Angle, Not Injured, N, N
US, 3, 0, 0, 1, 2017, October, Thursday, 8:17 am, 40, Dry, N, Daylight, Rear End, Minor Injury, N, N
US, 2, 0, 0, 0, 2017, October, Thursday, 9:49 am, 60, Dry, N, Daylight, Right Angle, Not Injured, N, N
US, 2, 0, 0, 0, 2017, October, Friday, 9:10 pm, 60, Dry, N, Night, Right Angle, Not Injured, N, N
US, 2, 0, 0, 0, 2017, October, Sunday, 1:57 pm, 40, Dry, N, Daylight, Right Angle, Not Injured, N, N
US, 2, 0, 0, 2, 2017, July, Monday, 2:51 pm, 40, Dry, N, Daylight, Head On, Minor Injury, N, N
US, 2, 0, 0, 0, 2017, August, Friday, 8:44 am, 40, Dry, N, Daylight, Side Swipe, Not Injured, N, N
US, 3, 0, 0, 0, 2017, August, Saturday, 1:20 am, 40, Dry, N, Night, Rear End, Not Injured, Y, N
US, 3, 0, 0, 0, 2017, August, Tuesday, 5:58 pm, 40, Wet, Y, Daylight, Rear End, Not Injured, N, N
US, 2, 0, 1, 0, 2017, September, Thursday, 11:47 am, 60, Dry, N, Daylight, Rear End, Major Injury, N, N
US, 2, 0, 0, 1, 2017, September, Saturday, 9:06 pm, 40, Dry, N, Night, Right Angle, Minor Injury, N, N
US, 2, 0, 0, 0, 2017, October, Tuesday, 2:04 pm, 40, Dry, N, Daylight, Right Angle, Not Injured, N, N
US, 2, 0, 0, 0, 2017, October, Monday, 6:25 am, 60, Wet, Y, Night, Right Angle, Not Injured, N, N
US, 2, 0, 0, 0, 2017, October, Monday, 2:15 pm, 40, Wet, Y, Daylight, Head On, Not Injured, N, N
US, 2, 0, 0, 0, 2017, October, Wednesday, 4:06 pm, 40, Wet, Y, Daylight, Right Angle, Not Injured, N, N
US, 2, 0, 0, 0, 2017, October, Thursday, 8:23 am, 60, Dry, N, Daylight, Rear End, Not Injured, N, N
US, 2, 0, 0, 0, 2017, October, Tuesday, 9:15 pm, 40, Wet, Y, Night, Right Angle, Not Injured, N, N
US, 2, 0, 0, 0, 2017, October, Thursday, 3:36 pm, 40, Dry, N, Daylight, Head On, Not Injured, N, N
US, 2, 0, 0, 0, 2017, October, Thursday, 3:58 pm, 40, Dry, N, Daylight, Head On, Not Injured, N, N
US, 3, 0, 0, 0, 2017, October, Thursday, 4:41 pm, 40, Dry, N, Daylight, Right Angle, Not Injured, N, N
US, 2, 0, 0, 0, 2017, October, Wednesday, 6:58 pm, 60, Wet, Y, Night, Hit Pedestrian, Minor Injury, N, N
US, 4, 0, 0, 0, 2017, October, Tuesday, 3:35 pm, 90, Dry, N, Daylight, Rear End, Minor Injury, N, N
US, 3, 0, 0, 0, 2017, October, Thursday, 4:56 pm, 60, Dry, N, Daylight, Rear End, Not Injured, N, N
US, 2, 0, 0, 0, 2017, October, Monday, 7:47 am, 30, Wet, Y, Daylight, Right Angle, Not Injured, N, N
US, 2, 0, 0, 1, 2017, October, Thursday, 5:55 pm, 40, Dry, N, Daylight, Hit Pedestrian, Minor Injury, N, N
US, 2, 0, 0, 0, 2017, October, Thursday, 11:02 pm, 110, Dry, N, Night, Rear End, Minor Injury, Y, N
US, 2, 0, 0, 0, 2017, October, Thursday, 5:16 pm, 40, Dry, N, Daylight, Rear End, Not Injured, N, N
US, 2, 0, 0, 0, 2017, October, Thursday, 7:05 pm, 60, Dry, N, Night, Rear End, Minor Injury, N, N
US, 2, 0, 0, 0, 2017, October, Sunday, 9:58 pm, 20, Dry, N, Night, Right Angle, Not Injured, N, N
US, 2, 0, 0, 0, 2017, October, Thursday, 8:17 pm, 40, Dry, N, Night, Side Swipe, Not Injured, N, N
US, 3, 0, 0, 0, 2017, October, Wednesday, 5:48 am, 40, Dry, N, Night, Side Swipe, Not Injured, N, N
US, 2, 0, 0, 1, 2017, October, Sunday, 2:00 am, 40, Dry, N, Night, Right Angle, Minor Injury, N, N
US, 2, 0, 0, 0, 2017, October, Thursday, 8:44 am, 40, Dry, N, Daylight, Right Angle, Not Injured, N, N
US, 2, 0, 0, 0, 2017, October, Wednesday, 7:24 am, 40, Dry, N, Daylight, Right Angle, Not Injured, N, N
US, 4, 0, 0, 1, 2017, October, Tuesday, 9:29 am, 60, Dry, N, Daylight, Rear End, Minor Injury, N, N