Nation,Total Units,Total Fatalities,Total Serious Injuries,Total Minor Injuries,Year,Month,Day,Time,Speed Limit,Moisture,Adverse Weather Conditions,DayNight,Crash Type,Crash Severity,Alcohol Related ,Drug Related
US, 2, 0, 0, 1, 2017, October, Thursday, 7:10 am, 60, Dry, N, Night, Rear End, Minor Injury, N, N
US, 2, 0, 0, 0, 2017, October, Wednesday, 4:59 pm, 50, Wet, Y, Daylight, Head On, Not Injured, N, N
US, 2, 0, 0, 0, 2017, October, Thursday, 5:38 pm, 40, Dry, N, Daylight, Rear End, Not Injured, N, N
US, 3, 0, 0, 0, 2017, October, Friday, 8:26 am, 60, Dry, N, Daylight, Rear End, Not Injured, N, N
US, 2, 0, 0, 0, 2017, October, Friday, 1:10 pm, 60, Dry, N, Daylight, Right Angle, Not Injured, N, N
US, 3, 0, 0, 0, 2017, October, Friday, 1:37 pm, 60, Dry, N, Daylight, Rear End, Not Injured, N, N
US, 2, 0, 0, 0, 2017, October, Friday, 1:29 pm, 60, Dry, N, Daylight, Right Angle, Not Injured, N, N
US, 2, 0, 0, 0, 2017, October, Friday, 3:54 pm, 60, Dry, N, Daylight, Rear End, Not Injured, N, N
US, 2, 0, 0, 1, 2017, October, Tuesday, 3:13 pm, 40, Dry, N, Daylight, Right Angle, Minor Injury, N, N
US, 3, 0, 0, 0, 2017, October, Friday, 5:08 pm, 50, Dry, N, Daylight, Rear End, Not Injured, N, N
US, 2, 0, 0, 6, 2017, October, Thursday, 7:01 pm, 40, Dry, N, Night, Side Swipe, Minor Injury, N, N
US, 2, 0, 0, 1, 2017, September, Friday, 1:21 pm, 90, Dry, N, Daylight, Right Angle, Minor Injury, N, N
US, 2, 0, 0, 1, 2017, September, Saturday, 8:59 pm, 90, Dry, N, Night, Rear End, Minor Injury, N, N
US, 2, 0, 0, 0, 2017, October, Friday, 4:50 pm, 40, Dry, N, Daylight, Right Angle, Not Injured, N, N
US, 2, 0, 0, 1, 2017, October, Friday, 6:45 pm, 40, Dry, N, Night, Right Angle, Minor Injury, N, N
US, 2, 0, 0, 0, 2017, October, Thursday, 4:25 pm, 60, Dry, N, Daylight, Side Swipe, Not Injured, N, N
US, 2, 0, 0, 0, 2017, October, Friday, 3:30 pm, 40, Dry, N, Daylight, Head On, Not Injured, N, N
US, 2, 0, 0, 1, 2017, October, Friday, 4:23 pm, 60, Dry, N, Daylight, Rear End, Minor Injury, N, N
US, 2, 0, 0, 0, 2017, October, Saturday, 12:35 am, 40, Dry, N, Night, Right Angle, Not Injured, N, N
US, 2, 0, 0, 0, 2017, October, Friday, 9:20 pm, 40, Dry, N, Night, Side Swipe, Not Injured, N, N
US, 2, 0, 0, 0, 2017, October, Friday, 7:20 pm, 60, Dry, N, Night, Right Angle, Not Injured, N, N
US, 2, 0, 0, 0, 2017, October, Sunday, 2:16 pm, 50, Dry, N, Daylight, Right Angle, Minor Injury, N, N
US, 3, 0, 0, 0, 2017, October, Saturday, 9:10 am, 40, Wet, Y, Daylight, Rear End, Not Injured, N, N
US, 2, 0, 0, 0, 2017, October, Friday, 3:25 pm, 60, Dry, N, Daylight, Rear End, Not Injured, N, N
US, 2, 0, 0, 0, 2017, October, Monday, 3:24 am, 20, Dry, N, Night, Side Swipe, Not Injured, Y, N
US, 2, 0, 0, 1, 2017, October, Friday, 4:58 pm, 40, Dry, N, Daylight, Right Angle, Minor Injury, N, N
US, 2, 0, 0, 0, 2017, October, Saturday, 11:30 am, 40, Wet, Y, Daylight, Side Swipe, Not Injured, N, N
US, 2, 0, 0, 0, 2017, October, Saturday, 12:25 am, 60, Wet, Y, Daylight, Rear End, Minor Injury, N, N
US, 2, 0, 0, 0, 2017, October, Friday, 6:01 pm, 40, Dry, N, Daylight, Right Angle, Not Injured, N, N
US, 2, 0, 0, 1, 2017, October, Saturday, 12:54 am, 40, Wet, Y, Daylight, Right Angle, Minor Injury, N, N
US, 3, 0, 0, 0, 2017, October, Friday, 3:53 pm, 30, Dry, N, Daylight, Rear End, Minor Injury, N, N
US, 2, 0, 0, 0, 2017, October, Saturday, 12:25 am, 60, Wet, Y, Daylight, Rear End, Not Injured, N, N
US, 2, 0, 0, 0, 2017, October, Saturday, 1:53 pm, 60, Wet, Y, Daylight, Rear End, Minor Injury, N, N
US, 2, 0, 0, 0, 2017, October, Saturday, 2:30 pm, 40, Wet, Y, Daylight, Rear End, Not Injured, N, N
US, 2, 0, 0, 0, 2017, October, Saturday, 4:00 pm, 40, Wet, Y, Daylight, Right Angle, Not Injured, N, N
US, 2, 0, 0, 0, 2017, October, Saturday, 4:55 pm, 40, Wet, Y, Night, Right Angle, Not Injured, N, N
US, 2, 0, 0, 0, 2017, October, Friday, 7:39 am, 90, Dry, N, Daylight, Rear End, Not Injured, N, N
US, 3, 0, 0, 0, 2017, October, Saturday, 5:20 pm, 40, Wet, Y, Night, Side Swipe, Not Injured, N, N
US, 2, 0, 0, 0, 2017, October, Saturday, 6:30 pm, 40, Wet, Y, Night, Head On, Not Injured, N, N
US, 3, 0, 0, 1, 2017, October, Saturday, 6:39 pm, 70, Wet, Y, Night, Rear End, Minor Injury, N, N
US, 3, 0, 0, 0, 2017, October, Saturday, 7:36 pm, 40, Wet, Y, Night, Rear End, Not Injured, N, N
US, 2, 0, 0, 0, 2017, October, Saturday, 7:24 pm, 60, Wet, Y, Night, Right Angle, Not Injured, N, N
US, 2, 0, 0, 0, 2017, October, Saturday, 7:50 pm, 70, Wet, Y, Night, Rear End, Not Injured, N, N
US, 2, 0, 0, 0, 2017, October, Saturday, 10:20 pm, 60, Wet, Y, Night, Side Swipe, Not Injured, N, N
US, 2, 0, 0, 0, 2017, October, Sunday, 12:23 am, 40, Wet, Y, Night, Head On, Not Injured, N, N
US, 2, 0, 0, 0, 2017, October, Friday, 11:13 pm, 50, Wet, Y, Night, Side Swipe, Not Injured, N, N
US, 2, 0, 0, 1, 2017, October, Sunday, 12:38 am, 60, Wet, Y, Night, Head On, Minor Injury, Y, N
US, 2, 0, 0, 0, 2017, October, Sunday, 2:15 am, 40, Wet, Y, Night, Rear End, Not Injured, N, N
US, 2, 0, 0, 0, 2017, October, Sunday, 1:02 am, 40, Wet, Y, Night, Right Angle, Minor Injury, Y, N
US, 2, 0, 0, 0, 2017, October, Monday, 9:41 am, 90, Dry, N, Daylight, Rear End, Not Injured, N, N
US, 2, 0, 0, 1, 2017, October, Monday, 3:36 pm, 90, Dry, N, Daylight, Side Swipe, Minor Injury, N, N
US, 4, 0, 0, 1, 2017, October, Tuesday, 6:49 am, 110, Dry, N, Daylight, Right Angle, Minor Injury, N, N
US, 3, 0, 0, 0, 2017, October, Sunday, 12:27 am, 90, Dry, N, Daylight, Rear End, Not Injured, N, N
US, 2, 0, 0, 0, 2017, October, Tuesday, 6:59 am, 90, Wet, Y, Daylight, Rear End, Not Injured, N, N
US, 2, 0, 0, 0, 2017, October, Tuesday, 7:54 am, 90, Wet, N, Daylight, Rear End, Minor Injury, N, N
US, 3, 0, 0, 0, 2017, October, Wednesday, 6:21 am, 90, Dry, N, Daylight, Rear End, Not Injured, N, N
US, 2, 0, 0, 0, 2017, October, Thursday, 2:56 pm, 90, Dry, N, Daylight, Side Swipe, Not Injured, N, N
US, 2, 0, 0, 0, 2017, October, Friday, 5:09 pm, 90, Dry, N, Daylight, Rear End, Not Injured, N, N
US, 3, 0, 0, 0, 2017, October, Friday, 6:50 pm, 90, Dry, N, Night, Rear End, Minor Injury, N, N
US, 2, 0, 0, 0, 2017, October, Saturday, 10:36 am, 110, Wet, Y, Daylight, Side Swipe, Not Injured, N, N
US, 2, 0, 1, 1, 2017, October, Sunday, 9:40 am, 90, Wet, Y, Daylight, Right Angle, Major Injury, N, N
US, 2, 0, 0, 0, 2017, October, Saturday, 6:07 pm, 40, Wet, Y, Night, Head On, Minor Injury, N, N
US, 2, 0, 0, 0, 2017, October, Sunday, 11:35 am, 40, Wet, Y, Daylight, Right Angle, Not Injured, N, N
US, 3, 0, 0, 0, 2017, October, Sunday, 11:53 am, 40, Wet, Y, Daylight, Right Angle, Not Injured, N, N
US, 2, 0, 0, 0, 2017, October, Sunday, 1:40 pm, 40, Wet, Y, Daylight, Right Angle, Minor Injury, N, N
US, 2, 0, 0, 0, 2017, October, Sunday, 1:40 pm, 40, Wet, Y, Daylight, Right Angle, Not Injured, N, N
US, 3, 0, 0, 0, 2017, October, Sunday, 1:15 pm, 40, Wet, Y, Daylight, Rear End, Not Injured, N, N
US, 2, 0, 0, 0, 2017, October, Sunday, 3:27 pm, 40, Wet, Y, Daylight, Rear End, Not Injured, N, N
US, 2, 0, 0, 2, 2017, October, Tuesday, 5:50 pm, 70, Dry, N, Night, Rear End, Minor Injury, N, N
US, 2, 0, 0, 0, 2017, October, Thursday, 6:40 pm, 40, Dry, N, Night, Right Angle, Not Injured, N, N
US, 3, 0, 0, 0, 2017, October, Tuesday, 12:27 am, 60, Dry, N, Daylight, Side Swipe, Not Injured, N, N
US, 2, 0, 0, 0, 2017, October, Sunday, 6:50 pm, 40, Wet, Y, Night, Right Angle, Not Injured, N, N
US, 2, 0, 0, 1, 2017, October, Friday, 5:49 pm, 60, Dry, N, Daylight, Right Angle, Minor Injury, N, N
US, 2, 0, 0, 0, 2017, October, Sunday, 7:55 pm, 40, Wet, Y, Night, Hit Pedestrian, Minor Injury, N, N
US, 2, 0, 0, 0, 2017, October, Sunday, 6:55 pm, 60, Wet, Y, Night, Head On, Not Injured, N, N
US, 2, 0, 1, 0, 2017, October, Monday, 6:44 am, 50, Dry, N, Night, Side Swipe, Major Injury, N, N
US, 2, 0, 0, 0, 2017, October, Monday, 7:00 am, 60, Dry, N, Night, Right Angle, Minor Injury, N, N
US, 3, 0, 0, 0, 2017, October, Monday, 7:45 am, 40, Dry, N, Daylight, Rear End, Minor Injury, N, N
US, 3, 0, 0, 0, 2017, October, Monday, 7:25 am, 70, Dry, N, Daylight, Rear End, Not Injured, N, N
US, 2, 0, 0, 0, 2017, October, Tuesday, 12:12 am, 40, Wet, Y, Daylight, Rear End, Not Injured, N, N
US, 2, 0, 0, 1, 2017, October, Tuesday, 3:20 pm, 60, Dry, N, Daylight, Rear End, Minor Injury, N, N
US, 2, 0, 0, 2, 2017, October, Sunday, 1:54 pm, 40, Wet, Y, Daylight, Right Angle, Minor Injury, N, N
US, 2, 0, 0, 1, 2017, October, Friday, 10:54 am, 60, Dry, N, Daylight, Right Angle, Minor Injury, N, N
US, 2, 0, 0, 0, 2017, October, Saturday, 5:34 pm, 60, Dry, N, Daylight, Right Angle, Not Injured, N, N
US, 2, 0, 0, 0, 2017, October, Monday, 4:07 pm, 60, Wet, Y, Daylight, Right Angle, Not Injured, N, N
US, 2, 0, 0, 0, 2017, October, Monday, 3:39 pm, 60, Dry, N, Daylight, Side Swipe, Minor Injury, N, N
US, 2, 0, 0, 0, 2017, October, Sunday, 12:38 am, 60, Dry, N, Daylight, Right Angle, Minor Injury, N, N
US, 2, 0, 0, 0, 2017, October, Tuesday, 10:29 pm, 60, Dry, N, Night, Right Angle, Not Injured, N, N
US, 2, 0, 0, 0, 2017, October, Monday, 4:31 pm, 40, Wet, Y, Daylight, Rear End, Not Injured, N, N
US, 2, 0, 0, 0, 2017, October, Thursday, 12:19 am, 60, Dry, N, Daylight, Rear End, Not Injured, N, N
US, 2, 0, 0, 0, 2017, October, Saturday, 5:01 pm, 80, Wet, Y, Daylight, Right Angle, Not Injured, N, N
US, 2, 0, 0, 0, 2017, October, Monday, 5:30 pm, 60, Wet, Y, Daylight, Rear End, Not Injured, N, N
US, 2, 0, 0, 0, 2017, October, Tuesday, 11:19 am, 60, Dry, N, Daylight, Right Angle, Not Injured, N, N
US, 2, 0, 0, 0, 2017, October, Friday, 10:27 am, 70, Dry, N, Daylight, Rear End, Minor Injury, N, N
US, 2, 0, 0, 3, 2017, October, Sunday, 6:36 pm, 90, Wet, N, Night, Rear End, Minor Injury, N, N
US, 2, 0, 0, 1, 2017, August, Thursday, 11:40 pm, 90, Dry, N, Night, Right Angle, Minor Injury, N, N
US, 2, 0, 0, 0, 2017, October, Saturday, 1:57 pm, 60, Wet, Y, Daylight, Rear End, Not Injured, N, N
US, 2, 0, 0, 0, 2017, October, Monday, 3:52 pm, 90, Wet, Y, Daylight, Rear End, Minor Injury, N, N
US, 2, 0, 0, 0, 2017, October, Tuesday, 12:26 am, 40, Dry, N, Daylight, Rear End, Not Injured, N, N
US, 2, 0, 0, 0, 2017, October, Tuesday, 8:37 am, 40, Dry, N, Daylight, Head On, Minor Injury, N, N
US, 2, 0, 0, 0, 2017, October, Tuesday, 12:29 am, 40, Dry, N, Daylight, Rear End, Minor Injury, N, N
US, 2, 0, 0, 0, 2017, October, Monday, 3:41 pm, 40, Dry, N, Daylight, Right Angle, Not Injured, N, N
US, 2, 0, 0, 0, 2017, October, Tuesday, 3:00 pm, 60, Dry, N, Daylight, Right Angle, Not Injured, N, N
US, 2, 0, 0, 0, 2017, October, Tuesday, 3:55 pm, 40, Dry, N, Daylight, Rear End, Not Injured, N, N
US, 3, 0, 0, 1, 2017, October, Tuesday, 3:34 pm, 40, Dry, N, Daylight, Rear End, Minor Injury, N, N
US, 2, 0, 0, 0, 2017, October, Tuesday, 4:45 pm, 40, Dry, N, Daylight, Rear End, Not Injured, N, N
US, 2, 0, 0, 0, 2017, October, Sunday, 11:41 am, 20, Wet, Y, Daylight, Rear End, Not Injured, N, N
US, 2, 0, 0, 0, 2017, October, Sunday, 9:52 am, 80, Wet, Y, Daylight, Rear End, Not Injured, N, N
US, 2, 0, 0, 0, 2017, October, Monday, 1:01 pm, 110, Dry, N, Daylight, Rear End, Not Injured, N, N
US, 2, 0, 0, 2, 2017, October, Monday, 7:15 pm, 90, Wet, N, Night, Rear End, Minor Injury, N, N
US, 2, 0, 0, 0, 2017, October, Tuesday, 5:08 pm, 60, Dry, N, Daylight, Right Angle, Not Injured, N, N
US, 3, 0, 0, 0, 2017, October, Sunday, 6:43 am, 40, Wet, Y, Daylight, Rear End, Minor Injury, N, N
US, 2, 0, 0, 0, 2017, October, Tuesday, 11:23 pm, 60, Dry, N, Night, Side Swipe, Not Injured, N, N
US, 3, 0, 0, 0, 2017, October, Tuesday, 6:24 am, 40, Dry, N, Night, Right Angle, Not Injured, N, N
US, 2, 0, 0, 0, 2017, October, Tuesday, 12:20 am, 40, Dry, N, Night, Right Angle, Not Injured, N, N
US, 3, 0, 0, 0, 2017, October, Monday, 3:57 pm, 60, Dry, N, Daylight, Rear End, Not Injured, N, N
US, 2, 0, 0, 2, 2017, October, Tuesday, 3:30 pm, 70, Dry, N, Daylight, Rear End, Minor Injury, N, N
US, 2, 0, 0, 0, 2017, October, Tuesday, 1:40 pm, 60, Dry, N, Daylight, Rear End, Not Injured, N, N
US, 3, 0, 0, 0, 2017, September, Friday, 3:26 pm, 60, Dry, N, Daylight, Rear End, Not Injured, N, N
US, 2, 0, 0, 0, 2017, October, Tuesday, 8:30 am, 60, Dry, N, Daylight, Side Swipe, Not Injured, N, N
US, 2, 0, 0, 0, 2017, November, Wednesday, 12:16 am, 40, Wet, Y, Daylight, Right Angle, Not Injured, N, N
US, 2, 0, 0, 0, 2017, November, Wednesday, 11:51 am, 40, Wet, Y, Daylight, Right Angle, Minor Injury, N, N
US, 2, 0, 1, 0, 2017, October, Tuesday, 7:25 am, 50, Dry, N, Daylight, Hit Pedestrian, Major Injury, N, N
US, 4, 0, 0, 0, 2017, November, Wednesday, 12:40 am, 40, Wet, Y, Daylight, Rear End, Not Injured, N, N
US, 2, 0, 0, 0, 2017, November, Wednesday, 4:05 pm, 40, Wet, Y, Daylight, Side Swipe, Not Injured, N, N
US, 2, 0, 0, 0, 2017, October, Tuesday, 8:55 pm, 60, Dry, N, Night, Right Angle, Minor Injury, N, N
US, 2, 0, 0, 0, 2017, November, Wednesday, 6:10 pm, 40, Wet, Y, Night, Right Angle, Not Injured, N, N
US, 3, 0, 0, 0, 2017, November, Wednesday, 5:05 pm, 60, Wet, Y, Night, Rear End, Not Injured, N, N
US, 2, 0, 0, 0, 2017, November, Wednesday, 9:10 pm, 40, Wet, Y, Night, Right Angle, Not Injured, N, N
US, 2, 0, 0, 0, 2017, October, Tuesday, 6:27 am, 90, Dry, N, Night, Rear End, Minor Injury, N, N
US, 3, 0, 0, 0, 2017, November, Wednesday, 7:41 am, 40, Wet, Y, Night, Rear End, Not Injured, N, N
US, 2, 0, 0, 0, 2017, October, Tuesday, 6:27 am, 90, Dry, N, Night, Rear End, Not Injured, N, N
US, 2, 0, 0, 0, 2017, November, Thursday, 7:37 am, 40, Wet, Y, Daylight, Rear End, Not Injured, N, N
US, 2, 0, 0, 0, 2017, November, Thursday, 7:44 am, 40, Wet, Y, Daylight, Rear End, Not Injured, N, N
US, 2, 0, 0, 0, 2017, November, Thursday, 10:12 am, 40, Wet, Y, Daylight, Right Angle, Minor Injury, N, N
US, 2, 0, 0, 1, 2017, November, Thursday, 9:37 am, 40, Wet, N, Daylight, Side Swipe, Minor Injury, N, N
US, 2, 0, 0, 0, 2017, November, Thursday, 9:35 am, 40, Wet, Y, Daylight, Right Angle, Not Injured, N, N
US, 3, 0, 0, 0, 2017, November, Wednesday, 6:00 pm, 40, Wet, Y, Night, Rear End, Not Injured, N, N
US, 2, 0, 0, 0, 2017, October, Tuesday, 5:50 pm, 30, Dry, N, Daylight, Side Swipe, Not Injured, N, N
US, 2, 0, 0, 0, 2017, October, Monday, 5:02 pm, 20, Dry, N, Night, Rear End, Not Injured, N, N
US, 3, 0, 0, 1, 2017, November, Wednesday, 2:15 pm, 70, Dry, N, Daylight, Head On, Minor Injury, N, N
US, 2, 0, 0, 0, 2017, November, Wednesday, 10:30 pm, 40, Wet, Y, Night, Rear End, Not Injured, N, N
US, 2, 0, 0, 0, 2017, November, Thursday, 3:50 pm, 40, Dry, N, Daylight, Right Angle, Not Injured, N, N
US, 2, 0, 0, 0, 2017, November, Thursday, 4:58 pm, 40, Dry, N, Daylight, Rear End, Not Injured, N, N
US, 2, 0, 0, 0, 2017, November, Thursday, 4:48 pm, 30, Dry, N, Daylight, Right Angle, Not Injured, N, N
US, 2, 0, 0, 2, 2017, November, Wednesday, 7:37 pm, 110, Wet, Y, Night, Side Swipe, Minor Injury, N, N
US, 2, 0, 1, 0, 2017, November, Wednesday, 3:15 pm, 60, Wet, Y, Daylight, Head On, Major Injury, N, N
US, 2, 0, 0, 0, 2017, November, Thursday, 8:40 am, 40, Dry, N, Night, Right Angle, Not Injured, N, N
US, 2, 0, 0, 1, 2017, November, Thursday, 5:50 pm, 40, Dry, N, Night, Right Angle, Minor Injury, N, N
US, 3, 0, 0, 0, 2017, November, Thursday, 7:05 pm, 40, Dry, N, Night, Rear End, Not Injured, N, N
US, 2, 0, 0, 0, 2017, November, Thursday, 8:28 pm, 40, Dry, N, Night, Hit Pedestrian, Minor Injury, N, N
US, 2, 0, 0, 0, 2017, November, Thursday, 4:46 pm, 40, Dry, N, Daylight, Hit Pedestrian, Minor Injury, N, N
US, 2, 0, 0, 0, 2017, October, Sunday, 4:23 am, 40, Dry, N, Night, Head On, Not Injured, N, N
US, 2, 0, 0, 1, 2017, October, Friday, 5:20 pm, 40, Dry, N, Daylight, Hit Pedestrian, Minor Injury, N, N
US, 3, 0, 0, 1, 2017, November, Friday, 7:02 am, 60, Wet, N, Night, Head On, Minor Injury, N, N
US, 2, 0, 0, 0, 2017, November, Friday, 8:04 am, 40, Wet, Y, Daylight, Right Angle, Minor Injury, N, N
US, 2, 0, 0, 0, 2017, November, Friday, 8:56 am, 40, Wet, Y, Daylight, Rear End, Not Injured, N, N
US, 2, 0, 0, 0, 2017, November, Friday, 9:00 am, 60, Wet, Y, Daylight, Rear End, Not Injured, N, N
US, 2, 0, 0, 1, 2017, October, Friday, 12:53 am, 60, Dry, N, Daylight, Right Angle, Minor Injury, N, N
US, 2, 0, 0, 0, 2017, November, Friday, 1:18 pm, 60, Dry, N, Daylight, Right Angle, Not Injured, N, N
US, 2, 0, 0, 0, 2017, November, Thursday, 6:43 pm, 60, Dry, N, Daylight, Head On, Not Injured, N, N
US, 3, 0, 0, 0, 2017, November, Friday, 3:27 pm, 60, Dry, N, Daylight, Rear End, Not Injured, N, N
US, 2, 0, 0, 0, 2017, October, Tuesday, 4:55 pm, 60, Dry, N, Daylight, Right Angle, Not Injured, N, N
US, 2, 0, 0, 0, 2017, October, Wednesday, 7:00 am, 60, Wet, Y, Daylight, Rear End, Not Injured, N, N
US, 2, 0, 0, 0, 2017, November, Friday, 6:05 pm, 40, Dry, N, Night, Side Swipe, Minor Injury, N, N
US, 2, 0, 0, 0, 2017, October, Monday, 6:40 pm, 60, Wet, Y, Night, Head On, Not Injured, N, N
US, 2, 0, 0, 0, 2017, November, Friday, 9:56 pm, 40, Dry, N, Night, Right Angle, Not Injured, N, N
US, 3, 0, 0, 0, 2017, November, Saturday, 1:20 am, 60, Dry, N, Night, Head On, Minor Injury, Y, N
US, 2, 0, 0, 1, 2017, October, Tuesday, 3:06 pm, 60, Dry, N, Daylight, Rear End, Minor Injury, N, N
US, 2, 0, 0, 0, 2017, November, Thursday, 12:38 am, 60, Dry, N, Daylight, Head On, Not Injured, N, N
US, 2, 0, 0, 1, 2017, November, Friday, 9:40 am, 40, Dry, N, Daylight, Rear End, Minor Injury, N, N
US, 2, 0, 0, 0, 2017, November, Saturday, 8:51 am, 20, Dry, N, Daylight, Rear End, Not Injured, N, N
US, 2, 0, 0, 0, 2017, November, Saturday, 12:17 am, 90, Dry, N, Daylight, Rear End, Not Injured, N, N
US, 2, 0, 0, 1, 2017, November, Saturday, 2:36 pm, 60, Dry, N, Daylight, Rear End, Minor Injury, N, N
US, 2, 0, 0, 1, 2017, November, Saturday, 3:30 pm, 40, Dry, N, Daylight, Right Angle, Minor Injury, N, N
US, 2, 0, 0, 0, 2017, November, Saturday, 3:50 pm, 40, Dry, N, Daylight, Right Angle, Not Injured, N, N
US, 2, 0, 1, 0, 2017, November, Saturday, 3:48 pm, 70, Dry, N, Daylight, Right Angle, Major Injury, N, N
US, 2, 0, 1, 0, 2017, November, Saturday, 11:30 am, 40, Dry, N, Daylight, Hit Pedestrian, Major Injury, N, N
US, 2, 0, 0, 0, 2017, October, Thursday, 8:06 pm, 60, Dry, N, Night, Right Angle, Not Injured, N, N
US, 2, 0, 0, 0, 2017, November, Thursday, 3:50 pm, 60, Dry, N, Daylight, Rear End, Not Injured, N, N
US, 2, 0, 0, 0, 2017, November, Sunday, 1:40 am, 60, Dry, N, Night, Side Swipe, Not Injured, Y, N
US, 2, 0, 0, 1, 2017, October, Thursday, 9:57 am, 90, Dry, N, Daylight, Rear End, Minor Injury, N, N
US, 4, 0, 0, 0, 2017, October, Friday, 1:25 pm, 90, Dry, N, Daylight, Rear End, Minor Injury, N, N
US, 4, 0, 0, 0, 2017, October, Friday, 4:27 pm, 90, Dry, N, Daylight, Rear End, Not Injured, N, N
US, 2, 0, 0, 0, 2017, October, Sunday, 12:57 am, 60, Dry, N, Daylight, Rear End, Not Injured, N, N
US, 2, 0, 0, 0, 2017, October, Monday, 7:18 pm, 90, Wet, Y, Daylight, Right Angle, Not Injured, N, N
US, 2, 0, 0, 0, 2017, October, Tuesday, 8:15 am, 90, Dry, N, Daylight, Rear End, Not Injured, N, N
US, 2, 0, 0, 0, 2017, November, Friday, 7:18 am, 90, Dry, N, Night, Rear End, Not Injured, N, N
US, 3, 0, 0, 0, 2017, November, Friday, 7:30 pm, 90, Dry, N, Night, Rear End, Not Injured, N, N
US, 2, 0, 0, 0, 2017, November, Saturday, 10:51 am, 40, Dry, N, Daylight, Right Angle, Not Injured, N, N
US, 4, 0, 0, 0, 2017, November, Thursday, 6:19 pm, 70, Dry, N, Daylight, Rear End, Not Injured, N, N
US, 2, 0, 0, 0, 2017, October, Tuesday, 2:05 pm, 40, Dry, N, Daylight, Side Swipe, Not Injured, N, N
US, 2, 0, 1, 0, 2017, November, Saturday, 1:21 pm, 40, Dry, N, Daylight, Right Angle, Major Injury, N, N
US, 2, 0, 0, 0, 2017, November, Sunday, 9:56 am, 60, Wet, Y, Daylight, Rear End, Not Injured, N, N
US, 2, 0, 0, 0, 2017, November, Sunday, 1:38 pm, 40, Dry, N, Daylight, Rear End, Minor Injury, N, N
US, 3, 0, 0, 0, 2017, November, Sunday, 2:54 pm, 40, Dry, N, Daylight, Side Swipe, Not Injured, N, N
US, 2, 0, 0, 3, 2017, November, Saturday, 3:14 pm, 40, Dry, N, Daylight, Rear End, Minor Injury, N, N
US, 2, 0, 0, 0, 2017, November, Sunday, 3:15 pm, 60, Dry, N, Daylight, Right Angle, Not Injured, N, N
US, 2, 0, 0, 1, 2017, November, Sunday, 4:05 pm, 60, Dry, N, Daylight, Rear End, Minor Injury, N, N
US, 2, 0, 0, 0, 2017, November, Sunday, 9:50 pm, 40, Wet, Y, Night, Right Angle, Not Injured, Y, N
US, 2, 0, 0, 2, 2017, October, Monday, 10:16 pm, 70, Dry, N, Night, Right Angle, Minor Injury, N, N
US, 2, 0, 0, 1, 2017, November, Wednesday, 4:11 pm, 90, Wet, Y, Daylight, Right Angle, Minor Injury, N, N
US, 2, 0, 0, 0, 2017, November, Friday, 8:17 am, 110, Wet, Y, Daylight, Rear End, Minor Injury, N, N
US, 2, 0, 0, 2, 2017, November, Sunday, 2:29 pm, 60, Dry, N, Daylight, Rear End, Minor Injury, N, N
US, 2, 0, 0, 0, 2017, October, Tuesday, 4:57 pm, 90, Dry, N, Daylight, Rear End, Not Injured, N, N
US, 2, 0, 0, 0, 2017, November, Sunday, 12:15 am, 60, Wet, N, Daylight, Right Angle, Not Injured, N, N
US, 2, 0, 0, 0, 2017, November, Monday, 8:58 am, 60, Wet, Y, Daylight, Rear End, Minor Injury, N, N
US, 2, 0, 0, 0, 2017, November, Monday, 7:48 am, 40, Wet, Y, Daylight, Rear End, Not Injured, N, N
US, 2, 0, 0, 0, 2017, November, Thursday, 9:08 pm, 60, Wet, N, Night, Rear End, Not Injured, N, N
US, 2, 0, 0, 0, 2017, November, Monday, 7:55 am, 60, Wet, Y, Daylight, Side Swipe, Not Injured, N, N
US, 3, 0, 0, 1, 2017, November, Monday, 12:05 am, 60, Wet, Y, Daylight, Rear End, Minor Injury, N, N
US, 2, 0, 0, 1, 2017, November, Thursday, 7:34 am, 90, Wet, Y, Night, Rear End, Minor Injury, N, N
US, 2, 0, 0, 0, 2017, November, Thursday, 6:23 pm, 90, Dry, N, Night, Rear End, Minor Injury, N, N
US, 2, 0, 0, 0, 2017, November, Monday, 5:40 pm, 40, Dry, N, Night, Right Angle, Minor Injury, N, N
US, 2, 0, 0, 0, 2017, October, Friday, 4:43 pm, 60, Dry, N, Daylight, Rear End, Not Injured, N, N
US, 2, 0, 0, 0, 2017, November, Monday, 7:15 pm, 40, Dry, N, Night, Rear End, Not Injured, N, N
US, 2, 0, 0, 0, 2017, October, Friday, 7:00 am, 40, Dry, N, Daylight, Rear End, Not Injured, N, N
US, 3, 0, 0, 0, 2017, November, Monday, 6:29 pm, 60, Wet, N, Night, Rear End, Not Injured, N, N