Nation,Total Units,Total Fatalities,Total Serious Injuries,Total Minor Injuries,Year,Month,Day,Time,Speed Limit,Moisture,Adverse Weather Conditions,DayNight,Crash Type,Crash Severity,Alcohol Related ,Drug Related
US, 2, 0, 0, 0, 2017, November, Monday, 7:56 pm, 40, Dry, N, Night, Right Angle, Minor Injury, N, N
US, 2, 0, 0, 0, 2017, November, Saturday, 8:40 pm, 60, Dry, N, Night, Right Angle, Minor Injury, N, N
US, 2, 0, 0, 0, 2017, November, Sunday, 12:56 am, 70, Dry, N, Daylight, Rear End, Not Injured, N, N
US, 2, 0, 0, 0, 2017, November, Saturday, 10:16 pm, 60, Dry, N, Night, Right Angle, Not Injured, N, N
US, 2, 0, 0, 0, 2017, November, Thursday, 12:44 am, 90, Dry, N, Daylight, Rear End, Not Injured, N, N
US, 2, 0, 0, 0, 2017, August, Thursday, 5:31 pm, 90, Dry, N, Daylight, Rear End, Not Injured, N, N
US, 2, 0, 0, 0, 2017, August, Friday, 7:55 pm, 90, Dry, N, Night, Rear End, Minor Injury, N, N
US, 2, 0, 0, 0, 2017, August, Monday, 1:03 pm, 90, Dry, N, Daylight, Rear End, Not Injured, N, N
US, 2, 0, 0, 1, 2017, November, Tuesday, 6:57 am, 60, Wet, Y, Daylight, Rear End, Minor Injury, N, N
US, 2, 0, 0, 0, 2017, October, Tuesday, 10:56 am, 60, Dry, N, Daylight, Right Angle, Not Injured, N, N
US, 2, 0, 0, 0, 2017, November, Monday, 12:09 am, 60, Wet, Y, Daylight, Head On, Not Injured, N, N
US, 2, 0, 0, 0, 2017, November, Tuesday, 10:20 am, 40, Wet, Y, Daylight, Right Angle, Not Injured, N, N
US, 2, 0, 0, 0, 2017, November, Friday, 11:40 am, 60, Wet, N, Daylight, Rear End, Not Injured, N, N
US, 3, 0, 0, 0, 2017, November, Friday, 7:45 am, 60, Dry, N, Daylight, Rear End, Not Injured, N, N
US, 2, 0, 0, 1, 2017, November, Tuesday, 1:27 pm, 40, Dry, N, Daylight, Hit Pedestrian, Minor Injury, N, N
US, 4, 0, 0, 0, 2017, November, Monday, 6:31 pm, 60, Dry, N, Night, Rear End, Not Injured, N, N
US, 2, 0, 0, 0, 2017, October, Friday, 11:08 am, 60, Dry, N, Daylight, Head On, Not Injured, N, N
US, 2, 0, 0, 1, 2017, November, Tuesday, 5:00 pm, 60, Wet, N, Night, Hit Pedestrian, Minor Injury, N, N
US, 2, 0, 0, 0, 2017, October, Saturday, 6:48 pm, 20, Wet, Y, Night, Right Angle, Not Injured, N, N
US, 2, 0, 0, 0, 2017, November, Wednesday, 7:28 am, 90, Wet, Y, Daylight, Rear End, Not Injured, N, N
US, 2, 0, 0, 0, 2017, November, Tuesday, 5:53 pm, 20, Wet, N, Night, Right Angle, Not Injured, N, N
US, 2, 0, 0, 0, 2017, November, Tuesday, 5:20 pm, 40, Dry, N, Night, Right Angle, Not Injured, N, N
US, 3, 0, 0, 1, 2017, November, Saturday, 9:05 pm, 60, Dry, N, Night, Rear End, Minor Injury, N, N
US, 3, 0, 0, 0, 2017, November, Tuesday, 5:41 pm, 40, Dry, N, Night, Right Angle, Not Injured, N, N
US, 2, 0, 0, 2, 2017, November, Friday, 3:42 am, 20, Dry, N, Night, Rear End, Minor Injury, N, N
US, 2, 0, 0, 0, 2017, November, Tuesday, 8:00 am, 40, Wet, Y, Daylight, Right Angle, Not Injured, N, N
US, 2, 0, 0, 0, 2017, November, Wednesday, 6:30 am, 40, Dry, N, Daylight, Right Angle, Not Injured, N, N
US, 2, 0, 0, 0, 2017, November, Tuesday, 2:50 pm, 40, Wet, Y, Daylight, Rear End, Minor Injury, N, N
US, 2, 0, 0, 0, 2017, November, Tuesday, 1:00 pm, 70, Wet, Y, Daylight, Side Swipe, Not Injured, N, N
US, 3, 1, 2, 0, 2017, October, Saturday, 12:00 am, 40, Wet, Y, Daylight, Right Angle, Fatal, Y, N
US, 2, 0, 0, 0, 2017, November, Wednesday, 2:26 pm, 40, Dry, N, Daylight, Rear End, Not Injured, N, N
US, 2, 0, 0, 1, 2017, November, Wednesday, 12:30 am, 40, Dry, N, Daylight, Head On, Minor Injury, N, N
US, 2, 0, 0, 0, 2017, November, Wednesday, 2:07 pm, 60, Dry, N, Daylight, Right Angle, Not Injured, N, N
US, 2, 0, 0, 0, 2017, November, Tuesday, 2:15 pm, 40, Wet, Y, Daylight, Right Angle, Not Injured, N, N
US, 2, 0, 0, 0, 2017, November, Wednesday, 3:20 pm, 40, Dry, N, Daylight, Right Angle, Not Injured, N, N
US, 2, 0, 0, 0, 2017, November, Wednesday, 5:31 pm, 40, Wet, Y, Night, Side Swipe, Not Injured, N, N
US, 2, 0, 0, 0, 2017, November, Wednesday, 4:17 pm, 40, Dry, N, Daylight, Rear End, Not Injured, N, N
US, 2, 0, 0, 0, 2017, November, Wednesday, 4:06 pm, 60, Dry, N, Daylight, Right Angle, Not Injured, N, N
US, 2, 0, 0, 1, 2017, November, Wednesday, 6:30 pm, 40, Dry, N, Night, Right Angle, Minor Injury, N, N
US, 2, 0, 0, 1, 2017, November, Wednesday, 8:32 pm, 40, Dry, N, Night, Hit Pedestrian, Minor Injury, N, N
US, 2, 0, 0, 0, 2017, November, Wednesday, 10:20 pm, 60, Dry, N, Night, Head On, Minor Injury, N, N
US, 3, 0, 0, 2, 2017, November, Tuesday, 5:22 pm, 40, Wet, Y, Night, Rear End, Minor Injury, N, N
US, 2, 0, 0, 0, 2017, November, Thursday, 6:29 am, 40, Dry, N, Daylight, Side Swipe, Not Injured, N, N
US, 3, 0, 0, 0, 2017, November, Wednesday, 11:40 am, 40, Dry, N, Daylight, Hit Pedestrian, Minor Injury, N, N
US, 2, 0, 0, 0, 2017, November, Wednesday, 7:30 am, 40, Dry, N, Daylight, Rear End, Not Injured, N, N
US, 2, 0, 0, 0, 2017, November, Wednesday, 2:40 pm, 60, Dry, N, Daylight, Right Angle, Not Injured, N, N
US, 2, 0, 0, 0, 2017, November, Tuesday, 1:14 pm, 40, Wet, Y, Daylight, Hit Pedestrian, Minor Injury, N, N
US, 2, 0, 0, 0, 2017, November, Thursday, 10:09 am, 40, Dry, N, Daylight, Side Swipe, Not Injured, N, N
US, 2, 0, 0, 0, 2017, November, Wednesday, 7:30 am, 20, Dry, N, Daylight, Rear End, Not Injured, N, N
US, 2, 0, 0, 0, 2017, November, Thursday, 7:51 am, 60, Dry, N, Daylight, Right Angle, Minor Injury, N, N
US, 4, 0, 0, 0, 2017, November, Thursday, 7:50 am, 70, Dry, N, Daylight, Rear End, Not Injured, N, N
US, 2, 0, 0, 0, 2017, October, Monday, 5:32 pm, 60, Dry, N, Daylight, Right Angle, Minor Injury, N, N
US, 2, 0, 0, 0, 2017, November, Wednesday, 3:14 pm, 60, Dry, N, Daylight, Right Angle, Not Injured, N, N
US, 2, 0, 0, 0, 2017, November, Thursday, 4:18 pm, 50, Dry, N, Daylight, Side Swipe, Not Injured, N, N
US, 3, 0, 0, 0, 2017, November, Wednesday, 7:11 am, 40, Wet, Y, Night, Rear End, Not Injured, N, N
US, 2, 2, 0, 0, 2017, October, Tuesday, 10:14 am, 60, Dry, N, Daylight, Right Angle, Fatal, N, N
US, 2, 0, 0, 1, 2017, November, Sunday, 5:45 pm, 60, Dry, N, Night, Right Angle, Minor Injury, N, N
US, 2, 0, 0, 0, 2017, November, Thursday, 4:58 pm, 40, Dry, N, Night, Right Angle, Minor Injury, N, N
US, 2, 0, 0, 0, 2017, November, Thursday, 3:59 pm, 40, Dry, N, Daylight, Right Angle, Not Injured, N, N
US, 2, 0, 0, 0, 2017, November, Wednesday, 7:57 am, 60, Dry, N, Daylight, Side Swipe, Minor Injury, N, N
US, 3, 0, 0, 0, 2017, November, Friday, 6:24 am, 20, Dry, N, Daylight, Head On, Minor Injury, N, N
US, 2, 0, 0, 1, 2017, July, Thursday, 12:10 am, 90, Dry, N, Daylight, Head On, Minor Injury, N, N
US, 2, 0, 0, 0, 2017, November, Friday, 9:26 am, 40, Dry, N, Daylight, Right Angle, Not Injured, N, N
US, 2, 0, 0, 0, 2017, November, Thursday, 12:00 am, 40, Dry, N, Daylight, Rear End, Not Injured, N, N
US, 2, 0, 0, 0, 2017, November, Friday, 10:48 am, 60, Dry, N, Daylight, Right Angle, Not Injured, N, N
US, 2, 0, 0, 0, 2017, November, Friday, 11:37 am, 60, Dry, N, Daylight, Right Angle, Not Injured, N, N
US, 3, 0, 0, 0, 2017, November, Friday, 11:10 am, 60, Dry, N, Daylight, Rear End, Not Injured, N, N
US, 2, 0, 0, 0, 2017, November, Friday, 1:30 pm, 60, Dry, N, Daylight, Rear End, Not Injured, N, N
US, 2, 0, 0, 0, 2017, November, Thursday, 1:10 pm, 60, Dry, N, Daylight, Right Angle, Not Injured, N, N
US, 2, 0, 0, 2, 2017, November, Friday, 1:46 pm, 60, Dry, N, Daylight, Rear End, Minor Injury, N, N
US, 2, 0, 0, 0, 2017, November, Friday, 1:40 pm, 40, Dry, N, Daylight, Rear End, Not Injured, N, N
US, 3, 0, 0, 0, 2017, November, Wednesday, 4:00 pm, 60, Dry, N, Daylight, Rear End, Not Injured, N, N
US, 2, 0, 0, 0, 2017, November, Thursday, 7:58 pm, 40, Dry, N, Night, Right Angle, Not Injured, N, N
US, 2, 0, 0, 0, 2017, November, Friday, 6:00 pm, 60, Dry, N, Night, Head On, Minor Injury, N, N
US, 2, 0, 0, 0, 2017, November, Friday, 5:56 pm, 70, Dry, N, Night, Rear End, Not Injured, N, N
US, 2, 0, 0, 0, 2017, November, Friday, 5:32 pm, 30, Dry, N, Night, Right Angle, Not Injured, N, N
US, 2, 0, 0, 1, 2017, November, Friday, 7:23 pm, 40, Dry, N, Night, Right Angle, Minor Injury, N, N
US, 2, 0, 0, 0, 2017, November, Friday, 7:38 pm, 60, Dry, N, Night, Rear End, Minor Injury, Y, N
US, 3, 0, 0, 0, 2017, November, Friday, 8:09 pm, 40, Dry, N, Night, Right Angle, Not Injured, Y, N
US, 2, 0, 0, 1, 2017, November, Friday, 8:39 pm, 60, Dry, N, Night, Rear End, Minor Injury, Y, N
US, 2, 0, 0, 0, 2017, November, Friday, 6:19 am, 60, Dry, N, Daylight, Right Angle, Not Injured, N, N
US, 2, 0, 0, 0, 2017, November, Friday, 7:45 am, 40, Dry, N, Daylight, Right Angle, Not Injured, N, N
US, 2, 0, 0, 0, 2017, November, Wednesday, 3:38 pm, 30, Dry, N, Daylight, Rear End, Not Injured, N, N
US, 2, 0, 0, 0, 2017, November, Saturday, 2:23 am, 60, Dry, N, Night, Right Angle, Not Injured, Y, N
US, 4, 0, 0, 0, 2017, November, Wednesday, 8:23 am, 110, Dry, N, Daylight, Rear End, Not Injured, N, N
US, 2, 0, 0, 0, 2017, November, Friday, 12:29 am, 90, Dry, N, Daylight, Rear End, Not Injured, N, N
US, 2, 0, 0, 0, 2017, November, Friday, 10:37 pm, 90, Dry, N, Night, Rear End, Minor Injury, N, N
US, 2, 0, 0, 0, 2017, November, Saturday, 4:40 am, 60, Dry, N, Night, Rear End, Not Injured, Y, N
US, 2, 0, 0, 0, 2017, November, Saturday, 9:10 am, 60, Dry, N, Daylight, Right Angle, Not Injured, N, N
US, 2, 0, 0, 0, 2017, November, Saturday, 8:45 am, 40, Dry, N, Daylight, Side Swipe, Not Injured, N, N
US, 2, 0, 0, 0, 2017, November, Saturday, 10:05 am, 40, Dry, N, Daylight, Rear End, Not Injured, N, N
US, 2, 0, 0, 0, 2017, November, Saturday, 8:40 am, 60, Dry, N, Daylight, Rear End, Not Injured, N, N
US, 2, 0, 0, 0, 2017, November, Saturday, 11:30 am, 40, Dry, N, Daylight, Head On, Minor Injury, N, N
US, 2, 0, 0, 1, 2017, November, Friday, 5:55 pm, 30, Dry, N, Night, Side Swipe, Minor Injury, N, N
US, 3, 0, 0, 0, 2017, November, Friday, 7:00 pm, 60, Dry, N, Night, Rear End, Not Injured, N, N
US, 2, 0, 0, 0, 2017, November, Saturday, 3:02 pm, 70, Dry, N, Daylight, Rear End, Not Injured, N, N
US, 2, 0, 0, 0, 2017, November, Saturday, 3:45 pm, 40, Dry, N, Daylight, Right Angle, Not Injured, N, N
US, 2, 0, 0, 1, 2017, November, Friday, 6:30 pm, 40, Dry, N, Night, Rear End, Minor Injury, Y, N
US, 2, 0, 0, 0, 2017, November, Saturday, 2:55 pm, 60, Dry, N, Daylight, Head On, Not Injured, N, N
US, 3, 0, 0, 0, 2017, October, Monday, 3:29 pm, 40, Wet, N, Daylight, Rear End, Minor Injury, N, N
US, 2, 0, 0, 1, 2017, October, Friday, 7:09 am, 90, Dry, N, Night, Rear End, Minor Injury, N, N
US, 2, 0, 0, 0, 2017, November, Wednesday, 7:57 pm, 70, Dry, N, Night, Rear End, Not Injured, N, N
US, 2, 0, 0, 0, 2017, November, Thursday, 1:58 pm, 60, Dry, N, Daylight, Rear End, Not Injured, N, N
US, 2, 0, 0, 0, 2017, November, Saturday, 8:30 pm, 40, Dry, N, Night, Head On, Not Injured, N, N
US, 2, 0, 0, 0, 2017, November, Saturday, 6:44 pm, 60, Dry, N, Night, Right Angle, Not Injured, N, N
US, 2, 0, 0, 0, 2017, November, Saturday, 5:45 am, 40, Dry, N, Night, Side Swipe, Not Injured, N, N
US, 2, 0, 0, 0, 2017, November, Friday, 12:31 am, 40, Dry, N, Daylight, Rear End, Not Injured, N, N
US, 2, 0, 0, 0, 2017, June, Sunday, 12:47 am, 90, Dry, N, Night, Rear End, Not Injured, N, N
US, 2, 0, 0, 0, 2017, October, Wednesday, 12:35 am, 40, Dry, N, Daylight, Right Angle, Not Injured, N, N
US, 2, 0, 0, 0, 2017, November, Saturday, 2:30 pm, 60, Dry, N, Daylight, Right Angle, Not Injured, N, N
US, 2, 0, 0, 0, 2017, November, Sunday, 11:17 am, 60, Dry, N, Daylight, Right Angle, Not Injured, N, N
US, 2, 0, 0, 0, 2017, November, Friday, 6:43 pm, 70, Dry, N, Night, Rear End, Not Injured, N, N
US, 6, 0, 0, 1, 2017, November, Sunday, 12:15 am, 60, Dry, N, Daylight, Rear End, Minor Injury, N, N
US, 2, 0, 0, 0, 2017, November, Sunday, 1:30 pm, 40, Dry, N, Daylight, Rear End, Not Injured, N, N
US, 2, 0, 0, 1, 2017, November, Sunday, 1:25 pm, 60, Dry, N, Daylight, Right Angle, Minor Injury, N, N
US, 2, 0, 0, 0, 2017, November, Friday, 6:20 pm, 60, Dry, N, Night, Right Angle, Not Injured, N, N
US, 2, 0, 0, 1, 2017, November, Sunday, 4:00 pm, 40, Dry, N, Daylight, Right Angle, Minor Injury, N, N
US, 2, 0, 0, 1, 2017, November, Wednesday, 7:44 am, 60, Wet, Y, Night, Rear End, Minor Injury, N, N
US, 2, 0, 0, 0, 2017, November, Tuesday, 6:52 am, 40, Dry, N, Daylight, Head On, Not Injured, N, N
US, 2, 0, 0, 1, 2017, November, Wednesday, 3:00 pm, 60, Wet, Y, Daylight, Rear End, Minor Injury, N, N
US, 2, 0, 0, 0, 2017, November, Saturday, 9:20 pm, 40, Dry, N, Night, Hit Pedestrian, Minor Injury, N, N
US, 2, 0, 0, 0, 2017, November, Sunday, 6:37 pm, 60, Dry, N, Night, Rear End, Not Injured, N, N
US, 2, 0, 0, 0, 2017, November, Sunday, 6:57 pm, 40, Dry, N, Night, Head On, Not Injured, N, N
US, 2, 0, 0, 0, 2017, November, Sunday, 5:55 pm, 60, Dry, N, Night, Head On, Minor Injury, N, N
US, 2, 0, 0, 0, 2017, November, Sunday, 4:35 pm, 40, Dry, N, Daylight, Side Swipe, Not Injured, N, N
US, 2, 0, 0, 0, 2017, November, Friday, 12:11 am, 40, Dry, N, Night, Right Angle, Not Injured, N, N
US, 3, 0, 0, 0, 2017, November, Monday, 12:27 am, 40, Wet, Y, Night, Right Angle, Not Injured, N, N
US, 2, 0, 0, 0, 2017, November, Saturday, 3:14 am, 60, Dry, N, Night, Side Swipe, Not Injured, Y, N
US, 2, 0, 0, 1, 2017, November, Thursday, 8:24 am, 40, Dry, N, Daylight, Head On, Minor Injury, N, N
US, 2, 1, 1, 0, 2017, September, Wednesday, 10:41 pm, 60, Dry, N, Night, Hit Pedestrian, Major Injury, Y, N
US, 2, 0, 0, 0, 2017, November, Thursday, 8:15 am, 60, Dry, N, Daylight, Right Angle, Not Injured, N, N
US, 2, 0, 0, 0, 2017, November, Wednesday, 11:07 am, 60, Dry, N, Daylight, Right Angle, Minor Injury, N, N
US, 2, 0, 0, 0, 2017, November, Monday, 6:50 am, 40, Wet, N, Daylight, Hit Pedestrian, Minor Injury, Y, N
US, 2, 0, 0, 0, 2017, November, Friday, 1:45 pm, 60, Dry, N, Daylight, Right Angle, Not Injured, N, N
US, 2, 0, 0, 1, 2017, November, Monday, 8:16 am, 70, Wet, Y, Daylight, Rear End, Minor Injury, N, N
US, 2, 0, 0, 0, 2017, November, Friday, 4:27 pm, 60, Dry, N, Daylight, Rear End, Not Injured, N, N
US, 2, 0, 0, 0, 2017, November, Monday, 2:05 pm, 40, Dry, N, Daylight, Head On, Not Injured, N, N
US, 2, 0, 0, 0, 2017, November, Monday, 4:38 pm, 40, Dry, N, Daylight, Rear End, Not Injured, N, N
US, 2, 0, 0, 0, 2017, November, Monday, 4:31 pm, 40, Dry, N, Daylight, Right Angle, Not Injured, N, N
US, 2, 0, 0, 2, 2017, November, Monday, 5:05 pm, 60, Dry, N, Night, Rear End, Minor Injury, N, N
US, 2, 0, 0, 1, 2017, November, Friday, 5:35 pm, 80, Dry, N, Night, Rear End, Minor Injury, N, N
US, 2, 0, 0, 0, 2017, October, Sunday, 12:39 am, 90, Wet, N, Daylight, Side Swipe, Minor Injury, N, N
US, 2, 0, 0, 0, 2017, November, Monday, 5:13 pm, 70, Dry, N, Night, Rear End, Not Injured, N, N
US, 3, 0, 0, 3, 2017, October, Friday, 4:17 pm, 90, Dry, N, Daylight, Rear End, Minor Injury, N, N
US, 2, 0, 0, 0, 2017, October, Monday, 6:05 pm, 60, Wet, Y, Night, Rear End, Minor Injury, N, N
US, 2, 0, 0, 0, 2017, November, Monday, 4:55 pm, 30, Dry, N, Night, Right Angle, Minor Injury, N, N
US, 3, 0, 0, 0, 2017, November, Monday, 6:47 am, 40, Dry, N, Daylight, Side Swipe, Minor Injury, N, N
US, 2, 0, 0, 0, 2017, November, Monday, 5:30 am, 40, Wet, N, Night, Right Angle, Not Injured, N, N
US, 2, 0, 0, 0, 2017, November, Friday, 6:05 pm, 40, Dry, N, Night, Right Angle, Not Injured, N, N
US, 2, 0, 0, 0, 2017, November, Sunday, 1:33 pm, 40, Dry, N, Daylight, Right Angle, Not Injured, N, N
US, 2, 0, 1, 0, 2017, November, Wednesday, 6:55 pm, 60, Dry, N, Night, Hit Pedestrian, Major Injury, Y, N
US, 2, 0, 0, 0, 2017, November, Monday, 12:09 am, 60, Dry, N, Daylight, Head On, Not Injured, N, N
US, 2, 0, 0, 1, 2017, November, Tuesday, 11:41 am, 40, Dry, N, Daylight, Right Angle, Minor Injury, N, N
US, 2, 0, 0, 0, 2017, November, Tuesday, 10:28 am, 50, Dry, N, Daylight, Rear End, Not Injured, N, N
US, 2, 0, 0, 0, 2017, November, Tuesday, 6:42 am, 60, Dry, N, Daylight, Rear End, Not Injured, N, N
US, 2, 0, 0, 0, 2017, November, Tuesday, 12:43 am, 40, Dry, N, Daylight, Side Swipe, Not Injured, N, N
US, 2, 0, 0, 0, 2017, November, Tuesday, 12:45 am, 60, Dry, N, Daylight, Side Swipe, Not Injured, N, N
US, 2, 0, 0, 0, 2017, November, Tuesday, 1:45 pm, 40, Dry, N, Daylight, Right Angle, Not Injured, N, N
US, 2, 0, 0, 0, 2017, November, Monday, 6:00 pm, 60, Dry, N, Night, Side Swipe, Not Injured, N, N
US, 2, 0, 0, 0, 2017, November, Tuesday, 4:19 pm, 40, Dry, N, Daylight, Rear End, Not Injured, N, N
US, 2, 0, 0, 0, 2017, November, Monday, 5:35 pm, 60, Dry, N, Night, Right Angle, Not Injured, N, N
US, 2, 0, 0, 0, 2017, November, Tuesday, 5:30 pm, 60, Dry, N, Night, Right Angle, Not Injured, N, N
US, 2, 0, 0, 0, 2017, November, Tuesday, 6:00 pm, 40, Dry, N, Night, Rear End, Not Injured, N, N
US, 2, 0, 0, 0, 2017, November, Tuesday, 4:21 pm, 60, Dry, N, Daylight, Rear End, Not Injured, N, N
US, 2, 0, 0, 0, 2017, November, Tuesday, 7:14 pm, 40, Dry, N, Night, Head On, Not Injured, N, N
US, 2, 0, 0, 0, 2017, November, Tuesday, 6:55 pm, 60, Dry, N, Night, Side Swipe, Not Injured, N, N
US, 2, 0, 0, 0, 2017, November, Monday, 8:26 pm, 40, Dry, N, Night, Head On, Not Injured, N, N
US, 2, 0, 0, 0, 2017, November, Monday, 6:42 pm, 60, Wet, Y, Night, Rear End, Not Injured, N, N
US, 2, 0, 0, 0, 2017, October, Thursday, 8:23 am, 60, Dry, N, Daylight, Rear End, Not Injured, N, N
US, 2, 0, 0, 0, 2017, November, Tuesday, 6:56 pm, 40, Dry, N, Night, Right Angle, Minor Injury, N, N
US, 2, 0, 1, 0, 2017, November, Tuesday, 11:15 pm, 40, Dry, N, Night, Rear End, Major Injury, Y, N
US, 2, 0, 0, 0, 2017, November, Friday, 7:06 am, 110, Dry, N, Daylight, Side Swipe, Minor Injury, N, N
US, 2, 0, 0, 0, 2017, November, Tuesday, 1:25 pm, 40, Dry, N, Daylight, Right Angle, Not Injured, N, N
US, 2, 0, 0, 2, 2017, November, Wednesday, 8:32 am, 40, Dry, N, Daylight, Right Angle, Minor Injury, N, N
US, 2, 0, 0, 0, 2017, November, Wednesday, 7:50 am, 60, Dry, N, Daylight, Side Swipe, Not Injured, N, N
US, 2, 0, 0, 1, 2017, November, Wednesday, 9:00 am, 40, Dry, N, Daylight, Hit Pedestrian, Minor Injury, N, N
US, 2, 0, 0, 0, 2017, November, Saturday, 8:10 am, 60, Wet, N, Daylight, Head On, Not Injured, N, N
US, 2, 0, 0, 0, 2017, November, Monday, 2:41 pm, 40, Wet, N, Daylight, Rear End, Not Injured, N, N
US, 2, 0, 0, 0, 2017, November, Tuesday, 7:25 pm, 70, Dry, N, Night, Right Angle, Not Injured, N, N
US, 2, 0, 0, 0, 2017, November, Wednesday, 9:15 am, 90, Dry, N, Daylight, Rear End, Minor Injury, N, N
US, 2, 0, 0, 0, 2017, November, Monday, 6:35 am, 90, Wet, N, Night, Rear End, Not Injured, N, N
US, 2, 0, 0, 1, 2017, November, Wednesday, 11:03 pm, 60, Wet, N, Night, Rear End, Minor Injury, N, N
US, 4, 0, 0, 0, 2017, November, Wednesday, 11:20 pm, 40, Wet, Y, Night, Rear End, Not Injured, N, N
US, 2, 0, 0, 0, 2017, November, Sunday, 1:30 pm, 40, Dry, N, Daylight, Right Angle, Not Injured, N, N
US, 2, 0, 0, 0, 2017, November, Wednesday, 7:00 am, 40, Dry, N, Daylight, Right Angle, Not Injured, N, N
US, 2, 0, 0, 0, 2017, November, Tuesday, 7:08 am, 110, Dry, N, Daylight, Rear End, Not Injured, N, N
US, 3, 0, 0, 0, 2017, November, Thursday, 7:17 am, 40, Wet, N, Daylight, Right Angle, Not Injured, N, N
US, 2, 0, 0, 1, 2017, November, Thursday, 9:55 am, 40, Dry, N, Daylight, Right Angle, Minor Injury, N, N
US, 2, 0, 0, 1, 2017, November, Wednesday, 2:38 pm, 40, Dry, N, Daylight, Hit Pedestrian, Minor Injury, N, N
US, 2, 0, 0, 0, 2017, November, Saturday, 6:29 pm, 40, Dry, N, Night, Right Angle, Not Injured, N, N
US, 2, 0, 0, 1, 2017, November, Thursday, 3:10 pm, 20, Wet, Y, Daylight, Right Angle, Minor Injury, N, N
US, 2, 0, 0, 0, 2017, November, Tuesday, 3:06 pm, 80, Dry, N, Daylight, Right Angle, Not Injured, N, N
US, 2, 0, 0, 0, 2017, November, Thursday, 5:42 pm, 60, Dry, N, Night, Right Angle, Not Injured, N, N
US, 2, 0, 0, 0, 2017, November, Thursday, 5:25 pm, 40, Dry, N, Night, Right Angle, Not Injured, N, N
US, 2, 0, 0, 0, 2017, November, Thursday, 6:16 pm, 60, Dry, N, Night, Right Angle, Not Injured, N, N
US, 2, 0, 0, 0, 2017, November, Thursday, 6:47 pm, 60, Dry, N, Night, Rear End, Not Injured, N, N
US, 2, 0, 0, 0, 2017, November, Thursday, 7:43 pm, 60, Dry, N, Night, Rear End, Minor Injury, N, N
US, 2, 0, 0, 0, 2017, November, Thursday, 6:36 pm, 40, Dry, N, Night, Hit Pedestrian, Minor Injury, N, N
US, 2, 0, 0, 1, 2017, November, Thursday, 9:55 pm, 20, Dry, N, Night, Rear End, Minor Injury, N, N
US, 3, 0, 0, 0, 2017, November, Friday, 12:18 am, 60, Dry, N, Night, Side Swipe, Not Injured, N, N
US, 2, 0, 0, 1, 2017, November, Thursday, 10:00 pm, 60, Dry, N, Night, Hit Pedestrian, Minor Injury, N, N
US, 2, 0, 0, 1, 2017, November, Thursday, 11:35 pm, 60, Dry, N, Night, Right Angle, Minor Injury, N, N
US, 3, 0, 0, 0, 2017, November, Thursday, 11:15 am, 60, Dry, N, Daylight, Right Angle, Not Injured, N, N
US, 4, 0, 0, 0, 2017, October, Sunday, 3:26 pm, 20, Dry, N, Daylight, Rear End, Not Injured, N, N
US, 2, 0, 0, 0, 2017, November, Friday, 1:00 pm, 60, Dry, N, Daylight, Rear End, Minor Injury, N, N
US, 2, 0, 1, 0, 2017, November, Tuesday, 5:38 pm, 40, Dry, N, Night, Hit Pedestrian, Major Injury, N, N
US, 2, 0, 0, 0, 2017, November, Friday, 11:33 am, 60, Dry, N, Daylight, Right Angle, Not Injured, N, N
US, 2, 0, 0, 0, 2017, November, Thursday, 5:58 pm, 40, Dry, N, Night, Side Swipe, Not Injured, N, N
US, 2, 0, 0, 0, 2017, November, Friday, 3:03 pm, 40, Dry, N, Daylight, Side Swipe, Not Injured, N, N
US, 2, 0, 0, 0, 2017, November, Monday, 3:00 pm, 60, Dry, N, Daylight, Rear End, Not Injured, N, N
US, 4, 0, 0, 2, 2017, November, Wednesday, 5:20 pm, 60, Dry, N, Night, Rear End, Minor Injury, N, N
US, 2, 0, 0, 1, 2017, November, Friday, 11:45 pm, 40, Dry, N, Night, Rear End, Minor Injury, N, N
US, 2, 0, 0, 0, 2017, November, Friday, 10:43 pm, 40, Dry, N, Night, Rear End, Not Injured, Y, N
US, 2, 0, 0, 0, 2017, November, Saturday, 1:16 am, 40, Dry, N, Night, Rear End, Not Injured, N, N
US, 2, 0, 0, 0, 2017, November, Saturday, 1:05 am, 40, Dry, N, Night, Rear End, Not Injured, Y, N
US, 2, 0, 0, 0, 2017, November, Friday, 7:05 am, 90, Dry, N, Daylight, Right Angle, Not Injured, N, N
US, 2, 0, 0, 0, 2017, October, Monday, 12:43 am, 90, Dry, N, Night, Rear End, Not Injured, N, N