Nation,Total Units,Total Fatalities,Total Serious Injuries,Total Minor Injuries,Year,Month,Day,Time,Speed Limit,Moisture,Adverse Weather Conditions,DayNight,Crash Type,Crash Severity,Alcohol Related ,Drug Related
US, 2, 0, 0, 2, 2017, November, Monday, 8:39 am, 90, Wet, N, Daylight, Rear End, Minor Injury, N, N
US, 3, 0, 0, 0, 2017, November, Friday, 3:00 pm, 90, Dry, N, Daylight, Rear End, Not Injured, N, N
US, 3, 0, 0, 0, 2017, November, Wednesday, 5:16 pm, 60, Dry, N, Night, Rear End, Not Injured, Y, N
US, 2, 0, 0, 0, 2017, November, Saturday, 6:01 am, 40, Wet, Y, Night, Head On, Not Injured, Y, N
US, 2, 0, 0, 0, 2017, November, Friday, 8:35 am, 70, Wet, Y, Daylight, Rear End, Not Injured, N, N
US, 2, 0, 0, 2, 2017, November, Friday, 6:54 am, 60, Wet, Y, Night, Rear End, Minor Injury, Y, N
US, 2, 0, 0, 0, 2017, November, Saturday, 11:07 am, 40, Wet, Y, Daylight, Right Angle, Not Injured, N, N
US, 2, 0, 0, 0, 2017, November, Saturday, 10:10 am, 40, Wet, Y, Daylight, Right Angle, Not Injured, N, N
US, 2, 0, 0, 0, 2017, November, Tuesday, 1:57 pm, 60, Dry, N, Daylight, Right Angle, Not Injured, N, N
US, 2, 0, 0, 1, 2017, November, Saturday, 3:49 pm, 40, Wet, Y, Daylight, Side Swipe, Minor Injury, N, N
US, 2, 0, 0, 0, 2017, September, Friday, 5:58 pm, 90, Dry, N, Daylight, Rear End, Minor Injury, N, N
US, 4, 0, 0, 0, 2017, November, Thursday, 5:22 pm, 90, Dry, N, Night, Rear End, Not Injured, N, N
US, 3, 0, 0, 0, 2017, November, Thursday, 6:10 pm, 90, Dry, N, Night, Rear End, Not Injured, N, N
US, 2, 0, 0, 0, 2017, November, Wednesday, 12:5 am, 90, Dry, N, Night, Rear End, Minor Injury, Y, N
US, 2, 0, 0, 0, 2017, November, Wednesday, 7:20 am, 90, Dry, N, Daylight, Rear End, Not Injured, N, N
US, 2, 0, 0, 2, 2017, November, Saturday, 4:11 pm, 40, Dry, Y, Daylight, Right Angle, Minor Injury, N, N
US, 2, 0, 0, 2, 2017, November, Saturday, 8:17 pm, 40, Wet, Y, Night, Right Angle, Minor Injury, N, N
US, 2, 0, 0, 0, 2017, November, Friday, 6:33 pm, 60, Dry, N, Night, Right Angle, Not Injured, Y, N
US, 3, 0, 0, 0, 2017, November, Saturday, 11:20 pm, 20, Wet, Y, Night, Right Angle, Not Injured, N, N
US, 2, 0, 0, 0, 2017, November, Saturday, 10:11 pm, 60, Dry, N, Night, Rear End, Not Injured, N, N
US, 4, 0, 0, 0, 2017, November, Sunday, 12:5 am, 60, Wet, Y, Night, Rear End, Not Injured, N, N
US, 3, 0, 0, 0, 2017, November, Saturday, 11:39 pm, 40, Wet, Y, Night, Rear End, Not Injured, Y, N
US, 4, 0, 0, 0, 2017, November, Saturday, 2:20 pm, 60, Wet, N, Daylight, Rear End, Not Injured, N, N
US, 2, 0, 0, 1, 2017, November, Sunday, 8:34 am, 40, Wet, Y, Daylight, Right Angle, Minor Injury, N, N
US, 2, 0, 0, 0, 2017, November, Saturday, 2:04 pm, 70, Wet, N, Daylight, Rear End, Not Injured, N, N
US, 2, 0, 0, 1, 2017, November, Thursday, 7:07 am, 60, Dry, N, Daylight, Right Angle, Minor Injury, N, N
US, 2, 0, 0, 0, 2017, November, Saturday, 11:51 am, 60, Dry, N, Daylight, Rear End, Minor Injury, N, N
US, 2, 1, 0, 0, 2017, November, Thursday, 3:58 pm, 60, Dry, N, Daylight, Head On, Fatal, N, N
US, 2, 0, 0, 3, 2017, November, Saturday, 10:41 pm, 40, Wet, Y, Night, Rear End, Minor Injury, N, N
US, 2, 0, 0, 0, 2017, November, Monday, 5:30 pm, 40, Wet, Y, Night, Right Angle, Not Injured, N, N
US, 3, 0, 0, 0, 2017, November, Saturday, 7:19 pm, 70, Wet, Y, Night, Rear End, Not Injured, N, N
US, 2, 0, 0, 0, 2017, November, Sunday, 4:20 pm, 60, Wet, Y, Daylight, Rear End, Not Injured, N, N
US, 2, 0, 0, 0, 2017, November, Saturday, 5:52 am, 40, Wet, Y, Night, Right Angle, Not Injured, N, N
US, 2, 0, 0, 0, 2017, November, Wednesday, 8:05 am, 90, Dry, N, Daylight, Right Angle, Not Injured, N, N
US, 2, 0, 0, 0, 2017, November, Thursday, 8:06 am, 90, Dry, N, Daylight, Rear End, Minor Injury, N, N
US, 2, 0, 0, 0, 2017, November, Friday, 9:54 pm, 90, Dry, N, Night, Rear End, Not Injured, N, N
US, 3, 0, 0, 0, 2017, November, Saturday, 11:52 am, 90, Dry, Y, Daylight, Rear End, Not Injured, N, N
US, 2, 0, 0, 0, 2017, November, Thursday, 3:06 pm, 60, Dry, N, Daylight, Right Angle, Not Injured, N, N
US, 2, 0, 0, 1, 2017, November, Sunday, 12:01 am, 60, Wet, N, Daylight, Rear End, Minor Injury, N, N
US, 2, 0, 0, 0, 2017, November, Wednesday, 10:00 pm, 60, Dry, N, Night, Right Angle, Not Injured, N, N
US, 4, 0, 1, 0, 2017, October, Tuesday, 4:48 pm, 90, Dry, N, Daylight, Rear End, Major Injury, N, N
US, 3, 0, 0, 0, 2017, November, Wednesday, 2:00 pm, 40, Dry, N, Daylight, Head On, Not Injured, N, N
US, 2, 0, 0, 0, 2017, November, Monday, 7:42 am, 40, Dry, N, Daylight, Right Angle, Not Injured, N, N
US, 2, 0, 0, 0, 2017, November, Wednesday, 7:47 am, 60, Dry, N, Daylight, Right Angle, Minor Injury, N, N
US, 2, 0, 0, 0, 2017, November, Thursday, 5:56 pm, 40, Dry, N, Night, Right Angle, Not Injured, N, N
US, 2, 0, 0, 0, 2017, November, Monday, 10:54 am, 40, Dry, N, Daylight, Rear End, Not Injured, N, N
US, 2, 0, 0, 0, 2017, November, Thursday, 5:29 pm, 40, Dry, N, Night, Right Angle, Not Injured, N, N
US, 2, 0, 0, 0, 2017, November, Monday, 11:50 am, 40, Dry, N, Daylight, Right Angle, Not Injured, N, N
US, 2, 0, 0, 0, 2017, November, Monday, 12:10 am, 60, Wet, N, Daylight, Side Swipe, Not Injured, N, N
US, 2, 0, 0, 0, 2017, November, Wednesday, 12:01 am, 60, Dry, N, Daylight, Rear End, Not Injured, N, N
US, 2, 0, 0, 0, 2017, November, Monday, 4:40 pm, 60, Dry, N, Daylight, Rear End, Not Injured, N, N
US, 2, 0, 0, 0, 2017, November, Monday, 3:36 pm, 40, Dry, N, Daylight, Side Swipe, Not Injured, N, N
US, 2, 0, 0, 0, 2017, November, Wednesday, 12:57 am, 60, Dry, N, Daylight, Rear End, Minor Injury, N, N
US, 2, 0, 0, 0, 2017, November, Tuesday, 5:32 pm, 40, Dry, N, Night, Right Angle, Not Injured, Y, N
US, 2, 0, 0, 0, 2017, November, Friday, 6:42 pm, 40, Dry, N, Night, Rear End, Not Injured, N, N
US, 3, 0, 0, 0, 2017, November, Monday, 6:27 pm, 40, Dry, N, Night, Head On, Minor Injury, N, N
US, 2, 0, 0, 0, 2017, November, Monday, 6:14 pm, 60, Dry, N, Night, Right Angle, Not Injured, N, N
US, 2, 0, 0, 0, 2017, November, Saturday, 10:10 pm, 40, Wet, Y, Night, Right Angle, Not Injured, N, N
US, 2, 0, 0, 1, 2017, November, Monday, 7:10 pm, 60, Dry, N, Night, Rear End, Minor Injury, N, N
US, 2, 0, 0, 0, 2017, October, Sunday, 7:09 pm, 60, Wet, Y, Night, Right Angle, Not Injured, N, N
US, 2, 0, 1, 0, 2017, November, Monday, 10:15 pm, 40, Dry, N, Night, Hit Pedestrian, Major Injury, N, N
US, 2, 0, 0, 0, 2017, November, Saturday, 12:30 am, 60, Dry, N, Night, Rear End, Not Injured, Y, N
US, 2, 0, 0, 0, 2017, November, Tuesday, 5:06 am, 40, Dry, N, Night, Side Swipe, Not Injured, N, N
US, 2, 0, 0, 0, 2017, November, Thursday, 2:45 pm, 60, Dry, N, Daylight, Right Angle, Not Injured, N, N
US, 2, 0, 0, 0, 2017, November, Friday, 8:51 pm, 40, Dry, N, Night, Rear End, Minor Injury, N, N
US, 3, 0, 0, 2, 2017, November, Monday, 5:12 pm, 40, Dry, N, Night, Side Swipe, Minor Injury, N, N
US, 2, 0, 0, 1, 2017, November, Monday, 6:20 pm, 60, Dry, N, Night, Rear End, Minor Injury, N, N
US, 2, 0, 0, 1, 2017, November, Wednesday, 1:40 pm, 70, Dry, N, Daylight, Right Angle, Minor Injury, N, N
US, 2, 0, 0, 0, 2017, November, Monday, 9:15 am, 40, Dry, N, Daylight, Right Angle, Not Injured, N, N
US, 2, 0, 0, 0, 2017, November, Tuesday, 9:04 am, 40, Dry, N, Daylight, Right Angle, Not Injured, N, N
US, 3, 0, 0, 0, 2017, November, Tuesday, 8:10 am, 60, Dry, N, Daylight, Side Swipe, Not Injured, N, N
US, 2, 0, 0, 0, 2017, November, Friday, 7:54 pm, 60, Dry, N, Night, Rear End, Not Injured, N, N
US, 2, 0, 0, 0, 2017, November, Tuesday, 11:19 am, 60, Dry, N, Daylight, Rear End, Not Injured, N, N
US, 2, 0, 0, 0, 2017, November, Tuesday, 2:00 pm, 60, Dry, N, Daylight, Rear End, Not Injured, N, N
US, 2, 0, 0, 0, 2017, November, Tuesday, 3:10 pm, 40, Dry, N, Daylight, Right Angle, Not Injured, N, N
US, 2, 0, 0, 0, 2017, November, Tuesday, 3:34 pm, 60, Dry, N, Daylight, Side Swipe, Not Injured, N, N
US, 3, 0, 0, 0, 2017, November, Monday, 4:35 pm, 40, Dry, N, Daylight, Side Swipe, Not Injured, N, N
US, 2, 0, 0, 0, 2017, November, Wednesday, 7:38 pm, 40, Wet, N, Night, Right Angle, Not Injured, N, N
US, 2, 0, 0, 0, 2017, November, Monday, 6:14 pm, 60, Dry, N, Night, Rear End, Not Injured, N, N
US, 2, 0, 0, 0, 2017, November, Tuesday, 5:31 pm, 40, Dry, N, Night, Hit Pedestrian, Minor Injury, N, N
US, 2, 0, 0, 0, 2017, November, Sunday, 1:51 am, 40, Wet, Y, Night, Head On, Not Injured, N, N
US, 2, 0, 0, 0, 2017, November, Tuesday, 5:40 pm, 60, Wet, N, Night, Rear End, Not Injured, N, N
US, 2, 0, 0, 0, 2017, November, Wednesday, 4:03 pm, 60, Dry, N, Daylight, Rear End, Not Injured, N, N
US, 3, 0, 0, 0, 2017, November, Monday, 6:06 pm, 90, Dry, N, Night, Rear End, Minor Injury, N, N
US, 4, 0, 0, 0, 2017, November, Thursday, 1:44 pm, 90, Dry, N, Daylight, Rear End, Minor Injury, N, N
US, 4, 0, 0, 0, 2017, November, Tuesday, 8:31 am, 90, Dry, N, Daylight, Rear End, Minor Injury, N, N
US, 2, 0, 0, 0, 2017, November, Tuesday, 2:16 pm, 40, Dry, N, Daylight, Side Swipe, Not Injured, N, N
US, 2, 0, 0, 0, 2017, November, Wednesday, 6:45 am, 40, Wet, Y, Night, Hit Pedestrian, Minor Injury, N, N
US, 2, 0, 0, 1, 2017, November, Thursday, 9:24 am, 60, Dry, N, Daylight, Side Swipe, Minor Injury, N, N
US, 2, 0, 0, 0, 2017, November, Wednesday, 10:08 am, 40, Dry, N, Daylight, Right Angle, Not Injured, N, N
US, 2, 0, 0, 0, 2017, November, Wednesday, 11:04 am, 40, Wet, N, Daylight, Side Swipe, Not Injured, N, N
US, 2, 0, 0, 0, 2017, November, Wednesday, 12:55 am, 40, Dry, N, Daylight, Rear End, Not Injured, N, N
US, 4, 0, 1, 0, 2017, November, Wednesday, 1:24 pm, 60, Dry, N, Daylight, Side Swipe, Major Injury, N, N
US, 2, 0, 0, 0, 2017, November, Wednesday, 1:10 pm, 90, Dry, N, Daylight, Side Swipe, Not Injured, N, N
US, 2, 0, 0, 1, 2017, November, Wednesday, 12:59 am, 60, Dry, N, Daylight, Right Angle, Minor Injury, N, N
US, 2, 0, 0, 1, 2017, November, Tuesday, 10:11 pm, 40, Dry, N, Night, Rear End, Minor Injury, N, N
US, 2, 0, 0, 0, 2017, November, Wednesday, 2:30 pm, 40, Dry, N, Daylight, Head On, Not Injured, N, N
US, 2, 0, 0, 0, 2017, November, Wednesday, 3:30 pm, 60, Dry, N, Daylight, Side Swipe, Not Injured, N, N
US, 2, 0, 0, 0, 2017, November, Wednesday, 4:43 pm, 40, Dry, N, Night, Right Angle, Not Injured, N, N
US, 2, 0, 0, 0, 2017, November, Tuesday, 3:35 pm, 40, Dry, N, Daylight, Rear End, Not Injured, N, N
US, 2, 0, 0, 1, 2017, November, Wednesday, 4:10 pm, 40, Dry, N, Daylight, Right Angle, Minor Injury, N, N
US, 2, 0, 0, 1, 2017, November, Wednesday, 5:32 pm, 60, Dry, N, Night, Head On, Minor Injury, N, N
US, 2, 0, 0, 0, 2017, November, Monday, 4:15 pm, 70, Dry, N, Daylight, Side Swipe, Not Injured, N, N
US, 2, 0, 0, 0, 2017, November, Sunday, 5:54 am, 40, Dry, N, Night, Rear End, Not Injured, N, N
US, 3, 0, 0, 0, 2017, November, Wednesday, 7:54 pm, 40, Dry, N, Night, Side Swipe, Minor Injury, N, N
US, 2, 0, 0, 0, 2017, November, Sunday, 1:05 am, 40, Dry, N, Night, Right Angle, Not Injured, N, N
US, 2, 0, 0, 1, 2017, November, Wednesday, 4:09 pm, 90, Dry, N, Daylight, Rear End, Minor Injury, N, N
US, 2, 0, 0, 0, 2017, November, Wednesday, 7:39 am, 60, Wet, Y, Daylight, Rear End, Not Injured, N, N
US, 2, 0, 0, 0, 2017, November, Thursday, 10:26 am, 40, Dry, N, Daylight, Rear End, Not Injured, N, N
US, 2, 0, 0, 0, 2017, November, Monday, 9:46 am, 40, Dry, N, Daylight, Right Angle, Not Injured, N, N
US, 2, 0, 0, 0, 2017, November, Thursday, 9:40 am, 40, Dry, N, Daylight, Right Angle, Not Injured, N, N
US, 2, 0, 1, 2, 2017, November, Thursday, 3:48 pm, 60, Dry, N, Daylight, Right Angle, Major Injury, N, N
US, 2, 0, 0, 1, 2017, November, Monday, 7:55 am, 40, Dry, N, Daylight, Right Angle, Minor Injury, N, N
US, 2, 0, 0, 0, 2017, November, Wednesday, 10:28 pm, 60, Dry, N, Night, Right Angle, Not Injured, N, N
US, 2, 0, 0, 1, 2017, November, Wednesday, 12:21 am, 40, Dry, N, Night, Rear End, Minor Injury, N, N
US, 2, 0, 0, 0, 2017, November, Friday, 12:25 am, 40, Dry, N, Night, Right Angle, Not Injured, N, N
US, 2, 0, 0, 0, 2017, November, Friday, 6:32 pm, 90, Dry, N, Night, Rear End, Not Injured, N, N
US, 2, 0, 0, 0, 2017, November, Wednesday, 7:04 pm, 90, Dry, N, Night, Rear End, Not Injured, N, N
US, 2, 0, 0, 0, 2017, November, Friday, 5:41 pm, 90, Dry, N, Night, Rear End, Not Injured, N, N
US, 2, 0, 0, 0, 2017, November, Friday, 7:00 am, 60, Dry, N, Daylight, Side Swipe, Not Injured, N, N
US, 2, 0, 0, 0, 2017, November, Friday, 4:16 pm, 20, Dry, N, Daylight, Right Angle, Not Injured, N, N
US, 2, 0, 0, 1, 2017, November, Friday, 3:18 pm, 40, Dry, N, Daylight, Right Angle, Minor Injury, N, N
US, 2, 0, 0, 0, 2017, November, Friday, 5:40 pm, 40, Dry, N, Night, Side Swipe, Not Injured, N, N
US, 2, 0, 0, 0, 2017, November, Friday, 7:40 pm, 40, Dry, N, Night, Rear End, Not Injured, N, N
US, 2, 0, 0, 0, 2017, November, Friday, 8:15 pm, 40, Dry, N, Night, Right Angle, Not Injured, N, N
US, 2, 0, 0, 0, 2017, November, Tuesday, 8:50 pm, 60, Dry, N, Night, Side Swipe, Not Injured, N, N
US, 2, 0, 0, 1, 2017, November, Saturday, 1:04 am, 40, Dry, N, Night, Rear End, Minor Injury, N, N
US, 2, 0, 0, 0, 2017, November, Tuesday, 6:09 pm, 60, Dry, N, Night, Rear End, Minor Injury, Y, N
US, 3, 0, 0, 0, 2017, November, Friday, 4:28 pm, 60, Dry, N, Daylight, Rear End, Not Injured, N, N
US, 3, 0, 0, 0, 2017, November, Tuesday, 5:12 pm, 90, Dry, N, Night, Rear End, Not Injured, N, N
US, 4, 0, 0, 0, 2017, November, Monday, 6:50 am, 90, Wet, N, Daylight, Head On, Not Injured, N, N
US, 2, 0, 0, 0, 2017, November, Thursday, 5:21 pm, 90, Dry, N, Night, Rear End, Not Injured, N, N
US, 2, 0, 0, 0, 2017, November, Thursday, 6:40 pm, 110, Wet, Y, Night, Rear End, Not Injured, N, N
US, 2, 0, 0, 0, 2017, November, Wednesday, 12:16 am, 40, Dry, N, Daylight, Right Angle, Not Injured, N, N
US, 2, 0, 0, 0, 2017, November, Saturday, 9:49 am, 60, Dry, N, Daylight, Side Swipe, Minor Injury, N, N
US, 2, 0, 0, 0, 2017, November, Saturday, 12:23 am, 40, Dry, N, Daylight, Right Angle, Not Injured, N, N
US, 2, 0, 0, 0, 2017, November, Saturday, 3:15 pm, 40, Dry, N, Daylight, Right Angle, Not Injured, N, N
US, 2, 0, 0, 0, 2017, November, Thursday, 7:21 pm, 40, Dry, N, Night, Right Angle, Not Injured, N, N
US, 2, 0, 0, 0, 2017, November, Saturday, 3:48 pm, 60, Dry, N, Daylight, Head On, Not Injured, N, N
US, 2, 0, 0, 0, 2017, November, Wednesday, 5:20 am, 60, Wet, Y, Night, Side Swipe, Not Injured, N, N
US, 2, 0, 0, 0, 2017, November, Sunday, 2:18 am, 40, Dry, N, Night, Right Angle, Not Injured, N, N
US, 2, 0, 0, 0, 2017, November, Sunday, 2:35 am, 60, Dry, N, Night, Right Angle, Minor Injury, N, N
US, 2, 0, 1, 0, 2017, November, Saturday, 11:54 am, 60, Dry, N, Daylight, Rear End, Major Injury, N, N
US, 3, 0, 0, 1, 2017, November, Monday, 7:24 am, 50, Dry, N, Daylight, Right Angle, Minor Injury, N, N
US, 2, 0, 0, 0, 2017, November, Friday, 2:36 pm, 40, Dry, N, Daylight, Rear End, Not Injured, N, N
US, 2, 0, 0, 0, 2017, November, Wednesday, 6:31 pm, 60, Dry, N, Night, Side Swipe, Not Injured, N, N
US, 2, 0, 0, 0, 2017, November, Sunday, 4:21 pm, 70, Dry, N, Daylight, Rear End, Not Injured, N, N
US, 3, 0, 0, 0, 2017, November, Sunday, 6:00 am, 40, Dry, N, Night, Head On, Not Injured, N, N
US, 2, 0, 0, 0, 2017, November, Sunday, 11:13 pm, 60, Dry, N, Night, Right Angle, Not Injured, N, N
US, 2, 0, 0, 1, 2017, November, Sunday, 4:52 am, 40, Dry, N, Night, Head On, Minor Injury, Y, N
US, 3, 0, 0, 0, 2017, November, Wednesday, 11:55 pm, 40, Dry, N, Night, Rear End, Not Injured, Y, N
US, 2, 0, 0, 0, 2017, November, Sunday, 1:30 am, 60, Dry, N, Night, Hit Pedestrian, Minor Injury, Y, N
US, 2, 0, 0, 0, 2017, November, Monday, 8:05 am, 40, Dry, N, Daylight, Right Angle, Not Injured, N, N
US, 2, 0, 0, 0, 2017, November, Monday, 7:57 am, 40, Dry, N, Daylight, Rear End, Minor Injury, N, N
US, 2, 0, 0, 0, 2017, November, Tuesday, 1:21 pm, 60, Dry, N, Daylight, Right Angle, Not Injured, N, N
US, 2, 0, 0, 0, 2017, November, Tuesday, 3:24 pm, 40, Dry, N, Daylight, Right Angle, Not Injured, N, N
US, 2, 0, 0, 0, 2017, November, Saturday, 12:38 am, 60, Dry, N, Daylight, Rear End, Not Injured, N, N
US, 2, 0, 0, 0, 2017, November, Monday, 12:06 am, 50, Dry, N, Daylight, Side Swipe, Minor Injury, N, N
US, 3, 0, 0, 0, 2017, November, Tuesday, 9:44 pm, 40, Dry, N, Night, Rear End, Not Injured, N, N
US, 2, 0, 0, 0, 2017, November, Monday, 3:41 pm, 40, Dry, N, Daylight, Right Angle, Not Injured, N, N
US, 2, 0, 0, 1, 2017, November, Sunday, 8:49 pm, 40, Dry, N, Night, Rear End, Minor Injury, Y, N
US, 4, 0, 0, 0, 2017, November, Sunday, 5:50 pm, 40, Dry, N, Night, Side Swipe, Not Injured, N, N
US, 2, 0, 0, 0, 2017, November, Monday, 5:35 pm, 40, Dry, N, Night, Rear End, Not Injured, N, N
US, 2, 0, 0, 1, 2017, November, Monday, 5:45 pm, 60, Dry, N, Night, Right Angle, Minor Injury, N, N
US, 2, 0, 0, 0, 2017, November, Monday, 5:25 pm, 40, Dry, N, Night, Head On, Not Injured, Y, N
US, 2, 0, 0, 0, 2017, November, Monday, 4:19 pm, 60, Dry, N, Daylight, Rear End, Not Injured, N, N
US, 2, 0, 0, 0, 2017, November, Monday, 9:00 pm, 30, Dry, N, Night, Rear End, Not Injured, N, N
US, 2, 0, 0, 0, 2017, November, Monday, 8:20 pm, 60, Dry, N, Night, Right Angle, Not Injured, N, N
US, 2, 0, 0, 1, 2017, November, Monday, 10:58 pm, 30, Dry, N, Night, Right Angle, Minor Injury, N, N
US, 2, 0, 0, 0, 2017, November, Saturday, 1:25 am, 50, Dry, N, Night, Rear End, Not Injured, N, N
US, 2, 0, 0, 0, 2017, November, Monday, 11:15 am, 70, Dry, N, Daylight, Right Angle, Not Injured, N, N
US, 3, 0, 0, 0, 2017, September, Sunday, 2:17 pm, 90, Dry, N, Daylight, Rear End, Not Injured, N, N
US, 2, 0, 0, 0, 2017, November, Saturday, 1:19 pm, 60, Dry, N, Daylight, Rear End, Not Injured, N, N
US, 2, 0, 0, 0, 2017, November, Sunday, 4:04 pm, 40, Dry, N, Daylight, Hit Pedestrian, Minor Injury, N, N
US, 2, 0, 0, 0, 2017, November, Monday, 10:10 am, 40, Dry, N, Daylight, Right Angle, Not Injured, N, N
US, 2, 0, 0, 0, 2017, September, Tuesday, 2:44 pm, 90, Dry, N, Daylight, Rear End, Minor Injury, N, N
US, 3, 0, 0, 0, 2017, November, Sunday, 4:13 pm, 90, Dry, N, Night, Rear End, Not Injured, N, N
US, 2, 0, 0, 1, 2017, November, Tuesday, 6:04 am, 40, Dry, N, Daylight, Hit Pedestrian, Minor Injury, N, N
US, 2, 1, 0, 0, 2017, November, Friday, 5:29 am, 40, Dry, N, Night, Head On, Fatal, N, N
US, 2, 0, 0, 0, 2017, November, Tuesday, 8:10 am, 40, Dry, N, Daylight, Side Swipe, Not Injured, N, N
US, 2, 0, 0, 0, 2017, November, Friday, 7:45 am, 40, Dry, N, Daylight, Head On, Not Injured, N, N
US, 2, 0, 0, 1, 2017, November, Tuesday, 8:07 am, 40, Dry, N, Daylight, Side Swipe, Minor Injury, N, N
US, 2, 0, 1, 0, 2017, November, Tuesday, 8:42 am, 60, Dry, N, Daylight, Hit Pedestrian, Major Injury, N, N
US, 3, 0, 0, 0, 2017, November, Tuesday, 8:28 am, 60, Dry, N, Daylight, Rear End, Not Injured, N, N
US, 2, 0, 0, 0, 2017, November, Thursday, 12:32 am, 60, Dry, N, Night, Right Angle, Not Injured, N, N
US, 3, 0, 0, 0, 2017, November, Tuesday, 3:40 pm, 40, Dry, N, Daylight, Rear End, Minor Injury, N, N
US, 2, 0, 0, 2, 2017, November, Tuesday, 3:00 pm, 60, Dry, N, Daylight, Right Angle, Minor Injury, N, N
US, 2, 0, 0, 0, 2017, November, Friday, 6:05 pm, 60, Dry, N, Night, Rear End, Not Injured, N, N
US, 2, 0, 0, 0, 2017, November, Tuesday, 4:10 pm, 70, Dry, N, Daylight, Rear End, Not Injured, N, N
US, 3, 0, 0, 0, 2017, November, Tuesday, 4:06 pm, 40, Dry, N, Daylight, Rear End, Not Injured, N, N
US, 2, 0, 0, 0, 2017, November, Saturday, 7:10 am, 110, Dry, N, Night, Rear End, Not Injured, N, N
US, 3, 0, 0, 0, 2017, November, Tuesday, 5:20 pm, 50, Dry, N, Night, Rear End, Not Injured, N, N
US, 3, 0, 0, 0, 2017, November, Tuesday, 5:20 pm, 50, Dry, N, Night, Rear End, Not Injured, N, N
US, 2, 0, 0, 0, 2017, November, Tuesday, 6:25 pm, 40, Dry, N, Night, Right Angle, Not Injured, N, N
US, 2, 0, 0, 0, 2017, November, Wednesday, 5:22 pm, 60, Dry, N, Night, Right Angle, Not Injured, N, N
US, 2, 0, 0, 0, 2017, November, Tuesday, 10:35 am, 60, Dry, N, Daylight, Side Swipe, Not Injured, N, N
US, 2, 0, 0, 1, 2017, November, Tuesday, 6:22 pm, 60, Dry, N, Night, Rear End, Minor Injury, N, N
US, 2, 0, 0, 0, 2017, November, Monday, 2:04 am, 70, Dry, N, Night, Rear End, Not Injured, Y, N
US, 3, 0, 0, 0, 2017, August, Wednesday, 5:26 pm, 90, Dry, N, Daylight, Rear End, Not Injured, N, N
US, 2, 0, 0, 1, 2017, November, Wednesday, 2:39 pm, 60, Dry, N, Daylight, Side Swipe, Minor Injury, N, N
US, 2, 0, 0, 1, 2017, November, Monday, 4:33 pm, 60, Dry, N, Daylight, Right Angle, Minor Injury, N, N
US, 2, 0, 1, 0, 2017, November, Wednesday, 6:30 pm, 70, Dry, N, Night, Hit Pedestrian, Major Injury, N, N
US, 2, 0, 0, 0, 2017, November, Monday, 10:49 pm, 90, Dry, N, Night, Rear End, Not Injured, N, N
US, 4, 0, 0, 0, 2017, November, Tuesday, 5:58 am, 90, Dry, N, Daylight, Rear End, Not Injured, N, N
US, 2, 0, 0, 0, 2017, November, Wednesday, 9:05 am, 40, Dry, N, Daylight, Rear End, Not Injured, N, N
US, 2, 0, 0, 0, 2017, November, Wednesday, 10:48 am, 40, Dry, N, Daylight, Right Angle, Not Injured, N, N
US, 2, 0, 0, 0, 2017, November, Wednesday, 10:23 am, 60, Dry, N, Daylight, Right Angle, Not Injured, N, N
US, 2, 0, 0, 0, 2017, November, Wednesday, 12:14 am, 40, Dry, N, Daylight, Right Angle, Not Injured, N, N
US, 2, 0, 0, 0, 2017, November, Wednesday, 1:35 pm, 60, Dry, N, Daylight, Rear End, Not Injured, N, N
US, 2, 0, 0, 0, 2017, November, Wednesday, 2:35 pm, 80, Dry, N, Daylight, Rear End, Minor Injury, N, N
US, 2, 0, 0, 1, 2017, November, Wednesday, 11:25 am, 60, Dry, N, Daylight, Right Angle, Minor Injury, N, N
US, 2, 0, 0, 0, 2017, November, Wednesday, 2:14 pm, 60, Dry, N, Daylight, Side Swipe, Not Injured, N, N
US, 2, 0, 0, 0, 2017, November, Tuesday, 3:50 pm, 60, Dry, N, Daylight, Side Swipe, Not Injured, N, N
US, 2, 0, 0, 0, 2017, November, Wednesday, 2:46 pm, 60, Dry, N, Daylight, Rear End, Not Injured, N, N
US, 2, 0, 0, 0, 2017, September, Monday, 6:47 am, 90, Dry, N, Daylight, Right Angle, Minor Injury, N, N
US, 3, 0, 0, 1, 2017, November, Wednesday, 4:55 pm, 50, Dry, N, Night, Rear End, Minor Injury, N, N
US, 2, 0, 0, 0, 2017, November, Tuesday, 5:30 pm, 60, Dry, N, Night, Right Angle, Not Injured, N, N
US, 2, 0, 0, 0, 2017, November, Friday, 10:48 am, 60, Dry, N, Daylight, Right Angle, Not Injured, N, N