Nation,Total Units,Total Fatalities,Total Serious Injuries,Total Minor Injuries,Year,Month,Day,Time,Speed Limit,Moisture,Adverse Weather Conditions,DayNight,Crash Type,Crash Severity,Alcohol Related ,Drug Related
US, 2, 0, 0, 0, 2017, November, Wednesday, 5:48 pm, 40, Dry, N, Night, Right Angle, Not Injured, N, N
US, 2, 0, 0, 0, 2017, November, Wednesday, 5:15 pm, 30, Dry, N, Night, Rear End, Not Injured, N, N
US, 3, 0, 0, 1, 2017, November, Monday, 2:00 pm, 90, Dry, N, Daylight, Rear End, Minor Injury, N, N
US, 2, 0, 0, 0, 2017, November, Wednesday, 5:09 pm, 40, Dry, N, Night, Right Angle, Minor Injury, N, N
US, 2, 0, 2, 0, 2017, November, Monday, 1:35 pm, 60, Dry, N, Daylight, Right Angle, Major Injury, N, N
US, 2, 0, 0, 0, 2017, November, Wednesday, 6:45 pm, 90, Dry, N, Night, Right Angle, Not Injured, N, N
US, 2, 0, 0, 0, 2017, November, Wednesday, 5:25 pm, 40, Dry, N, Night, Right Angle, Not Injured, N, N
US, 2, 0, 0, 1, 2017, November, Tuesday, 7:30 pm, 70, Dry, N, Night, Head On, Minor Injury, Y, N
US, 2, 0, 0, 0, 2017, November, Sunday, 12:21 am, 40, Dry, N, Night, Side Swipe, Not Injured, Y, N
US, 2, 1, 0, 0, 2017, November, Monday, 4:45 am, 70, Dry, N, Night, Hit Pedestrian, Fatal, Y, N
US, 2, 0, 0, 0, 2017, October, Thursday, 3:36 pm, 110, Wet, Y, Daylight, Rear End, Not Injured, N, N
US, 2, 0, 0, 0, 2017, November, Thursday, 5:20 am, 40, Dry, N, Night, Side Swipe, Not Injured, N, N
US, 2, 0, 0, 0, 2017, November, Tuesday, 7:00 am, 90, Dry, N, Daylight, Rear End, Not Injured, N, N
US, 4, 0, 0, 0, 2017, November, Thursday, 8:31 am, 60, Dry, N, Daylight, Rear End, Not Injured, N, N
US, 2, 0, 0, 0, 2017, November, Thursday, 8:25 am, 60, Dry, N, Daylight, Rear End, Not Injured, N, N
US, 2, 0, 0, 0, 2017, November, Wednesday, 1:20 pm, 70, Dry, N, Daylight, Rear End, Not Injured, N, N
US, 2, 0, 0, 0, 2017, November, Thursday, 11:43 am, 40, Dry, N, Daylight, Side Swipe, Not Injured, N, N
US, 2, 0, 0, 0, 2017, November, Sunday, 12:45 am, 60, Dry, N, Daylight, Right Angle, Not Injured, N, N
US, 2, 0, 0, 0, 2017, November, Thursday, 4:02 pm, 20, Wet, Y, Daylight, Rear End, Minor Injury, N, N
US, 2, 0, 0, 0, 2017, November, Thursday, 4:31 pm, 40, Wet, Y, Night, Right Angle, Not Injured, N, N
US, 2, 0, 0, 0, 2017, October, Wednesday, 2:45 pm, 90, Dry, N, Daylight, Rear End, Not Injured, Y, N
US, 6, 0, 0, 0, 2017, November, Tuesday, 7:00 am, 90, Dry, N, Daylight, Rear End, Not Injured, N, N
US, 2, 0, 0, 0, 2017, November, Tuesday, 7:12 am, 90, Dry, N, Daylight, Rear End, Not Injured, N, N
US, 3, 0, 0, 0, 2017, November, Tuesday, 8:58 am, 90, Dry, N, Daylight, Rear End, Not Injured, N, N
US, 4, 0, 0, 0, 2017, November, Thursday, 5:25 pm, 40, Wet, Y, Night, Rear End, Not Injured, N, N
US, 3, 0, 0, 0, 2017, November, Saturday, 11:50 am, 60, Dry, N, Daylight, Rear End, Not Injured, N, N
US, 2, 0, 0, 0, 2017, November, Tuesday, 6:47 am, 30, Dry, N, Daylight, Rear End, Not Injured, N, N
US, 2, 0, 0, 1, 2017, November, Thursday, 5:50 pm, 40, Wet, Y, Night, Right Angle, Minor Injury, N, N
US, 2, 0, 0, 1, 2017, November, Thursday, 5:37 pm, 40, Wet, Y, Night, Rear End, Minor Injury, N, N
US, 2, 0, 0, 0, 2017, November, Thursday, 6:35 pm, 60, Wet, Y, Night, Rear End, Not Injured, N, N
US, 2, 0, 0, 0, 2017, December, Friday, 2:13 am, 60, Dry, N, Night, Side Swipe, Not Injured, Y, N
US, 2, 0, 0, 0, 2017, December, Friday, 2:41 am, 40, Dry, N, Night, Side Swipe, Not Injured, Y, N
US, 2, 0, 0, 0, 2017, November, Thursday, 7:50 am, 60, Wet, N, Daylight, Right Angle, Minor Injury, N, N
US, 3, 1, 0, 0, 2017, November, Sunday, 10:02 pm, 40, Dry, N, Night, Hit Pedestrian, Fatal, N, N
US, 2, 0, 0, 0, 2017, November, Thursday, 10:00 am, 40, Dry, N, Daylight, Hit Pedestrian, Minor Injury, N, N
US, 3, 0, 0, 0, 2017, December, Friday, 7:38 am, 60, Dry, N, Daylight, Rear End, Not Injured, N, N
US, 2, 0, 0, 0, 2017, November, Thursday, 2:35 pm, 40, Dry, N, Daylight, Right Angle, Not Injured, N, N
US, 2, 0, 0, 1, 2017, December, Friday, 8:07 am, 40, Dry, N, Daylight, Right Angle, Minor Injury, N, N
US, 3, 0, 0, 0, 2017, December, Friday, 8:50 am, 60, Dry, Y, Daylight, Right Angle, Not Injured, N, N
US, 3, 0, 0, 0, 2017, December, Friday, 9:35 am, 60, Dry, Y, Daylight, Rear End, Minor Injury, N, N
US, 2, 0, 0, 1, 2017, November, Thursday, 1:59 pm, 40, Dry, N, Daylight, Hit Pedestrian, Minor Injury, N, N
US, 2, 0, 0, 0, 2017, December, Friday, 3:21 pm, 60, Dry, N, Daylight, Right Angle, Not Injured, N, N
US, 3, 0, 0, 0, 2017, December, Friday, 3:44 pm, 30, Dry, N, Daylight, Head On, Minor Injury, N, N
US, 2, 0, 0, 0, 2017, September, Saturday, 10:55 pm, 90, Dry, N, Night, Rear End, Not Injured, Y, N
US, 3, 0, 0, 0, 2017, December, Friday, 7:25 pm, 30, Dry, N, Night, Rear End, Not Injured, N, N
US, 2, 0, 0, 0, 2017, December, Friday, 8:20 pm, 40, Dry, N, Night, Hit Pedestrian, Minor Injury, N, N
US, 2, 0, 0, 0, 2017, December, Friday, 7:30 pm, 40, Dry, N, Night, Side Swipe, Not Injured, N, N
US, 2, 0, 0, 0, 2017, December, Saturday, 2:10 am, 40, Dry, N, Night, Side Swipe, Not Injured, Y, N
US, 2, 0, 1, 0, 2017, December, Friday, 1:40 pm, 60, Dry, N, Daylight, Head On, Major Injury, N, N
US, 3, 0, 0, 0, 2017, December, Friday, 10:27 am, 60, Dry, N, Daylight, Rear End, Not Injured, N, N
US, 2, 0, 0, 0, 2017, December, Saturday, 7:37 am, 60, Dry, N, Daylight, Rear End, Not Injured, N, N
US, 2, 0, 0, 1, 2017, December, Saturday, 8:35 am, 60, Dry, N, Daylight, Rear End, Minor Injury, N, N
US, 2, 0, 0, 0, 2017, November, Thursday, 7:57 am, 40, Dry, N, Daylight, Right Angle, Not Injured, N, N
US, 2, 0, 0, 0, 2017, December, Saturday, 12:23 am, 40, Dry, N, Daylight, Right Angle, Not Injured, N, N
US, 2, 0, 0, 0, 2017, November, Saturday, 6:21 pm, 70, Dry, N, Night, Right Angle, Not Injured, N, N
US, 2, 0, 0, 1, 2017, December, Saturday, 1:45 pm, 40, Dry, N, Daylight, Side Swipe, Minor Injury, N, N
US, 2, 0, 0, 0, 2017, December, Saturday, 3:25 pm, 20, Dry, N, Daylight, Side Swipe, Not Injured, N, N
US, 2, 0, 0, 0, 2017, December, Saturday, 2:26 am, 60, Dry, N, Night, Right Angle, Not Injured, Y, N
US, 2, 0, 0, 0, 2017, December, Friday, 7:26 pm, 70, Dry, N, Night, Side Swipe, Not Injured, N, N
US, 2, 0, 0, 0, 2017, December, Saturday, 7:52 pm, 40, Dry, N, Night, Hit Pedestrian, Minor Injury, N, N
US, 2, 0, 0, 0, 2017, December, Saturday, 9:30 pm, 40, Dry, N, Night, Rear End, Not Injured, N, N
US, 4, 0, 0, 1, 2017, December, Friday, 5:10 pm, 70, Dry, N, Night, Rear End, Minor Injury, N, N
US, 2, 0, 0, 1, 2017, December, Saturday, 7:55 pm, 40, Dry, N, Night, Head On, Minor Injury, N, N
US, 2, 0, 0, 1, 2017, December, Friday, 8:28 pm, 60, Dry, N, Night, Rear End, Minor Injury, N, N
US, 3, 0, 0, 0, 2017, December, Sunday, 12:30 am, 50, Dry, N, Night, Head On, Not Injured, Y, N
US, 3, 0, 0, 1, 2017, December, Sunday, 2:00 am, 40, Dry, N, Night, Head On, Minor Injury, N, N
US, 2, 0, 0, 0, 2017, December, Sunday, 1:40 am, 40, Dry, N, Night, Right Angle, Not Injured, N, N
US, 2, 0, 0, 0, 2017, November, Wednesday, 6:27 pm, 90, Wet, Y, Night, Rear End, Minor Injury, N, N
US, 3, 0, 0, 8, 2017, November, Friday, 2:24 pm, 90, Dry, N, Daylight, Rear End, Minor Injury, N, N
US, 3, 0, 0, 4, 2017, November, Wednesday, 8:57 pm, 90, Dry, N, Night, Rear End, Minor Injury, N, N
US, 2, 0, 0, 0, 2017, November, Thursday, 11:32 am, 60, Dry, N, Daylight, Right Angle, Not Injured, N, N
US, 2, 0, 0, 1, 2017, December, Saturday, 1:05 pm, 40, Dry, N, Daylight, Side Swipe, Minor Injury, N, N
US, 2, 0, 0, 1, 2017, November, Sunday, 1:04 pm, 40, Dry, N, Daylight, Right Angle, Minor Injury, N, N
US, 2, 0, 0, 0, 2017, December, Sunday, 11:21 am, 40, Dry, N, Daylight, Head On, Not Injured, N, N
US, 2, 0, 0, 0, 2017, November, Saturday, 1:57 pm, 70, Dry, N, Daylight, Rear End, Not Injured, N, N
US, 2, 0, 0, 0, 2017, December, Friday, 8:05 pm, 40, Dry, N, Night, Rear End, Not Injured, N, N
US, 2, 0, 0, 1, 2017, December, Sunday, 3:38 pm, 40, Dry, N, Daylight, Hit Pedestrian, Minor Injury, N, N
US, 2, 0, 0, 1, 2017, December, Sunday, 12:51 am, 60, Dry, N, Daylight, Rear End, Minor Injury, N, N
US, 3, 0, 0, 0, 2017, December, Sunday, 4:56 pm, 60, Dry, N, Night, Rear End, Minor Injury, N, N
US, 2, 0, 0, 0, 2017, December, Saturday, 6:30 pm, 60, Dry, N, Night, Head On, Not Injured, N, N
US, 2, 0, 0, 0, 2017, November, Thursday, 6:24 pm, 50, Wet, Y, Night, Rear End, Not Injured, N, N
US, 3, 0, 0, 0, 2017, December, Sunday, 5:33 pm, 40, Dry, N, Night, Side Swipe, Minor Injury, N, N
US, 3, 0, 0, 0, 2017, December, Sunday, 7:35 pm, 40, Dry, N, Night, Head On, Not Injured, N, N
US, 2, 0, 0, 0, 2017, November, Monday, 6:47 pm, 60, Dry, N, Night, Rear End, Not Injured, N, N
US, 2, 0, 0, 0, 2017, December, Sunday, 3:45 am, 40, Dry, N, Night, Rear End, Not Injured, N, N
US, 2, 0, 0, 0, 2017, December, Monday, 5:25 am, 40, Dry, N, Night, Right Angle, Minor Injury, N, N
US, 2, 0, 0, 0, 2017, December, Monday, 7:19 am, 60, Dry, N, Daylight, Right Angle, Not Injured, N, N
US, 2, 0, 0, 0, 2017, November, Wednesday, 4:36 pm, 60, Dry, N, Daylight, Rear End, Not Injured, N, N
US, 2, 0, 0, 1, 2017, December, Sunday, 1:26 pm, 60, Dry, N, Daylight, Right Angle, Minor Injury, N, N
US, 2, 0, 0, 0, 2017, December, Monday, 12:00 am, 40, Dry, N, Daylight, Right Angle, Not Injured, N, N
US, 2, 0, 0, 0, 2017, December, Monday, 3:43 pm, 60, Dry, N, Daylight, Right Angle, Not Injured, N, N
US, 2, 0, 0, 1, 2017, December, Monday, 4:15 pm, 60, Dry, N, Daylight, Right Angle, Minor Injury, N, N
US, 2, 0, 0, 0, 2017, December, Monday, 5:25 pm, 40, Dry, N, Daylight, Right Angle, Not Injured, N, N
US, 2, 0, 0, 0, 2017, November, Wednesday, 12:23 am, 40, Dry, N, Daylight, Right Angle, Not Injured, N, N
US, 2, 0, 0, 0, 2017, November, Wednesday, 7:09 pm, 40, Dry, N, Night, Right Angle, Not Injured, N, N
US, 3, 0, 0, 0, 2017, December, Monday, 7:05 pm, 30, Dry, N, Night, Rear End, Minor Injury, N, N
US, 3, 0, 0, 0, 2017, December, Monday, 6:03 pm, 40, Dry, N, Night, Rear End, Not Injured, N, N
US, 3, 0, 0, 0, 2017, December, Monday, 5:30 pm, 60, Dry, N, Night, Right Angle, Not Injured, N, N
US, 2, 0, 0, 1, 2017, December, Monday, 5:51 pm, 40, Dry, N, Night, Hit Pedestrian, Minor Injury, N, N
US, 2, 0, 0, 0, 2017, December, Monday, 11:42 pm, 40, Dry, N, Night, Side Swipe, Not Injured, N, N
US, 2, 0, 0, 0, 2017, November, Monday, 6:06 pm, 70, Dry, N, Night, Side Swipe, Not Injured, N, N
US, 2, 0, 1, 1, 2017, December, Sunday, 4:20 pm, 40, Dry, N, Night, Head On, Major Injury, N, N
US, 2, 0, 0, 3, 2017, November, Thursday, 6:06 pm, 40, Dry, N, Night, Right Angle, Minor Injury, Y, N
US, 2, 0, 0, 0, 2017, December, Tuesday, 8:40 am, 40, Wet, Y, Daylight, Right Angle, Not Injured, N, N
US, 4, 0, 0, 0, 2017, December, Friday, 2:50 pm, 60, Dry, N, Daylight, Rear End, Not Injured, N, N
US, 2, 0, 0, 0, 2017, December, Tuesday, 2:38 pm, 40, Wet, Y, Daylight, Right Angle, Not Injured, N, N
US, 4, 0, 0, 0, 2017, December, Tuesday, 4:15 pm, 40, Wet, Y, Night, Rear End, Not Injured, N, N
US, 2, 0, 0, 0, 2017, December, Tuesday, 4:25 pm, 40, Wet, Y, Night, Right Angle, Not Injured, N, N
US, 2, 0, 0, 0, 2017, December, Friday, 2:31 pm, 60, Dry, N, Daylight, Rear End, Minor Injury, N, N
US, 2, 0, 0, 0, 2017, October, Tuesday, 8:16 pm, 110, Dry, N, Night, Rear End, Not Injured, N, N
US, 6, 0, 0, 0, 2017, November, Monday, 3:34 pm, 90, Dry, N, Daylight, Rear End, Minor Injury, N, N
US, 2, 0, 0, 0, 2017, December, Friday, 4:07 pm, 90, Dry, N, Daylight, Rear End, Not Injured, N, N
US, 2, 0, 0, 0, 2017, December, Tuesday, 6:10 pm, 60, Wet, Y, Night, Right Angle, Not Injured, N, N
US, 2, 0, 0, 0, 2017, November, Monday, 9:02 am, 40, Dry, N, Daylight, Side Swipe, Not Injured, N, N
US, 2, 0, 0, 0, 2017, December, Tuesday, 7:53 pm, 60, Wet, Y, Night, Rear End, Not Injured, N, N
US, 2, 0, 0, 0, 2017, December, Tuesday, 7:07 pm, 70, Wet, Y, Night, Rear End, Not Injured, N, N
US, 2, 0, 0, 0, 2017, December, Tuesday, 6:42 pm, 60, Wet, Y, Night, Rear End, Not Injured, N, N
US, 2, 0, 0, 1, 2017, December, Tuesday, 4:56 pm, 60, Wet, Y, Daylight, Side Swipe, Minor Injury, N, N
US, 3, 0, 0, 0, 2017, December, Tuesday, 4:13 pm, 60, Dry, N, Night, Rear End, Minor Injury, N, N
US, 2, 0, 0, 0, 2017, December, Sunday, 1:30 am, 60, Dry, N, Night, Side Swipe, Not Injured, N, N
US, 2, 0, 0, 0, 2017, November, Sunday, 6:24 pm, 40, Dry, N, Night, Side Swipe, Not Injured, Y, N
US, 2, 0, 0, 0, 2017, November, Sunday, 1:06 pm, 60, Dry, N, Daylight, Right Angle, Minor Injury, N, N
US, 2, 0, 0, 0, 2017, December, Wednesday, 7:00 am, 40, Dry, N, Daylight, Head On, Minor Injury, N, N
US, 2, 0, 0, 2, 2017, December, Wednesday, 8:30 am, 40, Dry, N, Daylight, Right Angle, Minor Injury, N, N
US, 2, 0, 0, 0, 2017, December, Wednesday, 8:33 am, 40, Dry, N, Daylight, Right Angle, Not Injured, N, N
US, 2, 0, 0, 0, 2017, November, Wednesday, 4:53 pm, 60, Dry, N, Daylight, Rear End, Not Injured, N, N
US, 2, 0, 0, 0, 2017, December, Wednesday, 12:13 am, 40, Dry, N, Daylight, Right Angle, Not Injured, N, N
US, 2, 0, 0, 0, 2017, December, Tuesday, 7:42 pm, 30, Wet, N, Night, Rear End, Not Injured, N, N
US, 2, 0, 0, 1, 2017, December, Monday, 3:06 pm, 110, Dry, N, Daylight, Rear End, Minor Injury, N, N
US, 2, 0, 0, 0, 2017, December, Wednesday, 6:07 pm, 60, Dry, N, Night, Right Angle, Not Injured, N, N
US, 2, 0, 0, 0, 2017, December, Wednesday, 5:10 am, 40, Dry, N, Night, Right Angle, Minor Injury, N, N
US, 2, 0, 0, 0, 2017, December, Thursday, 4:55 am, 40, Dry, N, Night, Right Angle, Not Injured, N, N
US, 2, 0, 0, 1, 2017, November, Thursday, 4:59 pm, 40, Wet, Y, Night, Hit Pedestrian, Minor Injury, N, N
US, 2, 0, 0, 0, 2017, December, Saturday, 9:29 am, 60, Dry, N, Daylight, Rear End, Minor Injury, N, N
US, 2, 0, 0, 0, 2017, December, Sunday, 6:12 pm, 60, Dry, N, Night, Right Angle, Not Injured, Y, N
US, 2, 0, 0, 1, 2017, December, Wednesday, 8:37 am, 40, Dry, N, Daylight, Hit Pedestrian, Minor Injury, N, N
US, 2, 0, 0, 0, 2017, November, Friday, 3:02 pm, 90, Dry, N, Daylight, Rear End, Not Injured, N, N
US, 2, 0, 0, 0, 2017, December, Wednesday, 12:40 am, 40, Dry, N, Daylight, Head On, Not Injured, N, N
US, 2, 0, 0, 0, 2017, December, Thursday, 9:20 am, 40, Dry, N, Daylight, Right Angle, Not Injured, N, N
US, 2, 0, 0, 1, 2017, December, Tuesday, 2:50 pm, 40, Dry, N, Daylight, Right Angle, Minor Injury, N, N
US, 2, 0, 0, 0, 2017, December, Thursday, 8:30 am, 40, Dry, N, Daylight, Right Angle, Not Injured, Y, N
US, 2, 0, 0, 0, 2017, December, Thursday, 9:20 am, 40, Dry, N, Daylight, Rear End, Minor Injury, N, N
US, 2, 0, 0, 0, 2017, November, Thursday, 11:39 am, 80, Dry, N, Daylight, Rear End, Not Injured, N, N
US, 2, 0, 0, 1, 2017, December, Thursday, 5:23 pm, 40, Dry, N, Night, Hit Pedestrian, Minor Injury, N, N
US, 2, 0, 0, 1, 2017, December, Monday, 6:04 pm, 60, Dry, N, Night, Right Angle, Minor Injury, N, N
US, 2, 0, 0, 0, 2017, December, Thursday, 1:50 am, 90, Dry, N, Night, Rear End, Not Injured, N, N
US, 2, 0, 0, 0, 2017, December, Thursday, 6:21 pm, 40, Dry, N, Night, Rear End, Not Injured, N, N
US, 2, 0, 0, 1, 2017, November, Wednesday, 9:40 am, 40, Dry, N, Daylight, Right Angle, Minor Injury, N, N
US, 3, 0, 0, 0, 2017, December, Thursday, 5:59 pm, 60, Dry, N, Night, Right Angle, Not Injured, N, N
US, 2, 0, 0, 1, 2017, December, Wednesday, 8:46 pm, 40, Dry, N, Night, Right Angle, Minor Injury, N, N
US, 2, 0, 0, 0, 2017, December, Friday, 9:18 am, 40, Dry, N, Daylight, Right Angle, Minor Injury, N, N
US, 2, 0, 0, 0, 2017, December, Thursday, 12:43 am, 60, Dry, N, Daylight, Right Angle, Minor Injury, N, N
US, 2, 0, 0, 0, 2017, December, Friday, 10:55 am, 40, Dry, N, Daylight, Right Angle, Not Injured, N, N
US, 2, 0, 0, 1, 2017, December, Friday, 10:22 am, 40, Dry, N, Daylight, Side Swipe, Minor Injury, N, N
US, 3, 0, 0, 0, 2017, November, Saturday, 1:16 pm, 70, Dry, N, Daylight, Rear End, Not Injured, N, N
US, 3, 0, 0, 1, 2017, December, Friday, 12:49 am, 40, Dry, N, Daylight, Rear End, Minor Injury, N, N
US, 2, 0, 0, 0, 2017, December, Friday, 2:48 pm, 60, Dry, N, Daylight, Rear End, Not Injured, N, N
US, 2, 0, 0, 0, 2017, December, Friday, 6:17 pm, 40, Dry, N, Night, Right Angle, Not Injured, N, N
US, 2, 0, 0, 0, 2017, December, Friday, 6:05 pm, 40, Dry, N, Night, Right Angle, Not Injured, N, N
US, 2, 0, 0, 0, 2017, December, Friday, 4:35 pm, 60, Dry, N, Night, Rear End, Not Injured, N, N
US, 3, 0, 0, 1, 2017, December, Saturday, 1:29 am, 40, Dry, N, Night, Side Swipe, Minor Injury, N, N
US, 3, 0, 0, 0, 2017, December, Saturday, 1:31 am, 40, Dry, N, Night, Right Angle, Not Injured, N, N
US, 2, 0, 0, 0, 2017, December, Wednesday, 4:47 am, 60, Dry, N, Night, Side Swipe, Not Injured, N, N
US, 3, 0, 0, 0, 2017, December, Saturday, 2:20 am, 40, Dry, N, Night, Right Angle, Not Injured, Y, N
US, 2, 0, 0, 0, 2017, December, Saturday, 2:30 am, 40, Dry, N, Night, Side Swipe, Not Injured, N, N
US, 3, 0, 0, 0, 2017, December, Saturday, 2:05 am, 40, Dry, N, Night, Hit Pedestrian, Minor Injury, Y, N
US, 2, 0, 0, 1, 2017, December, Friday, 9:00 am, 60, Dry, N, Daylight, Side Swipe, Minor Injury, N, N
US, 2, 0, 0, 1, 2017, December, Friday, 1:30 pm, 60, Dry, N, Daylight, Rear End, Minor Injury, N, N
US, 2, 0, 0, 1, 2017, December, Friday, 7:17 pm, 40, Dry, N, Night, Right Angle, Minor Injury, N, N
US, 3, 0, 0, 0, 2017, November, Friday, 1:14 pm, 40, Dry, N, Daylight, Rear End, Not Injured, N, N
US, 2, 0, 0, 0, 2017, December, Saturday, 11:55 am, 40, Dry, N, Daylight, Hit Pedestrian, Minor Injury, N, N
US, 2, 0, 0, 1, 2017, December, Saturday, 11:53 am, 60, Dry, N, Daylight, Right Angle, Minor Injury, N, N
US, 2, 0, 0, 0, 2017, December, Saturday, 11:30 am, 40, Dry, N, Daylight, Side Swipe, Not Injured, N, N
US, 3, 0, 0, 0, 2017, December, Wednesday, 3:45 pm, 70, Dry, N, Daylight, Rear End, Not Injured, N, N
US, 2, 0, 0, 0, 2017, December, Saturday, 3:43 pm, 40, Dry, N, Daylight, Rear End, Not Injured, N, N
US, 2, 0, 0, 0, 2017, December, Saturday, 5:40 pm, 60, Dry, N, Night, Rear End, Minor Injury, N, N
US, 2, 0, 0, 1, 2017, December, Saturday, 6:48 pm, 60, Dry, N, Night, Right Angle, Minor Injury, N, N
US, 2, 0, 0, 0, 2017, December, Saturday, 12:32 am, 60, Dry, N, Daylight, Side Swipe, Not Injured, N, N
US, 2, 0, 0, 1, 2017, December, Saturday, 11:08 pm, 40, Dry, N, Night, Right Angle, Minor Injury, N, N
US, 2, 0, 0, 0, 2017, November, Thursday, 6:57 am, 90, Dry, N, Daylight, Rear End, Not Injured, N, N
US, 2, 0, 0, 0, 2017, June, Sunday, 12:28 am, 90, Dry, N, Night, Rear End, Minor Injury, N, N
US, 4, 0, 0, 0, 2017, December, Friday, 8:09 am, 40, Dry, N, Daylight, Side Swipe, Not Injured, N, N
US, 2, 0, 0, 0, 2017, December, Saturday, 4:10 pm, 40, Dry, N, Night, Right Angle, Not Injured, N, N
US, 2, 0, 0, 0, 2017, December, Sunday, 10:05 am, 40, Dry, N, Daylight, Right Angle, Minor Injury, N, N
US, 3, 0, 0, 0, 2017, December, Saturday, 10:50 pm, 40, Dry, Y, Night, Right Angle, Not Injured, N, N
US, 2, 0, 0, 0, 2017, December, Friday, 2:33 pm, 70, Dry, N, Daylight, Right Angle, Not Injured, N, N
US, 2, 0, 0, 2, 2017, December, Friday, 6:34 pm, 60, Dry, N, Night, Rear End, Minor Injury, N, N
US, 2, 0, 0, 0, 2017, December, Friday, 2:48 pm, 60, Dry, N, Daylight, Rear End, Not Injured, N, N
US, 2, 0, 0, 1, 2017, December, Saturday, 2:53 pm, 40, Dry, N, Daylight, Right Angle, Minor Injury, N, N
US, 2, 0, 0, 0, 2017, December, Sunday, 1:52 am, 40, Dry, N, Night, Rear End, Not Injured, Y, N
US, 3, 0, 0, 0, 2017, November, Saturday, 7:01 pm, 60, Dry, N, Night, Rear End, Not Injured, Y, N
US, 2, 0, 0, 0, 2017, December, Sunday, 11:10 pm, 40, Dry, N, Night, Right Angle, Not Injured, N, N
US, 2, 0, 0, 0, 2017, December, Monday, 10:59 am, 40, Dry, N, Daylight, Head On, Not Injured, N, N
US, 2, 0, 0, 0, 2017, December, Monday, 7:42 am, 40, Dry, N, Daylight, Side Swipe, Not Injured, N, N
US, 2, 0, 0, 0, 2017, December, Saturday, 9:30 pm, 60, Dry, N, Night, Right Angle, Not Injured, N, N
US, 2, 0, 0, 0, 2017, December, Sunday, 11:25 am, 60, Dry, N, Daylight, Head On, Not Injured, N, N
US, 3, 0, 0, 0, 2017, November, Wednesday, 10:25 am, 40, Dry, N, Daylight, Rear End, Minor Injury, N, N
US, 2, 0, 0, 0, 2017, October, Wednesday, 8:07 pm, 90, Dry, N, Night, Rear End, Minor Injury, Y, N
US, 2, 0, 0, 0, 2017, November, Thursday, 11:57 am, 30, Dry, N, Daylight, Right Angle, Not Injured, N, N
US, 4, 0, 0, 0, 2017, December, Monday, 6:40 am, 90, Dry, N, Night, Rear End, Not Injured, N, N
US, 2, 0, 0, 1, 2017, December, Saturday, 12:31 am, 90, Dry, N, Night, Rear End, Minor Injury, N, N
US, 3, 0, 0, 0, 2017, September, Wednesday, 6:40 am, 90, Dry, N, Daylight, Rear End, Minor Injury, N, N
US, 2, 0, 0, 0, 2017, December, Monday, 6:42 pm, 70, Dry, N, Night, Rear End, Not Injured, N, N
US, 2, 0, 0, 0, 2017, November, Wednesday, 9:15 pm, 60, Dry, N, Night, Right Angle, Minor Injury, N, N
US, 2, 0, 0, 1, 2017, December, Saturday, 5:05 pm, 60, Dry, N, Night, Right Angle, Minor Injury, Y, N
US, 2, 0, 0, 0, 2017, December, Tuesday, 1:25 am, 40, Dry, N, Night, Rear End, Not Injured, N, N
US, 2, 0, 0, 0, 2017, December, Tuesday, 7:14 am, 40, Wet, Y, Daylight, Right Angle, Not Injured, N, N
US, 2, 0, 0, 0, 2017, December, Thursday, 12:36 am, 40, Dry, N, Daylight, Right Angle, Minor Injury, N, N
US, 2, 0, 0, 0, 2017, December, Monday, 5:29 pm, 40, Dry, N, Night, Right Angle, Not Injured, N, N
US, 2, 0, 0, 0, 2017, December, Wednesday, 8:08 am, 110, Dry, N, Daylight, Rear End, Not Injured, N, N
US, 2, 0, 0, 0, 2017, December, Tuesday, 7:22 am, 40, Wet, Y, Daylight, Rear End, Not Injured, N, N
US, 2, 0, 0, 0, 2017, December, Wednesday, 6:03 pm, 60, Dry, N, Night, Right Angle, Not Injured, N, N
US, 2, 0, 0, 0, 2017, December, Tuesday, 8:30 am, 60, Wet, Y, Daylight, Right Angle, Not Injured, N, N
US, 2, 0, 0, 0, 2017, December, Tuesday, 12:18 am, 40, Wet, Y, Daylight, Right Angle, Not Injured, N, N
US, 2, 0, 0, 0, 2017, December, Tuesday, 12:45 am, 90, Dry, Y, Daylight, Rear End, Not Injured, N, N
US, 2, 0, 0, 0, 2017, December, Tuesday, 1:31 pm, 60, Dry, Y, Daylight, Rear End, Not Injured, N, N
US, 2, 0, 0, 0, 2017, December, Tuesday, 2:25 pm, 30, Dry, Y, Daylight, Rear End, Minor Injury, N, N