Nation,Total Units,Total Fatalities,Total Serious Injuries,Total Minor Injuries,Year,Month,Day,Time,Speed Limit,Moisture,Adverse Weather Conditions,DayNight,Crash Type,Crash Severity,Alcohol Related ,Drug Related
US, 4, 0, 0, 0, 2017, December, Monday, 2:39 pm, 40, Dry, N, Daylight, Side Swipe, Not Injured, N, N
US, 2, 0, 0, 1, 2017, December, Tuesday, 2:00 pm, 60, Dry, Y, Daylight, Rear End, Minor Injury, N, N
US, 2, 0, 0, 0, 2017, December, Tuesday, 10:14 am, 60, Wet, N, Daylight, Right Angle, Not Injured, N, N
US, 2, 0, 0, 0, 2017, December, Tuesday, 3:47 pm, 40, Dry, Y, Daylight, Rear End, Minor Injury, N, N
US, 3, 0, 0, 0, 2017, December, Tuesday, 2:40 pm, 70, Dry, Y, Daylight, Right Angle, Not Injured, N, N
US, 2, 0, 0, 1, 2017, December, Tuesday, 4:57 pm, 40, Wet, Y, Night, Right Angle, Minor Injury, Y, N
US, 2, 0, 0, 1, 2017, December, Friday, 7:26 am, 60, Dry, N, Daylight, Rear End, Minor Injury, N, N
US, 2, 0, 0, 2, 2017, December, Tuesday, 6:28 pm, 60, Wet, Y, Night, Rear End, Minor Injury, N, N
US, 5, 0, 0, 0, 2017, December, Friday, 5:44 pm, 90, Dry, N, Night, Rear End, Not Injured, N, N
US, 2, 0, 0, 2, 2017, December, Sunday, 12:35 am, 30, Dry, N, Daylight, Head On, Minor Injury, N, N
US, 2, 0, 1, 0, 2017, December, Tuesday, 7:17 am, 40, Wet, Y, Daylight, Hit Pedestrian, Major Injury, N, N
US, 2, 0, 0, 0, 2017, December, Tuesday, 2:07 pm, 60, Dry, Y, Daylight, Side Swipe, Minor Injury, N, N
US, 3, 0, 0, 0, 2017, December, Wednesday, 9:00 am, 60, Dry, N, Daylight, Rear End, Not Injured, N, N
US, 2, 0, 0, 0, 2017, December, Wednesday, 9:20 am, 40, Dry, Y, Daylight, Right Angle, Not Injured, N, N
US, 2, 0, 0, 0, 2017, December, Wednesday, 10:00 am, 40, Dry, N, Daylight, Rear End, Not Injured, N, N
US, 2, 0, 0, 0, 2017, December, Friday, 8:39 pm, 40, Dry, N, Night, Right Angle, Not Injured, N, N
US, 2, 0, 0, 3, 2017, December, Wednesday, 1:47 pm, 60, Dry, N, Daylight, Right Angle, Minor Injury, N, N
US, 2, 0, 0, 0, 2017, December, Tuesday, 5:36 pm, 40, Dry, N, Night, Right Angle, Not Injured, N, N
US, 2, 0, 0, 0, 2017, December, Wednesday, 3:43 pm, 60, Wet, Y, Daylight, Right Angle, Not Injured, N, N
US, 2, 0, 0, 0, 2017, December, Wednesday, 3:11 pm, 60, Dry, N, Daylight, Right Angle, Not Injured, N, N
US, 2, 0, 0, 0, 2017, December, Wednesday, 5:26 pm, 40, Dry, N, Night, Side Swipe, Not Injured, N, N
US, 2, 0, 0, 0, 2017, December, Wednesday, 6:24 pm, 40, Wet, N, Night, Right Angle, Not Injured, N, N
US, 2, 0, 1, 0, 2017, December, Wednesday, 7:09 pm, 60, Wet, N, Night, Hit Pedestrian, Major Injury, N, N
US, 2, 0, 0, 1, 2017, December, Wednesday, 8:35 pm, 60, Dry, Y, Night, Right Angle, Minor Injury, N, N
US, 2, 0, 0, 0, 2017, December, Thursday, 12:0 am, 60, Dry, Y, Night, Side Swipe, Not Injured, N, N
US, 2, 0, 0, 0, 2017, December, Wednesday, 6:30 am, 40, Wet, N, Daylight, Right Angle, Not Injured, N, N
US, 2, 0, 0, 0, 2017, December, Thursday, 1:45 am, 40, Dry, N, Night, Right Angle, Not Injured, N, N
US, 2, 0, 0, 0, 2017, December, Thursday, 4:27 am, 40, Dry, Y, Night, Right Angle, Not Injured, N, N
US, 2, 0, 0, 0, 2017, December, Wednesday, 2:43 pm, 60, Wet, N, Daylight, Rear End, Not Injured, N, N
US, 2, 0, 0, 0, 2017, December, Thursday, 8:20 am, 40, Dry, Y, Daylight, Right Angle, Not Injured, N, N
US, 2, 0, 0, 0, 2017, December, Thursday, 8:05 am, 40, Dry, Y, Daylight, Head On, Not Injured, N, N
US, 2, 0, 0, 1, 2017, December, Thursday, 11:15 am, 60, Wet, Y, Daylight, Right Angle, Minor Injury, N, N
US, 2, 0, 0, 0, 2017, December, Saturday, 12:46 am, 60, Dry, N, Daylight, Rear End, Not Injured, N, N
US, 2, 0, 0, 0, 2017, December, Thursday, 6:14 am, 40, Dry, Y, Daylight, Right Angle, Not Injured, N, N
US, 2, 1, 0, 0, 2017, December, Thursday, 9:41 pm, 40, Dry, N, Night, Hit Pedestrian, Fatal, N, N
US, 3, 0, 0, 1, 2017, December, Thursday, 4:13 pm, 60, Dry, N, Daylight, Rear End, Minor Injury, N, N
US, 2, 0, 0, 0, 2017, December, Thursday, 12:35 am, 40, Dry, N, Daylight, Rear End, Not Injured, N, N
US, 3, 0, 0, 0, 2017, December, Friday, 8:05 am, 30, Dry, N, Daylight, Rear End, Not Injured, N, N
US, 2, 0, 0, 0, 2017, December, Friday, 8:45 am, 40, Dry, N, Daylight, Right Angle, Not Injured, N, N
US, 2, 0, 0, 0, 2017, December, Friday, 9:05 am, 70, Dry, N, Daylight, Rear End, Not Injured, N, N
US, 2, 0, 0, 0, 2017, December, Friday, 8:33 am, 50, Dry, N, Daylight, Rear End, Not Injured, N, N
US, 2, 0, 0, 0, 2017, December, Friday, 9:15 am, 40, Dry, N, Daylight, Rear End, Not Injured, N, N
US, 3, 0, 0, 2, 2017, December, Monday, 12:40 am, 60, Dry, N, Daylight, Rear End, Minor Injury, N, N
US, 2, 0, 0, 0, 2017, December, Friday, 9:00 am, 70, Dry, N, Daylight, Right Angle, Minor Injury, N, N
US, 2, 0, 0, 0, 2017, December, Thursday, 3:00 pm, 60, Dry, N, Daylight, Right Angle, Not Injured, N, N
US, 2, 0, 0, 0, 2017, October, Saturday, 10:06 pm, 20, Wet, Y, Night, Right Angle, Not Injured, Y, N
US, 2, 0, 0, 0, 2017, December, Friday, 3:45 pm, 60, Dry, N, Daylight, Right Angle, Not Injured, N, N
US, 2, 0, 0, 1, 2017, December, Friday, 4:41 pm, 60, Dry, N, Daylight, Rear End, Minor Injury, N, N
US, 2, 0, 0, 0, 2017, December, Thursday, 10:04 am, 40, Wet, Y, Daylight, Right Angle, Not Injured, N, N
US, 3, 0, 0, 1, 2017, December, Friday, 4:59 pm, 60, Wet, Y, Night, Rear End, Minor Injury, N, N
US, 2, 0, 0, 1, 2017, December, Friday, 4:50 pm, 40, Wet, N, Daylight, Right Angle, Minor Injury, N, N
US, 2, 0, 0, 0, 2017, December, Friday, 5:58 pm, 40, Dry, N, Night, Right Angle, Not Injured, N, N
US, 2, 0, 0, 0, 2017, December, Friday, 6:25 pm, 30, Dry, N, Night, Right Angle, Not Injured, N, N
US, 2, 0, 0, 0, 2017, December, Friday, 7:08 pm, 60, Dry, Y, Night, Right Angle, Not Injured, N, N
US, 2, 0, 0, 1, 2017, December, Friday, 5:30 pm, 60, Dry, N, Night, Right Angle, Minor Injury, N, N
US, 3, 0, 0, 0, 2017, December, Friday, 7:40 pm, 60, Dry, N, Night, Right Angle, Not Injured, N, N
US, 2, 0, 0, 0, 2017, December, Friday, 4:40 pm, 40, Dry, N, Daylight, Right Angle, Not Injured, N, N
US, 2, 0, 0, 0, 2017, December, Friday, 11:45 pm, 60, Wet, Y, Night, Rear End, Not Injured, Y, N
US, 2, 0, 0, 2, 2017, December, Thursday, 11:18 pm, 20, Wet, N, Night, Right Angle, Minor Injury, Y, N
US, 2, 0, 0, 0, 2017, December, Saturday, 2:29 am, 40, Dry, N, Night, Side Swipe, Not Injured, N, N
US, 3, 0, 0, 0, 2017, December, Saturday, 3:30 am, 40, Dry, N, Night, Right Angle, Not Injured, N, N
US, 2, 0, 0, 0, 2017, December, Saturday, 9:50 am, 20, Dry, N, Daylight, Side Swipe, Not Injured, N, N
US, 2, 0, 0, 0, 2017, November, Tuesday, 3:10 pm, 90, Dry, N, Daylight, Rear End, Not Injured, N, N
US, 3, 0, 0, 0, 2017, December, Saturday, 7:30 pm, 40, Dry, N, Night, Rear End, Not Injured, N, N
US, 3, 0, 0, 0, 2017, December, Friday, 6:18 pm, 70, Wet, N, Night, Rear End, Not Injured, N, N
US, 3, 0, 0, 0, 2017, December, Saturday, 10:04 pm, 40, Dry, N, Night, Hit Pedestrian, Minor Injury, Y, N
US, 2, 0, 0, 0, 2017, December, Saturday, 10:35 pm, 60, Dry, N, Night, Right Angle, Not Injured, N, N
US, 2, 0, 0, 0, 2017, December, Saturday, 8:25 pm, 60, Dry, N, Night, Rear End, Minor Injury, N, N
US, 2, 0, 0, 0, 2017, December, Sunday, 12:45 am, 40, Wet, N, Night, Right Angle, Not Injured, Y, N
US, 2, 0, 0, 0, 2017, December, Saturday, 8:48 pm, 60, Dry, N, Night, Rear End, Not Injured, N, N
US, 2, 0, 0, 0, 2017, December, Saturday, 10:50 am, 60, Dry, N, Daylight, Rear End, Not Injured, N, N
US, 2, 0, 0, 0, 2017, December, Thursday, 5:55 pm, 40, Dry, Y, Night, Rear End, Not Injured, N, N
US, 2, 0, 0, 0, 2017, December, Sunday, 11:00 am, 40, Wet, N, Daylight, Right Angle, Minor Injury, N, N
US, 2, 0, 0, 0, 2017, December, Saturday, 2:08 pm, 40, Dry, N, Daylight, Right Angle, Minor Injury, N, N
US, 2, 0, 0, 0, 2017, December, Friday, 1:35 pm, 40, Dry, N, Daylight, Rear End, Not Injured, N, N
US, 2, 0, 0, 0, 2017, December, Saturday, 8:42 pm, 60, Dry, N, Night, Side Swipe, Not Injured, Y, N
US, 2, 0, 0, 0, 2017, December, Sunday, 3:58 pm, 40, Dry, N, Daylight, Rear End, Not Injured, N, N
US, 2, 0, 0, 0, 2017, October, Wednesday, 7:55 am, 90, Dry, N, Daylight, Side Swipe, Minor Injury, N, N
US, 3, 0, 0, 0, 2017, November, Tuesday, 5:28 pm, 90, Dry, N, Night, Rear End, Not Injured, N, N
US, 2, 0, 0, 0, 2017, December, Sunday, 3:53 pm, 60, Dry, N, Daylight, Right Angle, Not Injured, N, N
US, 2, 0, 0, 0, 2017, December, Sunday, 5:47 pm, 60, Wet, Y, Night, Right Angle, Not Injured, N, N
US, 2, 0, 0, 0, 2017, December, Sunday, 6:20 pm, 40, Wet, Y, Night, Right Angle, Not Injured, N, N
US, 2, 0, 0, 0, 2017, December, Friday, 11:05 pm, 40, Dry, N, Night, Head On, Minor Injury, N, N
US, 3, 0, 0, 0, 2017, December, Saturday, 2:50 am, 40, Dry, N, Night, Side Swipe, Minor Injury, Y, N
US, 2, 0, 0, 0, 2017, December, Sunday, 10:55 pm, 40, Dry, N, Night, Right Angle, Not Injured, N, N
US, 2, 0, 0, 0, 2017, December, Monday, 2:00 am, 90, Wet, N, Night, Rear End, Minor Injury, N, N
US, 2, 0, 0, 1, 2017, December, Wednesday, 4:57 pm, 60, Wet, Y, Night, Rear End, Minor Injury, N, N
US, 2, 0, 0, 1, 2017, December, Monday, 7:50 am, 60, Wet, N, Daylight, Rear End, Minor Injury, N, N
US, 2, 0, 0, 1, 2017, December, Sunday, 11:17 am, 40, Dry, N, Daylight, Right Angle, Minor Injury, N, N
US, 3, 0, 0, 0, 2017, December, Sunday, 11:14 am, 40, Dry, N, Daylight, Right Angle, Not Injured, N, N
US, 2, 0, 0, 0, 2017, December, Monday, 7:56 am, 60, Wet, N, Daylight, Head On, Not Injured, N, N
US, 2, 0, 0, 0, 2017, December, Thursday, 11:27 am, 40, Wet, N, Daylight, Side Swipe, Minor Injury, N, N
US, 2, 0, 0, 0, 2017, December, Monday, 9:20 am, 40, Dry, N, Daylight, Side Swipe, Not Injured, N, N
US, 2, 0, 0, 0, 2017, December, Friday, 11:15 am, 60, Dry, N, Daylight, Rear End, Not Injured, N, N
US, 2, 0, 0, 0, 2017, December, Tuesday, 9:32 pm, 40, Dry, Y, Night, Right Angle, Not Injured, N, N
US, 2, 0, 0, 0, 2017, December, Monday, 3:02 pm, 40, Dry, N, Daylight, Right Angle, Not Injured, N, N
US, 2, 0, 0, 0, 2017, December, Sunday, 2:06 pm, 60, Dry, N, Daylight, Right Angle, Not Injured, N, N
US, 2, 0, 0, 0, 2017, December, Sunday, 4:11 pm, 40, Wet, Y, Daylight, Right Angle, Not Injured, Y, N
US, 2, 0, 0, 0, 2017, December, Monday, 4:04 pm, 70, Wet, Y, Daylight, Rear End, Not Injured, N, N
US, 2, 0, 0, 0, 2017, December, Monday, 4:30 pm, 40, Wet, N, Night, Right Angle, Not Injured, N, N
US, 2, 0, 0, 0, 2017, December, Monday, 5:05 pm, 40, Wet, Y, Night, Right Angle, Not Injured, N, N
US, 2, 0, 0, 1, 2017, December, Tuesday, 6:54 pm, 60, Dry, Y, Night, Right Angle, Minor Injury, N, N
US, 2, 0, 0, 0, 2017, December, Monday, 8:13 pm, 40, Dry, N, Night, Head On, Not Injured, N, N
US, 2, 0, 0, 0, 2017, December, Monday, 3:40 pm, 40, Dry, N, Daylight, Rear End, Not Injured, N, N
US, 2, 0, 0, 0, 2017, December, Monday, 7:38 pm, 60, Dry, N, Night, Right Angle, Not Injured, N, N
US, 2, 0, 0, 0, 2017, December, Monday, 8:30 pm, 40, Dry, N, Night, Right Angle, Not Injured, N, N
US, 2, 0, 0, 0, 2017, December, Thursday, 5:24 pm, 40, Dry, N, Night, Right Angle, Not Injured, N, N
US, 2, 0, 0, 0, 2017, December, Monday, 9:09 pm, 60, Wet, N, Night, Right Angle, Not Injured, N, N
US, 2, 0, 0, 0, 2017, December, Monday, 8:40 pm, 70, Wet, Y, Night, Right Angle, Not Injured, N, N
US, 2, 0, 0, 0, 2017, December, Saturday, 9:12 am, 40, Dry, N, Daylight, Right Angle, Not Injured, N, N
US, 2, 0, 0, 0, 2017, December, Tuesday, 11:20 am, 40, Dry, N, Daylight, Side Swipe, Not Injured, N, N
US, 2, 0, 0, 0, 2017, December, Wednesday, 10:30 pm, 60, Dry, N, Night, Side Swipe, Not Injured, Y, N
US, 2, 0, 0, 0, 2017, December, Monday, 5:05 pm, 40, Dry, N, Night, Hit Pedestrian, Minor Injury, N, N
US, 2, 0, 0, 0, 2017, December, Monday, 7:17 am, 70, Dry, N, Daylight, Rear End, Not Injured, N, N
US, 3, 0, 0, 0, 2017, December, Monday, 3:20 pm, 60, Dry, N, Daylight, Right Angle, Minor Injury, N, N
US, 2, 0, 0, 0, 2017, December, Sunday, 3:55 pm, 40, Wet, Y, Daylight, Right Angle, Not Injured, N, N
US, 2, 0, 0, 0, 2017, December, Tuesday, 7:20 pm, 60, Dry, N, Night, Right Angle, Not Injured, N, N
US, 2, 0, 0, 0, 2017, December, Tuesday, 7:24 pm, 40, Dry, N, Night, Side Swipe, Not Injured, N, N
US, 2, 0, 0, 0, 2017, December, Wednesday, 8:57 am, 40, Dry, N, Daylight, Right Angle, Not Injured, N, N
US, 2, 0, 0, 0, 2017, December, Tuesday, 6:50 am, 60, Dry, N, Daylight, Rear End, Not Injured, N, N
US, 3, 0, 0, 0, 2017, December, Tuesday, 5:59 am, 40, Wet, Y, Night, Rear End, Not Injured, N, N
US, 2, 0, 0, 0, 2017, December, Tuesday, 7:00 am, 40, Dry, N, Daylight, Right Angle, Not Injured, N, N
US, 2, 0, 0, 0, 2017, December, Wednesday, 6:37 pm, 40, Dry, Y, Night, Side Swipe, Not Injured, N, N
US, 2, 0, 0, 0, 2017, December, Monday, 5:49 pm, 60, Wet, Y, Night, Right Angle, Minor Injury, N, N
US, 2, 0, 0, 0, 2017, December, Sunday, 2:24 pm, 30, Dry, N, Daylight, Rear End, Not Injured, N, N
US, 2, 0, 0, 0, 2017, December, Sunday, 10:48 am, 60, Dry, N, Daylight, Rear End, Not Injured, N, N
US, 2, 0, 0, 1, 2017, December, Wednesday, 9:53 am, 30, Dry, N, Daylight, Right Angle, Minor Injury, N, N
US, 2, 0, 0, 0, 2017, December, Wednesday, 10:20 am, 40, Dry, N, Daylight, Side Swipe, Not Injured, N, N
US, 2, 0, 0, 0, 2017, December, Wednesday, 10:00 am, 60, Dry, N, Daylight, Right Angle, Minor Injury, N, N
US, 2, 0, 0, 0, 2017, December, Wednesday, 10:30 am, 60, Dry, N, Daylight, Right Angle, Not Injured, N, N
US, 2, 0, 0, 0, 2017, December, Sunday, 4:36 pm, 60, Dry, N, Daylight, Right Angle, Not Injured, N, N
US, 3, 0, 0, 1, 2017, December, Tuesday, 6:21 pm, 40, Dry, Y, Night, Right Angle, Minor Injury, N, N
US, 2, 0, 0, 0, 2017, December, Tuesday, 6:38 pm, 40, Dry, Y, Night, Side Swipe, Not Injured, N, N
US, 2, 0, 0, 0, 2017, December, Thursday, 12:40 am, 60, Dry, Y, Night, Right Angle, Not Injured, N, N
US, 2, 0, 0, 0, 2017, December, Monday, 6:23 pm, 60, Dry, N, Night, Rear End, Not Injured, N, N
US, 2, 0, 2, 0, 2017, December, Friday, 3:28 pm, 60, Dry, N, Daylight, Right Angle, Major Injury, N, N
US, 2, 0, 0, 0, 2017, December, Monday, 7:44 am, 60, Dry, N, Daylight, Rear End, Not Injured, N, N
US, 2, 0, 0, 0, 2017, December, Wednesday, 5:45 pm, 60, Dry, N, Night, Rear End, Not Injured, N, N
US, 3, 0, 0, 1, 2017, December, Wednesday, 4:34 pm, 60, Dry, N, Daylight, Right Angle, Minor Injury, N, N
US, 3, 0, 0, 1, 2017, December, Wednesday, 5:50 pm, 60, Dry, N, Night, Rear End, Minor Injury, N, N
US, 2, 0, 0, 0, 2017, December, Tuesday, 4:38 pm, 40, Dry, N, Daylight, Right Angle, Not Injured, N, N
US, 3, 0, 0, 0, 2017, December, Wednesday, 6:28 pm, 60, Dry, N, Night, Right Angle, Minor Injury, N, N
US, 2, 0, 0, 1, 2017, December, Wednesday, 3:03 pm, 60, Dry, N, Daylight, Rear End, Minor Injury, N, N
US, 2, 0, 0, 0, 2017, December, Wednesday, 7:52 pm, 40, Dry, N, Night, Right Angle, Not Injured, N, N
US, 2, 0, 0, 1, 2017, December, Sunday, 2:10 am, 40, Dry, N, Night, Head On, Minor Injury, N, N
US, 2, 0, 1, 2, 2017, December, Sunday, 5:00 am, 40, Dry, N, Night, Rear End, Major Injury, N, N
US, 2, 0, 0, 0, 2017, December, Tuesday, 5:13 pm, 90, Dry, N, Night, Right Angle, Not Injured, N, N
US, 2, 0, 0, 0, 2017, December, Tuesday, 7:02 pm, 40, Dry, N, Night, Right Angle, Not Injured, N, N
US, 2, 0, 0, 0, 2017, December, Sunday, 8:30 am, 70, Dry, N, Daylight, Right Angle, Not Injured, N, N
US, 2, 0, 0, 0, 2017, December, Monday, 5:56 pm, 60, Dry, N, Night, Rear End, Not Injured, Y, N
US, 2, 0, 0, 0, 2017, December, Sunday, 11:42 am, 60, Dry, N, Daylight, Right Angle, Not Injured, N, N
US, 2, 0, 0, 0, 2017, December, Thursday, 8:00 am, 40, Dry, N, Daylight, Right Angle, Not Injured, N, N
US, 2, 0, 0, 0, 2017, December, Thursday, 8:15 am, 40, Dry, N, Daylight, Right Angle, Not Injured, N, N
US, 4, 0, 0, 0, 2017, December, Thursday, 11:00 am, 60, Dry, N, Daylight, Side Swipe, Not Injured, N, N
US, 2, 0, 0, 0, 2017, December, Thursday, 10:38 am, 40, Dry, N, Daylight, Right Angle, Minor Injury, N, N
US, 2, 0, 0, 1, 2017, December, Wednesday, 9:30 pm, 40, Dry, N, Night, Right Angle, Minor Injury, N, N
US, 2, 0, 0, 0, 2017, December, Sunday, 10:49 am, 60, Dry, N, Daylight, Right Angle, Not Injured, N, N
US, 2, 0, 0, 0, 2017, December, Tuesday, 5:43 pm, 60, Dry, N, Night, Right Angle, Not Injured, N, N
US, 2, 0, 0, 0, 2017, December, Thursday, 2:43 pm, 90, Dry, N, Daylight, Rear End, Not Injured, N, N
US, 4, 0, 0, 0, 2017, December, Saturday, 5:34 pm, 80, Dry, N, Night, Rear End, Not Injured, N, N
US, 2, 0, 0, 1, 2017, December, Thursday, 5:10 pm, 40, Dry, N, Night, Right Angle, Minor Injury, N, N
US, 2, 0, 0, 0, 2017, December, Thursday, 4:30 pm, 60, Dry, N, Night, Rear End, Not Injured, N, N
US, 2, 0, 0, 0, 2017, December, Thursday, 7:50 pm, 60, Dry, N, Night, Rear End, Not Injured, N, N
US, 2, 0, 0, 1, 2017, December, Thursday, 2:43 pm, 40, Dry, N, Daylight, Rear End, Minor Injury, N, N
US, 2, 0, 0, 0, 2017, December, Thursday, 6:30 am, 40, Dry, N, Daylight, Right Angle, Not Injured, N, N
US, 2, 0, 0, 3, 2017, December, Tuesday, 11:44 am, 60, Dry, N, Daylight, Right Angle, Minor Injury, N, N
US, 2, 0, 0, 0, 2017, December, Monday, 11:29 pm, 90, Dry, N, Night, Rear End, Not Injured, N, N
US, 2, 0, 0, 0, 2017, December, Thursday, 8:10 am, 60, Dry, N, Daylight, Rear End, Not Injured, N, N
US, 2, 0, 0, 0, 2017, December, Thursday, 12:42 am, 60, Dry, N, Daylight, Rear End, Not Injured, N, N
US, 2, 0, 0, 0, 2017, December, Thursday, 6:25 pm, 70, Dry, N, Night, Side Swipe, Not Injured, N, N
US, 2, 0, 0, 0, 2017, December, Wednesday, 9:02 am, 40, Dry, N, Daylight, Side Swipe, Not Injured, N, N
US, 3, 0, 0, 0, 2017, December, Thursday, 2:07 pm, 70, Dry, N, Daylight, Rear End, Not Injured, N, N
US, 2, 0, 0, 0, 2017, December, Sunday, 10:57 am, 60, Dry, N, Daylight, Right Angle, Minor Injury, N, N
US, 2, 0, 0, 0, 2017, December, Friday, 8:30 am, 40, Dry, N, Daylight, Rear End, Not Injured, N, N
US, 2, 0, 0, 0, 2017, December, Thursday, 8:05 am, 60, Dry, N, Daylight, Right Angle, Not Injured, N, N
US, 2, 0, 0, 0, 2017, December, Friday, 1:38 pm, 60, Dry, N, Daylight, Rear End, Not Injured, N, N
US, 2, 0, 0, 0, 2017, December, Monday, 8:47 pm, 40, Wet, N, Night, Rear End, Not Injured, N, N
US, 2, 0, 0, 0, 2017, December, Thursday, 8:33 am, 60, Dry, N, Daylight, Right Angle, Not Injured, N, N
US, 2, 0, 0, 1, 2017, December, Friday, 12:54 am, 40, Dry, N, Daylight, Right Angle, Minor Injury, N, N
US, 2, 0, 0, 0, 2017, December, Friday, 12:37 am, 40, Dry, N, Night, Right Angle, Not Injured, N, N
US, 2, 0, 0, 0, 2017, December, Friday, 4:15 pm, 70, Wet, Y, Daylight, Right Angle, Minor Injury, N, N
US, 2, 0, 0, 0, 2017, December, Friday, 6:28 pm, 40, Dry, N, Night, Right Angle, Not Injured, N, N
US, 2, 0, 0, 1, 2017, December, Sunday, 4:10 pm, 40, Wet, Y, Daylight, Right Angle, Minor Injury, N, N
US, 2, 0, 0, 0, 2017, December, Friday, 11:07 pm, 40, Wet, Y, Night, Side Swipe, Not Injured, N, N
US, 2, 0, 0, 1, 2017, December, Friday, 11:39 pm, 50, Dry, N, Night, Right Angle, Minor Injury, N, N
US, 2, 0, 0, 0, 2017, November, Friday, 8:38 am, 90, Dry, N, Daylight, Rear End, Not Injured, N, N
US, 4, 0, 0, 1, 2017, November, Friday, 5:36 pm, 90, Dry, N, Night, Rear End, Minor Injury, N, N
US, 2, 0, 0, 1, 2017, December, Friday, 8:53 am, 30, Dry, N, Daylight, Rear End, Minor Injury, N, N
US, 2, 0, 0, 1, 2017, December, Saturday, 9:03 am, 40, Wet, Y, Daylight, Right Angle, Minor Injury, N, N
US, 3, 0, 0, 0, 2017, December, Friday, 2:20 pm, 20, Dry, N, Daylight, Rear End, Minor Injury, N, N
US, 2, 0, 0, 1, 2017, December, Saturday, 4:10 pm, 40, Wet, Y, Night, Rear End, Minor Injury, N, N
US, 2, 0, 0, 0, 2017, December, Thursday, 5:32 pm, 60, Dry, N, Night, Right Angle, Not Injured, N, N
US, 2, 0, 0, 1, 2017, December, Thursday, 7:54 pm, 60, Dry, N, Night, Side Swipe, Minor Injury, Y, N
US, 2, 0, 0, 0, 2017, December, Saturday, 4:56 pm, 40, Wet, Y, Night, Right Angle, Not Injured, N, N
US, 2, 0, 0, 0, 2017, December, Saturday, 5:24 pm, 50, Wet, Y, Night, Right Angle, Not Injured, N, N
US, 2, 0, 1, 0, 2017, December, Saturday, 5:37 pm, 40, Dry, N, Night, Side Swipe, Major Injury, N, N
US, 2, 0, 0, 0, 2017, December, Thursday, 9:23 pm, 60, Dry, N, Night, Rear End, Not Injured, N, N
US, 2, 0, 0, 0, 2017, December, Saturday, 6:09 pm, 40, Wet, N, Night, Right Angle, Not Injured, N, N
US, 3, 0, 0, 1, 2017, December, Monday, 5:20 pm, 70, Dry, N, Night, Rear End, Minor Injury, N, N
US, 2, 0, 0, 0, 2017, December, Sunday, 1:44 am, 60, Wet, N, Night, Head On, Not Injured, N, N
US, 2, 0, 0, 0, 2017, December, Saturday, 4:25 am, 60, Dry, N, Night, Head On, Not Injured, N, N
US, 6, 0, 0, 0, 2017, December, Friday, 3:01 pm, 90, Dry, N, Daylight, Rear End, Not Injured, N, N
US, 2, 0, 0, 0, 2017, December, Tuesday, 3:36 pm, 60, Dry, N, Daylight, Right Angle, Not Injured, N, N
US, 2, 0, 0, 1, 2017, December, Sunday, 10:02 am, 60, Wet, N, Daylight, Head On, Minor Injury, N, N
US, 2, 0, 0, 0, 2017, December, Saturday, 12:19 am, 30, Wet, Y, Daylight, Right Angle, Not Injured, N, N
US, 2, 0, 0, 0, 2017, December, Friday, 8:30 am, 90, Dry, N, Daylight, Rear End, Not Injured, N, N
US, 2, 0, 0, 0, 2017, December, Saturday, 12:07 am, 50, Wet, Y, Daylight, Side Swipe, Not Injured, N, N
US, 2, 0, 0, 0, 2017, December, Tuesday, 12:56 am, 60, Dry, N, Daylight, Side Swipe, Minor Injury, N, N
US, 2, 0, 0, 0, 2017, December, Monday, 2:24 am, 40, Dry, Y, Night, Head On, Not Injured, N, N
US, 2, 0, 0, 0, 2017, December, Sunday, 5:44 pm, 60, Wet, Y, Night, Right Angle, Not Injured, N, N
US, 2, 0, 0, 0, 2017, December, Monday, 1:30 pm, 40, Dry, N, Daylight, Rear End, Not Injured, N, N
US, 2, 0, 0, 1, 2017, December, Monday, 1:52 pm, 60, Dry, Y, Daylight, Right Angle, Minor Injury, N, N
US, 2, 0, 0, 0, 2017, December, Thursday, 5:30 pm, 70, Dry, N, Night, Right Angle, Not Injured, N, N
US, 2, 0, 0, 0, 2017, December, Sunday, 9:10 pm, 40, Dry, N, Night, Right Angle, Not Injured, N, N
US, 2, 0, 0, 0, 2017, December, Monday, 5:42 pm, 40, Dry, N, Night, Right Angle, Not Injured, N, N
US, 2, 0, 0, 0, 2017, December, Monday, 7:50 pm, 60, Dry, Y, Night, Rear End, Minor Injury, N, N
US, 2, 0, 0, 0, 2017, December, Wednesday, 11:34 am, 60, Dry, N, Daylight, Right Angle, Not Injured, N, N