Nation,Total Units,Total Fatalities,Total Serious Injuries,Total Minor Injuries,Year,Month,Day,Time,Speed Limit,Moisture,Adverse Weather Conditions,DayNight,Crash Type,Crash Severity,Alcohol Related ,Drug Related
US, 2, 0, 0, 1, 2017, December, Tuesday, 9:09 am, 40, Dry, N, Daylight, Right Angle, Minor Injury, N, N
US, 4, 0, 0, 0, 2017, December, Tuesday, 2:38 pm, 60, Dry, N, Daylight, Rear End, Not Injured, N, N
US, 2, 0, 0, 0, 2017, December, Tuesday, 9:24 am, 40, Dry, Y, Daylight, Head On, Not Injured, N, N
US, 2, 0, 1, 0, 2017, December, Monday, 12:23 am, 60, Wet, Y, Daylight, Right Angle, Major Injury, N, N
US, 2, 0, 0, 1, 2017, December, Wednesday, 3:06 pm, 60, Dry, N, Daylight, Right Angle, Minor Injury, N, N
US, 2, 0, 0, 0, 2017, December, Tuesday, 4:20 pm, 40, Dry, N, Daylight, Hit Pedestrian, Minor Injury, N, N
US, 2, 0, 0, 0, 2017, December, Thursday, 10:30 pm, 40, Dry, N, Night, Rear End, Not Injured, N, N
US, 2, 0, 0, 0, 2017, December, Friday, 11:30 am, 90, Wet, N, Daylight, Rear End, Not Injured, N, N
US, 3, 0, 0, 0, 2017, December, Friday, 2:36 pm, 90, Dry, N, Daylight, Rear End, Not Injured, N, N
US, 2, 0, 0, 0, 2017, December, Friday, 7:04 pm, 90, Dry, N, Night, Rear End, Not Injured, N, N
US, 4, 1, 0, 0, 2017, December, Wednesday, 4:52 pm, 90, Dry, N, Daylight, Rear End, Fatal, N, N
US, 2, 0, 0, 0, 2017, December, Thursday, 11:22 am, 90, Wet, N, Daylight, Right Angle, Not Injured, N, N
US, 3, 0, 0, 1, 2017, December, Friday, 7:11 pm, 90, Wet, N, Night, Rear End, Minor Injury, N, N
US, 2, 0, 0, 0, 2017, December, Friday, 3:00 pm, 90, Dry, N, Daylight, Rear End, Not Injured, N, N
US, 2, 0, 0, 0, 2017, December, Tuesday, 6:10 pm, 20, Dry, N, Night, Right Angle, Not Injured, N, N
US, 2, 0, 0, 0, 2017, December, Tuesday, 7:20 pm, 60, Dry, N, Night, Head On, Minor Injury, N, N
US, 2, 0, 0, 0, 2017, December, Saturday, 4:41 pm, 60, Dry, N, Night, Right Angle, Not Injured, N, N
US, 2, 0, 0, 0, 2017, December, Thursday, 7:35 am, 60, Dry, Y, Daylight, Right Angle, Not Injured, N, N
US, 2, 0, 0, 1, 2017, December, Saturday, 3:02 am, 40, Dry, N, Night, Head On, Minor Injury, Y, N
US, 2, 0, 0, 0, 2017, June, Wednesday, 5:54 am, 90, Dry, N, Daylight, Rear End, Minor Injury, N, N
US, 2, 0, 0, 0, 2017, December, Thursday, 8:40 pm, 30, Dry, N, Night, Rear End, Not Injured, N, N
US, 2, 0, 0, 0, 2017, December, Tuesday, 1:19 pm, 70, Dry, N, Daylight, Rear End, Not Injured, N, N
US, 2, 0, 0, 0, 2017, December, Tuesday, 8:19 am, 40, Dry, N, Daylight, Rear End, Not Injured, N, N
US, 3, 0, 0, 0, 2017, December, Tuesday, 9:41 pm, 40, Dry, Y, Night, Head On, Not Injured, N, N
US, 2, 0, 0, 0, 2017, December, Tuesday, 7:48 am, 60, Dry, N, Daylight, Rear End, Not Injured, N, N
US, 2, 0, 0, 2, 2017, December, Wednesday, 8:19 am, 60, Dry, N, Daylight, Rear End, Minor Injury, N, N
US, 2, 0, 0, 0, 2017, December, Wednesday, 8:44 am, 50, Dry, N, Daylight, Rear End, Not Injured, N, N
US, 3, 0, 0, 0, 2017, December, Wednesday, 10:50 am, 90, Dry, N, Daylight, Rear End, Not Injured, N, N
US, 2, 0, 0, 0, 2017, December, Wednesday, 10:10 am, 40, Dry, N, Daylight, Right Angle, Not Injured, N, N
US, 2, 0, 0, 0, 2017, December, Wednesday, 1:52 pm, 50, Dry, N, Daylight, Rear End, Not Injured, N, N
US, 2, 0, 0, 2, 2017, December, Tuesday, 9:00 pm, 40, Dry, N, Night, Head On, Minor Injury, N, N
US, 2, 0, 0, 2, 2017, December, Thursday, 12:57 am, 90, Dry, N, Night, Rear End, Minor Injury, N, N
US, 3, 0, 1, 0, 2017, December, Tuesday, 8:33 pm, 60, Dry, N, Night, Right Angle, Major Injury, Y, N
US, 2, 0, 0, 1, 2017, December, Saturday, 11:31 pm, 60, Dry, Y, Night, Rear End, Minor Injury, Y, N
US, 2, 0, 0, 0, 2017, December, Tuesday, 8:58 am, 60, Dry, N, Daylight, Right Angle, Not Injured, N, N
US, 4, 0, 0, 0, 2017, December, Wednesday, 7:15 am, 90, Dry, N, Daylight, Rear End, Minor Injury, N, N
US, 2, 0, 0, 0, 2017, December, Tuesday, 6:53 am, 90, Wet, N, Daylight, Rear End, Not Injured, N, N
US, 2, 0, 0, 0, 2017, December, Thursday, 9:05 am, 90, Dry, N, Daylight, Rear End, Not Injured, N, N
US, 2, 0, 0, 1, 2017, December, Thursday, 12:22 am, 90, Dry, N, Daylight, Rear End, Minor Injury, N, N
US, 2, 0, 0, 1, 2017, December, Wednesday, 4:37 pm, 60, Dry, N, Daylight, Right Angle, Minor Injury, N, N
US, 2, 0, 0, 1, 2017, December, Wednesday, 6:23 pm, 60, Dry, N, Night, Head On, Minor Injury, N, N
US, 2, 0, 0, 0, 2017, December, Wednesday, 7:59 pm, 40, Dry, N, Night, Right Angle, Not Injured, N, N
US, 2, 0, 0, 1, 2017, December, Wednesday, 4:00 pm, 60, Dry, N, Daylight, Hit Pedestrian, Minor Injury, N, N
US, 3, 0, 0, 0, 2017, December, Wednesday, 12:45 am, 40, Dry, N, Daylight, Right Angle, Minor Injury, N, N
US, 4, 0, 0, 0, 2017, December, Wednesday, 9:36 pm, 40, Dry, N, Night, Rear End, Not Injured, Y, N
US, 2, 0, 0, 1, 2017, December, Friday, 4:18 pm, 70, Wet, N, Daylight, Rear End, Minor Injury, N, N
US, 3, 0, 0, 0, 2017, October, Tuesday, 8:30 am, 90, Dry, N, Daylight, Side Swipe, Not Injured, N, N
US, 2, 0, 0, 0, 2017, October, Friday, 6:02 pm, 90, Dry, N, Night, Rear End, Not Injured, N, N
US, 2, 0, 0, 0, 2017, October, Tuesday, 4:49 pm, 90, Wet, N, Daylight, Rear End, Minor Injury, N, N
US, 5, 0, 0, 0, 2017, October, Sunday, 6:00 pm, 90, Wet, Y, Night, Rear End, Not Injured, N, N
US, 2, 0, 0, 1, 2017, November, Monday, 5:57 pm, 90, Dry, N, Night, Rear End, Minor Injury, N, N
US, 3, 0, 0, 0, 2017, November, Wednesday, 7:37 am, 90, Dry, N, Daylight, Rear End, Not Injured, N, N
US, 3, 0, 0, 0, 2017, December, Wednesday, 6:59 am, 90, Dry, N, Daylight, Rear End, Minor Injury, N, N
US, 2, 0, 0, 0, 2017, December, Wednesday, 7:06 am, 90, Dry, N, Night, Rear End, Not Injured, N, N
US, 2, 0, 0, 0, 2017, December, Friday, 2:12 pm, 90, Dry, N, Daylight, Right Angle, Not Injured, N, N
US, 2, 0, 0, 0, 2017, December, Thursday, 2:08 pm, 60, Dry, N, Daylight, Rear End, Not Injured, N, N
US, 2, 0, 0, 0, 2017, December, Thursday, 6:52 am, 60, Dry, N, Night, Right Angle, Minor Injury, N, N
US, 2, 0, 0, 1, 2017, November, Monday, 5:20 pm, 40, Dry, N, Night, Right Angle, Minor Injury, N, N
US, 2, 0, 0, 1, 2017, December, Thursday, 8:41 am, 40, Dry, N, Daylight, Rear End, Minor Injury, N, N
US, 2, 0, 0, 0, 2017, December, Thursday, 9:30 am, 40, Dry, N, Daylight, Right Angle, Not Injured, N, N
US, 2, 0, 0, 1, 2017, December, Thursday, 9:21 am, 60, Dry, N, Daylight, Right Angle, Minor Injury, N, N
US, 2, 0, 0, 0, 2017, December, Thursday, 11:55 am, 60, Dry, N, Daylight, Right Angle, Not Injured, N, N
US, 2, 0, 0, 0, 2017, December, Thursday, 2:45 pm, 60, Dry, N, Daylight, Rear End, Not Injured, N, N
US, 2, 0, 0, 2, 2017, December, Thursday, 4:08 pm, 40, Dry, N, Daylight, Head On, Minor Injury, N, N
US, 2, 0, 0, 0, 2017, December, Thursday, 4:48 pm, 40, Dry, N, Daylight, Right Angle, Not Injured, N, N
US, 3, 0, 0, 0, 2017, December, Thursday, 4:26 pm, 60, Dry, N, Daylight, Rear End, Not Injured, N, N
US, 2, 0, 0, 0, 2017, December, Wednesday, 2:00 pm, 60, Dry, N, Daylight, Right Angle, Not Injured, N, N
US, 2, 0, 0, 0, 2017, December, Wednesday, 9:52 pm, 30, Dry, N, Night, Rear End, Not Injured, N, N
US, 2, 0, 0, 0, 2017, December, Thursday, 6:08 pm, 40, Dry, N, Night, Side Swipe, Not Injured, N, N
US, 2, 0, 0, 0, 2017, December, Thursday, 6:26 pm, 40, Dry, N, Night, Right Angle, Not Injured, N, N
US, 2, 0, 0, 0, 2017, December, Thursday, 6:50 pm, 40, Dry, N, Night, Right Angle, Not Injured, N, N
US, 2, 0, 0, 1, 2017, December, Thursday, 9:08 pm, 40, Dry, N, Night, Right Angle, Minor Injury, N, N
US, 2, 0, 0, 0, 2017, December, Wednesday, 2:10 pm, 40, Dry, N, Daylight, Right Angle, Not Injured, N, N
US, 2, 0, 0, 1, 2017, November, Sunday, 2:17 am, 60, Dry, N, Night, Right Angle, Minor Injury, N, N
US, 2, 0, 0, 0, 2017, December, Friday, 6:44 pm, 40, Wet, N, Night, Right Angle, Not Injured, N, N
US, 2, 0, 0, 0, 2017, December, Wednesday, 5:10 am, 40, Dry, N, Night, Right Angle, Not Injured, N, N
US, 2, 0, 0, 0, 2017, December, Thursday, 11:24 pm, 40, Dry, N, Night, Right Angle, Not Injured, N, N
US, 2, 0, 0, 0, 2017, December, Thursday, 3:40 pm, 60, Dry, N, Daylight, Rear End, Minor Injury, N, N
US, 2, 0, 1, 2, 2017, December, Friday, 2:08 am, 70, Dry, N, Night, Side Swipe, Major Injury, N, N
US, 2, 0, 0, 0, 2017, December, Friday, 5:05 pm, 40, Dry, N, Night, Rear End, Minor Injury, N, N
US, 3, 0, 0, 0, 2017, December, Tuesday, 6:06 pm, 60, Dry, N, Night, Rear End, Minor Injury, N, N
US, 2, 0, 0, 1, 2017, December, Thursday, 9:05 am, 60, Dry, N, Daylight, Right Angle, Minor Injury, N, N
US, 2, 0, 0, 0, 2017, December, Friday, 10:48 am, 40, Dry, N, Daylight, Hit Pedestrian, Minor Injury, N, N
US, 2, 0, 0, 0, 2017, December, Friday, 12:30 am, 20, Dry, N, Daylight, Right Angle, Not Injured, N, N
US, 3, 0, 0, 0, 2017, December, Thursday, 12:20 am, 70, Dry, N, Daylight, Rear End, Not Injured, N, N
US, 2, 0, 0, 0, 2017, December, Thursday, 3:35 pm, 50, Dry, N, Daylight, Right Angle, Not Injured, N, N
US, 2, 0, 0, 0, 2017, December, Friday, 6:48 pm, 70, Dry, N, Night, Rear End, Not Injured, N, N
US, 2, 0, 0, 0, 2017, December, Friday, 2:35 pm, 40, Dry, N, Daylight, Rear End, Not Injured, N, N
US, 2, 0, 0, 2, 2017, December, Friday, 3:38 pm, 60, Dry, N, Daylight, Rear End, Minor Injury, N, N
US, 2, 0, 0, 0, 2017, December, Saturday, 3:55 pm, 90, Dry, N, Daylight, Rear End, Not Injured, N, N
US, 2, 0, 0, 0, 2017, December, Saturday, 2:55 am, 40, Dry, Y, Night, Head On, Not Injured, N, N
US, 2, 0, 0, 0, 2017, December, Thursday, 3:52 pm, 90, Dry, N, Daylight, Rear End, Not Injured, N, N
US, 3, 0, 0, 0, 2017, December, Friday, 5:00 pm, 90, Dry, N, Daylight, Rear End, Not Injured, N, N
US, 2, 0, 0, 0, 2017, December, Friday, 2:08 pm, 70, Dry, N, Daylight, Right Angle, Not Injured, N, N
US, 2, 0, 0, 0, 2017, December, Friday, 10:36 am, 60, Wet, Y, Daylight, Rear End, Not Injured, N, N
US, 2, 0, 0, 0, 2017, December, Saturday, 10:56 am, 40, Dry, Y, Daylight, Rear End, Minor Injury, N, N
US, 2, 0, 0, 0, 2017, December, Saturday, 11:54 am, 40, Dry, Y, Daylight, Rear End, Not Injured, N, N
US, 2, 0, 0, 0, 2017, December, Saturday, 12:14 am, 60, Dry, Y, Daylight, Head On, Not Injured, N, N
US, 2, 0, 0, 2, 2017, December, Friday, 4:03 pm, 60, Dry, N, Daylight, Rear End, Minor Injury, N, N
US, 2, 0, 0, 0, 2017, December, Monday, 2:22 pm, 40, Dry, N, Daylight, Side Swipe, Not Injured, N, N
US, 2, 0, 0, 0, 2017, December, Saturday, 5:55 pm, 40, Dry, Y, Night, Side Swipe, Not Injured, N, N
US, 2, 0, 0, 0, 2017, December, Saturday, 5:15 pm, 40, Dry, Y, Night, Head On, Not Injured, N, N
US, 2, 0, 0, 0, 2017, December, Saturday, 7:05 pm, 40, Dry, Y, Night, Right Angle, Not Injured, N, N
US, 2, 0, 0, 0, 2017, December, Saturday, 7:20 pm, 40, Dry, Y, Night, Right Angle, Not Injured, N, N
US, 2, 0, 0, 0, 2017, December, Saturday, 5:54 pm, 60, Dry, Y, Night, Head On, Not Injured, N, N
US, 2, 0, 0, 0, 2017, December, Saturday, 7:26 pm, 20, Dry, N, Night, Rear End, Not Injured, N, N
US, 2, 0, 0, 0, 2017, December, Saturday, 11:13 pm, 60, Dry, Y, Night, Side Swipe, Not Injured, N, N
US, 2, 0, 0, 0, 2017, December, Saturday, 11:12 pm, 60, Dry, Y, Night, Rear End, Not Injured, N, N
US, 2, 0, 0, 0, 2017, December, Saturday, 12:00 am, 30, Dry, Y, Daylight, Head On, Not Injured, N, N
US, 3, 0, 1, 0, 2017, December, Thursday, 11:52 am, 70, Dry, N, Daylight, Rear End, Major Injury, N, N
US, 2, 0, 2, 0, 2017, December, Sunday, 9:35 am, 60, Wet, N, Daylight, Head On, Major Injury, N, N
US, 2, 0, 0, 0, 2017, August, Thursday, 9:43 pm, 20, Dry, N, Night, Head On, Not Injured, Y, N
US, 2, 0, 0, 1, 2017, December, Sunday, 1:35 pm, 60, Wet, N, Daylight, Rear End, Minor Injury, N, N
US, 2, 0, 0, 0, 2017, December, Thursday, 9:30 pm, 60, Dry, N, Night, Rear End, Not Injured, N, N
US, 2, 0, 0, 3, 2017, December, Thursday, 4:42 pm, 60, Dry, N, Daylight, Right Angle, Minor Injury, N, N
US, 2, 0, 0, 0, 2017, December, Sunday, 9:14 pm, 40, Dry, Y, Night, Head On, Not Injured, Y, N
US, 2, 0, 0, 0, 2017, December, Sunday, 11:26 pm, 40, Wet, N, Night, Right Angle, Not Injured, N, N
US, 2, 0, 0, 0, 2017, December, Sunday, 10:25 pm, 40, Dry, N, Night, Right Angle, Not Injured, N, N
US, 2, 0, 0, 0, 2017, December, Tuesday, 6:02 pm, 90, Wet, Y, Night, Rear End, Not Injured, N, N
US, 2, 0, 0, 1, 2017, December, Saturday, 4:03 pm, 90, Dry, N, Daylight, Rear End, Minor Injury, N, N
US, 2, 0, 0, 0, 2017, December, Thursday, 7:38 pm, 40, Dry, N, Night, Side Swipe, Not Injured, Y, N
US, 2, 0, 0, 1, 2017, December, Sunday, 8:33 pm, 40, Wet, N, Night, Right Angle, Minor Injury, N, N
US, 2, 0, 0, 2, 2017, December, Saturday, 12:30 am, 40, Wet, Y, Daylight, Right Angle, Minor Injury, N, N
US, 3, 0, 1, 0, 2017, December, Sunday, 4:27 pm, 40, Dry, Y, Daylight, Rear End, Major Injury, N, N
US, 2, 0, 0, 0, 2017, December, Sunday, 7:15 pm, 70, Dry, N, Night, Head On, Minor Injury, Y, N
US, 2, 0, 0, 0, 2017, December, Monday, 7:01 pm, 40, Dry, N, Night, Rear End, Not Injured, N, N
US, 3, 0, 0, 0, 2017, December, Saturday, 3:32 pm, 40, Wet, Y, Daylight, Rear End, Not Injured, N, N
US, 2, 0, 0, 0, 2017, December, Saturday, 10:35 pm, 40, Wet, Y, Night, Right Angle, Not Injured, N, N
US, 2, 0, 1, 0, 2017, December, Friday, 11:53 am, 60, Dry, N, Daylight, Rear End, Major Injury, N, N
US, 2, 0, 0, 0, 2017, December, Saturday, 10:00 pm, 60, Dry, Y, Night, Right Angle, Not Injured, N, N
US, 2, 0, 0, 4, 2017, December, Thursday, 11:54 am, 60, Dry, N, Daylight, Right Angle, Minor Injury, N, N
US, 2, 0, 0, 0, 2017, December, Friday, 1:47 pm, 40, Dry, N, Daylight, Right Angle, Not Injured, N, N
US, 2, 0, 0, 0, 2017, December, Saturday, 10:50 am, 60, Dry, Y, Daylight, Side Swipe, Not Injured, N, N
US, 2, 0, 0, 0, 2017, December, Thursday, 3:05 pm, 60, Dry, N, Daylight, Rear End, Not Injured, N, N
US, 2, 0, 0, 0, 2017, November, Friday, 9:38 pm, 60, Dry, N, Night, Rear End, Not Injured, Y, N
US, 2, 0, 0, 0, 2017, December, Thursday, 5:38 pm, 40, Dry, N, Night, Rear End, Not Injured, N, N
US, 2, 0, 0, 1, 2017, December, Thursday, 4:24 pm, 60, Dry, N, Daylight, Rear End, Minor Injury, N, N
US, 3, 0, 0, 0, 2017, December, Friday, 5:25 pm, 60, Dry, N, Night, Rear End, Not Injured, N, N
US, 2, 0, 0, 0, 2017, December, Saturday, 11:30 am, 60, Dry, Y, Daylight, Rear End, Not Injured, N, N
US, 2, 0, 0, 0, 2017, December, Thursday, 6:00 pm, 40, Dry, N, Night, Right Angle, Not Injured, N, N
US, 2, 0, 0, 1, 2017, December, Friday, 3:23 pm, 60, Dry, N, Daylight, Right Angle, Minor Injury, N, N
US, 2, 0, 0, 0, 2017, December, Wednesday, 10:22 pm, 60, Dry, N, Night, Head On, Not Injured, N, N
US, 2, 0, 0, 0, 2017, December, Sunday, 4:42 pm, 110, Dry, N, Daylight, Side Swipe, Minor Injury, N, N
US, 3, 0, 0, 0, 2017, December, Monday, 8:49 am, 90, Dry, N, Daylight, Rear End, Minor Injury, N, N
US, 2, 0, 0, 0, 2017, December, Saturday, 2:08 pm, 60, Wet, Y, Daylight, Right Angle, Not Injured, N, N
US, 2, 0, 0, 0, 2017, December, Friday, 1:39 pm, 40, Dry, N, Daylight, Rear End, Not Injured, N, N
US, 2, 0, 0, 0, 2017, December, Wednesday, 10:33 pm, 40, Dry, N, Night, Right Angle, Not Injured, N, N
US, 2, 0, 0, 0, 2017, November, Thursday, 12:8 am, 20, Wet, Y, Night, Right Angle, Not Injured, N, N
US, 2, 0, 0, 0, 2017, December, Friday, 5:02 pm, 60, Dry, N, Night, Right Angle, Not Injured, N, N
US, 5, 0, 0, 0, 2017, December, Thursday, 5:16 am, 40, Dry, N, Night, Right Angle, Not Injured, Y, N
US, 3, 0, 0, 0, 2017, November, Tuesday, 10:38 pm, 90, Dry, N, Night, Right Angle, Not Injured, N, N
US, 2, 0, 0, 0, 2017, December, Friday, 6:06 pm, 40, Wet, N, Night, Rear End, Not Injured, N, N
US, 3, 0, 0, 1, 2017, December, Friday, 2:20 pm, 80, Dry, N, Daylight, Rear End, Minor Injury, N, N
US, 2, 0, 0, 1, 2017, December, Saturday, 11:55 am, 80, Wet, Y, Daylight, Right Angle, Minor Injury, N, N
US, 2, 0, 0, 1, 2017, December, Wednesday, 10:32 am, 60, Dry, N, Daylight, Right Angle, Minor Injury, N, N
US, 2, 0, 0, 0, 2017, December, Thursday, 1:11 am, 90, Wet, Y, Night, Rear End, Minor Injury, N, N
US, 2, 0, 0, 0, 2017, November, Sunday, 3:49 pm, 90, Dry, N, Daylight, Rear End, Not Injured, N, N
US, 3, 0, 0, 0, 2017, December, Saturday, 10:00 pm, 40, Dry, Y, Night, Right Angle, Not Injured, N, N
US, 2, 0, 0, 0, 2017, December, Wednesday, 1:55 pm, 60, Dry, N, Daylight, Right Angle, Minor Injury, N, N
US, 4, 0, 0, 0, 2017, December, Saturday, 5:58 pm, 90, Dry, N, Night, Rear End, Not Injured, N, N
US, 2, 0, 0, 0, 2017, December, Thursday, 7:14 pm, 60, Dry, N, Night, Head On, Not Injured, N, N
US, 3, 0, 0, 0, 2017, December, Friday, 4:09 pm, 60, Dry, N, Daylight, Right Angle, Not Injured, N, N
US, 2, 0, 0, 0, 2017, December, Saturday, 11:27 am, 70, Dry, Y, Daylight, Side Swipe, Not Injured, N, N
US, 4, 0, 0, 0, 2017, October, Friday, 5:32 pm, 90, Dry, N, Daylight, Rear End, Not Injured, N, N
US, 4, 0, 0, 0, 2017, December, Sunday, 1:46 pm, 40, Dry, N, Daylight, Side Swipe, Not Injured, Y, N
US, 2, 1, 0, 0, 2017, December, Sunday, 6:57 pm, 60, Wet, Y, Night, Hit Pedestrian, Fatal, N, N
US, 2, 0, 0, 0, 2017, December, Friday, 5:28 pm, 20, Dry, N, Night, Side Swipe, Not Injured, N, N
US, 2, 0, 0, 1, 2017, December, Sunday, 9:21 pm, 40, Wet, Y, Night, Head On, Minor Injury, N, N
US, 2, 0, 0, 0, 2017, December, Saturday, 12:23 am, 40, Dry, N, Daylight, Right Angle, Not Injured, N, N
US, 2, 0, 0, 0, 2017, December, Tuesday, 3:42 pm, 70, Dry, N, Daylight, Right Angle, Minor Injury, N, N
US, 2, 0, 1, 0, 2017, December, Wednesday, 6:20 pm, 60, Dry, N, Night, Right Angle, Major Injury, N, N
US, 3, 0, 0, 0, 2017, November, Tuesday, 3:37 pm, 90, Dry, N, Daylight, Rear End, Not Injured, N, N
US, 2, 0, 0, 0, 2017, November, Sunday, 4:58 am, 90, Dry, N, Night, Side Swipe, Minor Injury, Y, N
US, 2, 0, 0, 0, 2017, December, Monday, 12:47 am, 60, Dry, N, Daylight, Right Angle, Not Injured, N, N
US, 4, 0, 0, 0, 2017, December, Friday, 7:05 am, 40, Dry, N, Daylight, Rear End, Not Injured, N, N
US, 2, 0, 0, 2, 2017, December, Monday, 6:36 pm, 60, Dry, N, Night, Rear End, Minor Injury, N, N
US, 2, 0, 0, 1, 2017, December, Tuesday, 2:20 pm, 20, Dry, N, Daylight, Hit Pedestrian, Minor Injury, N, N
US, 2, 0, 0, 1, 2017, December, Tuesday, 9:58 am, 60, Wet, N, Daylight, Rear End, Minor Injury, N, N
US, 3, 0, 0, 0, 2017, December, Thursday, 5:29 pm, 60, Wet, N, Night, Rear End, Not Injured, N, N
US, 2, 0, 0, 0, 2017, December, Wednesday, 10:00 am, 20, Dry, N, Daylight, Hit Pedestrian, Minor Injury, Y, N
US, 2, 0, 0, 0, 2017, November, Friday, 12:32 am, 90, Dry, N, Night, Rear End, Not Injured, N, N
US, 2, 0, 0, 0, 2017, November, Saturday, 3:32 pm, 90, Dry, N, Daylight, Rear End, Not Injured, N, N
US, 2, 0, 0, 0, 2017, December, Thursday, 6:17 am, 70, Dry, N, Night, Right Angle, Not Injured, N, N
US, 2, 0, 0, 0, 2017, November, Monday, 4:43 pm, 90, Dry, N, Night, Rear End, Minor Injury, N, N
US, 2, 0, 0, 0, 2017, December, Saturday, 6:43 am, 90, Wet, Y, Night, Side Swipe, Not Injured, N, N
US, 3, 0, 0, 0, 2017, December, Monday, 10:45 am, 60, Wet, Y, Daylight, Head On, Not Injured, N, N
US, 2, 0, 0, 0, 2017, October, Friday, 10:16 pm, 90, Dry, N, Night, Rear End, Not Injured, Y, N
US, 2, 0, 0, 1, 2017, November, Sunday, 2:00 pm, 20, Dry, N, Daylight, Right Angle, Minor Injury, N, N
US, 2, 0, 0, 0, 2017, October, Monday, 8:58 am, 90, Wet, Y, Night, Rear End, Minor Injury, N, N
US, 2, 0, 0, 0, 2017, November, Friday, 5:58 pm, 90, Dry, N, Night, Rear End, Not Injured, N, N
US, 2, 0, 0, 0, 2017, November, Sunday, 7:03 pm, 40, Wet, Y, Night, Head On, Not Injured, Y, N
US, 2, 0, 0, 0, 2017, November, Saturday, 2:31 pm, 60, Dry, N, Daylight, Rear End, Minor Injury, N, N
US, 2, 0, 0, 0, 2017, December, Friday, 7:10 am, 90, Dry, N, Daylight, Rear End, Not Injured, N, N
US, 2, 0, 0, 0, 2017, August, Friday, 10:50 am, 60, Dry, N, Daylight, Right Angle, Not Injured, N, N
US, 2, 0, 0, 12, 2017, September, Thursday, 7:24 am, 60, Dry, N, Daylight, Rear End, Minor Injury, N, N
US, 2, 0, 0, 0, 2017, December, Thursday, 12:43 am, 20, Wet, Y, Night, Right Angle, Not Injured, Y, N
US, 3, 0, 0, 0, 2017, December, Tuesday, 6:01 pm, 90, Dry, N, Night, Rear End, Minor Injury, N, N
US, 2, 0, 0, 0, 2017, December, Tuesday, 4:51 pm, 30, Dry, N, Night, Rear End, Minor Injury, N, N
US, 2, 0, 0, 0, 2017, December, Tuesday, 9:59 am, 60, Dry, N, Daylight, Side Swipe, Not Injured, N, N
US, 2, 0, 0, 0, 2017, November, Tuesday, 10:47 am, 90, Dry, N, Daylight, Rear End, Not Injured, N, N
US, 3, 0, 0, 0, 2017, December, Tuesday, 4:00 pm, 40, Dry, Y, Night, Rear End, Minor Injury, N, N
US, 3, 0, 0, 0, 2017, November, Thursday, 5:49 pm, 90, Dry, N, Night, Rear End, Not Injured, N, N
US, 2, 0, 0, 0, 2017, December, Saturday, 12:25 am, 90, Wet, Y, Night, Rear End, Not Injured, N, N
US, 4, 0, 0, 0, 2017, December, Saturday, 3:05 am, 40, Dry, N, Night, Side Swipe, Not Injured, N, N
US, 2, 0, 0, 0, 2017, September, Tuesday, 7:06 am, 90, Dry, N, Daylight, Rear End, Not Injured, N, N
US, 2, 0, 0, 1, 2017, November, Thursday, 11:01 pm, 90, Dry, N, Night, Rear End, Minor Injury, Y, N
US, 2, 0, 0, 0, 2017, November, Monday, 6:28 pm, 90, Wet, N, Night, Rear End, Not Injured, N, N
US, 4, 0, 0, 0, 2017, November, Friday, 4:30 pm, 90, Dry, N, Night, Rear End, Minor Injury, N, N
US, 2, 0, 0, 0, 2017, November, Friday, 6:54 pm, 90, Dry, Y, Night, Rear End, Not Injured, N, N
US, 3, 0, 0, 0, 2017, November, Friday, 6:57 pm, 90, Dry, Y, Night, Right Angle, Not Injured, N, N
US, 3, 0, 0, 1, 2017, December, Saturday, 12:25 am, 90, Wet, Y, Night, Rear End, Minor Injury, N, N
US, 3, 0, 0, 0, 2017, December, Tuesday, 7:46 am, 90, Dry, N, Daylight, Rear End, Not Injured, N, N
US, 2, 0, 0, 0, 2017, December, Sunday, 3:22 am, 90, Dry, N, Night, Rear End, Not Injured, Y, N
US, 3, 0, 0, 0, 2017, December, Wednesday, 1:33 pm, 90, Dry, N, Daylight, Rear End, Not Injured, N, N
US, 2, 0, 0, 1, 2017, November, Thursday, 5:41 pm, 90, Dry, N, Night, Head On, Minor Injury, N, N
US, 3, 0, 0, 0, 2017, December, Saturday, 2:28 am, 90, Dry, N, Night, Side Swipe, Not Injured, Y, N
US, 5, 0, 0, 0, 2017, December, Tuesday, 5:28 pm, 90, Dry, N, Night, Rear End, Minor Injury, N, N
US, 2, 0, 0, 1, 2017, July, Sunday, 3:30 pm, 40, Dry, N, Daylight, Right Angle, Minor Injury, N, N